# OpenSignals Text File Format. Version 1
# {"0C:43:14:24:7F:C7": {"position": 0, "device": "bitalino_rev", "device name": "0C:43:14:24:7F:C7", "device connection": "BTH0C:43:14:24:7F:C7", "sampling rate": 1000, "resolution": [4, 1, 1, 1, 1, 10], "firmware version": 1282, "comments": "", "keywords": "", "mode": 0, "sync interval": 2, "date": "2026-9-11", "time": "12:17:23.301", "channels": [2], "sensor": ["ECGBIT"], "label": ["A2"], "column": ["nSeq", "I1", "I2", "O1", "O2", "A2"], "special": [{}], "digital IO": [0, 0, 1, 1]}}
# EndOfHeader
0	0	0	0	0	447	
1	0	0	0	0	449	
2	0	0	0	0	453	
3	0	0	0	0	456	
4	0	0	0	0	458	
5	0	0	0	0	460	
6	0	0	0	0	462	
7	0	0	0	0	465	
8	0	0	0	0	468	
9	0	0	0	0	472	
10	0	0	0	0	475	
11	0	0	0	0	476	
12	0	0	0	0	475	
13	0	0	0	0	475	
14	0	0	0	0	473	
15	0	0	0	0	471	
0	0	0	0	0	469	
1	0	0	0	0	467	
2	0	0	0	0	465	
3	0	0	0	0	465	
4	0	0	0	0	465	
5	0	0	0	0	465	
6	0	0	0	0	465	
7	0	0	0	0	468	
8	0	0	0	0	470	
9	0	0	0	0	471	
10	0	0	0	0	471	
11	0	0	0	0	472	
12	0	0	0	0	472	
13	0	0	0	0	472	
14	0	0	0	0	473	
15	0	0	0	0	473	
0	0	0	0	0	472	
1	0	0	0	0	473	
2	0	0	0	0	474	
3	0	0	0	0	475	
4	0	0	0	0	476	
5	0	0	0	0	476	
6	0	0	0	0	478	
7	0	0	0	0	481	
8	0	0	0	0	483	
9	0	0	0	0	483	
10	0	0	0	0	482	
11	0	0	0	0	480	
12	0	0	0	0	478	
13	0	0	0	0	479	
14	0	0	0	0	479	
15	0	0	0	0	477	
0	0	0	0	0	480	
1	0	0	0	0	480	
2	0	0	0	0	482	
3	0	0	0	0	485	
4	0	0	0	0	487	
5	0	0	0	0	487	
6	0	0	0	0	484	
7	0	0	0	0	483	
8	0	0	0	0	482	
9	0	0	0	0	483	
10	0	0	0	0	484	
11	0	0	0	0	487	
12	0	0	0	0	490	
13	0	0	0	0	494	
14	0	0	0	0	499	
15	0	0	0	0	502	
0	0	0	0	0	501	
1	0	0	0	0	500	
2	0	0	0	0	499	
3	0	0	0	0	498	
4	0	0	0	0	503	
5	0	0	0	0	507	
6	0	0	0	0	508	
7	0	0	0	0	510	
8	0	0	0	0	515	
9	0	0	0	0	512	
10	0	0	0	0	505	
11	0	0	0	0	504	
12	0	0	0	0	505	
13	0	0	0	0	506	
14	0	0	0	0	502	
15	0	0	0	0	499	
0	0	0	0	0	496	
1	0	0	0	0	493	
2	0	0	0	0	491	
3	0	0	0	0	491	
4	0	0	0	0	494	
5	0	0	0	0	498	
6	0	0	0	0	498	
7	0	0	0	0	500	
8	0	0	0	0	506	
9	0	0	0	0	504	
10	0	0	0	0	492	
11	0	0	0	0	478	
12	0	0	0	0	477	
13	0	0	0	0	473	
14	0	0	0	0	469	
15	0	0	0	0	470	
0	0	0	0	0	476	
1	0	0	0	0	481	
2	0	0	0	0	489	
3	0	0	0	0	501	
4	0	0	0	0	503	
5	0	0	0	0	502	
6	0	0	0	0	500	
7	0	0	0	0	500	
8	0	0	0	0	492	
9	0	0	0	0	495	
10	0	0	0	0	494	
11	0	0	0	0	503	
12	0	0	0	0	505	
13	0	0	0	0	503	
14	0	0	0	0	509	
15	0	0	0	0	517	
0	0	0	0	0	521	
1	0	0	0	0	522	
2	0	0	0	0	522	
3	0	0	0	0	514	
4	0	0	0	0	512	
5	0	0	0	0	504	
6	0	0	0	0	497	
7	0	0	0	0	499	
8	0	0	0	0	495	
9	0	0	0	0	495	
10	0	0	0	0	502	
11	0	0	0	0	503	
12	0	0	0	0	506	
13	0	0	0	0	508	
14	0	0	0	0	511	
15	0	0	0	0	518	
0	0	0	0	0	518	
1	0	0	0	0	516	
2	0	0	0	0	521	
3	0	0	0	0	520	
4	0	0	0	0	519	
5	0	0	0	0	517	
6	0	0	0	0	516	
7	0	0	0	0	516	
8	0	0	0	0	519	
9	0	0	0	0	521	
10	0	0	0	0	513	
11	0	0	0	0	500	
12	0	0	0	0	500	
13	0	0	0	0	499	
14	0	0	0	0	496	
15	0	0	0	0	492	
0	0	0	0	0	492	
1	0	0	0	0	497	
2	0	0	0	0	504	
3	0	0	0	0	501	
4	0	0	0	0	504	
5	0	0	0	0	510	
6	0	0	0	0	512	
7	0	0	0	0	515	
8	0	0	0	0	519	
9	0	0	0	0	522	
10	0	0	0	0	526	
11	0	0	0	0	524	
12	0	0	0	0	524	
13	0	0	0	0	519	
14	0	0	0	0	515	
15	0	0	0	0	508	
0	0	0	0	0	498	
1	0	0	0	0	496	
2	0	0	0	0	492	
3	0	0	0	0	485	
4	0	0	0	0	483	
5	0	0	0	0	484	
6	0	0	0	0	485	
7	0	0	0	0	490	
8	0	0	0	0	501	
9	0	0	0	0	502	
10	0	0	0	0	501	
11	0	0	0	0	502	
12	0	0	0	0	500	
13	0	0	0	0	499	
14	0	0	0	0	503	
15	0	0	0	0	507	
0	0	0	0	0	505	
1	0	0	0	0	502	
2	0	0	0	0	503	
3	0	0	0	0	502	
4	0	0	0	0	502	
5	0	0	0	0	501	
6	0	0	0	0	503	
7	0	0	0	0	504	
8	0	0	0	0	505	
9	0	0	0	0	513	
10	0	0	0	0	518	
11	0	0	0	0	512	
12	0	0	0	0	511	
13	0	0	0	0	513	
14	0	0	0	0	514	
15	0	0	0	0	511	
0	0	0	0	0	512	
1	0	0	0	0	511	
2	0	0	0	0	514	
3	0	0	0	0	515	
4	0	0	0	0	519	
5	0	0	0	0	517	
6	0	0	0	0	518	
7	0	0	0	0	514	
8	0	0	0	0	512	
9	0	0	0	0	511	
10	0	0	0	0	511	
11	0	0	0	0	515	
12	0	0	0	0	518	
13	0	0	0	0	516	
14	0	0	0	0	516	
15	0	0	0	0	517	
0	0	0	0	0	520	
1	0	0	0	0	520	
2	0	0	0	0	521	
3	0	0	0	0	521	
4	0	0	0	0	527	
5	0	0	0	0	526	
6	0	0	0	0	525	
7	0	0	0	0	524	
8	0	0	0	0	523	
9	0	0	0	0	525	
10	0	0	0	0	526	
11	0	0	0	0	525	
12	0	0	0	0	527	
13	0	0	0	0	529	
14	0	0	0	0	531	
15	0	0	0	0	531	
0	0	0	0	0	528	
1	0	0	0	0	525	
2	0	0	0	0	525	
3	0	0	0	0	526	
4	0	0	0	0	528	
5	0	0	0	0	530	
6	0	0	0	0	531	
7	0	0	0	0	532	
8	0	0	0	0	534	
9	0	0	0	0	532	
10	0	0	0	0	530	
11	0	0	0	0	529	
12	0	0	0	0	527	
13	0	0	0	0	527	
14	0	0	0	0	527	
15	0	0	0	0	528	
0	0	0	0	0	528	
1	0	0	0	0	528	
2	0	0	0	0	527	
3	0	0	0	0	526	
4	0	0	0	0	524	
5	0	0	0	0	523	
6	0	0	0	0	523	
7	0	0	0	0	523	
8	0	0	0	0	522	
9	0	0	0	0	521	
10	0	0	0	0	521	
11	0	0	0	0	521	
12	0	0	0	0	520	
13	0	0	0	0	519	
14	0	0	0	0	518	
15	0	0	0	0	517	
0	0	0	0	0	516	
1	0	0	0	0	515	
2	0	0	0	0	515	
3	0	0	0	0	515	
4	0	0	0	0	514	
5	0	0	0	0	514	
6	0	0	0	0	513	
7	0	0	0	0	513	
8	0	0	0	0	512	
9	0	0	0	0	512	
10	0	0	0	0	512	
11	0	0	0	0	511	
12	0	0	0	0	512	
13	0	0	0	0	512	
14	0	0	0	0	512	
15	0	0	0	0	513	
0	0	0	0	0	513	
1	0	0	0	0	512	
2	0	0	0	0	511	
3	0	0	0	0	510	
4	0	0	0	0	510	
5	0	0	0	0	511	
6	0	0	0	0	511	
7	0	0	0	0	512	
8	0	0	0	0	513	
9	0	0	0	0	514	
10	0	0	0	0	513	
11	0	0	0	0	514	
12	0	0	0	0	513	
13	0	0	0	0	512	
14	0	0	0	0	510	
15	0	0	0	0	510	
0	0	0	0	0	511	
1	0	0	0	0	511	
2	0	0	0	0	511	
3	0	0	0	0	511	
4	0	0	0	0	509	
5	0	0	0	0	508	
6	0	0	0	0	507	
7	0	0	0	0	507	
8	0	0	0	0	505	
9	0	0	0	0	505	
10	0	0	0	0	507	
11	0	0	0	0	507	
12	0	0	0	0	507	
13	0	0	0	0	507	
14	0	0	0	0	508	
15	0	0	0	0	510	
0	0	0	0	0	512	
1	0	0	0	0	516	
2	0	0	0	0	517	
3	0	0	0	0	517	
4	0	0	0	0	517	
5	0	0	0	0	518	
6	0	0	0	0	517	
7	0	0	0	0	516	
8	0	0	0	0	514	
9	0	0	0	0	512	
10	0	0	0	0	510	
11	0	0	0	0	509	
12	0	0	0	0	508	
13	0	0	0	0	509	
14	0	0	0	0	512	
15	0	0	0	0	513	
0	0	0	0	0	513	
1	0	0	0	0	513	
2	0	0	0	0	513	
3	0	0	0	0	515	
4	0	0	0	0	515	
5	0	0	0	0	514	
6	0	0	0	0	513	
7	0	0	0	0	513	
8	0	0	0	0	515	
9	0	0	0	0	515	
10	0	0	0	0	514	
11	0	0	0	0	515	
12	0	0	0	0	515	
13	0	0	0	0	516	
14	0	0	0	0	518	
15	0	0	0	0	519	
0	0	0	0	0	519	
1	0	0	0	0	519	
2	0	0	0	0	519	
3	0	0	0	0	519	
4	0	0	0	0	519	
5	0	0	0	0	520	
6	0	0	0	0	522	
7	0	0	0	0	523	
8	0	0	0	0	523	
9	0	0	0	0	523	
10	0	0	0	0	524	
11	0	0	0	0	524	
12	0	0	0	0	524	
13	0	0	0	0	522	
14	0	0	0	0	520	
15	0	0	0	0	521	
0	0	0	0	0	521	
1	0	0	0	0	520	
2	0	0	0	0	520	
3	0	0	0	0	520	
4	0	0	0	0	519	
5	0	0	0	0	518	
6	0	0	0	0	517	
7	0	0	0	0	517	
8	0	0	0	0	518	
9	0	0	0	0	519	
10	0	0	0	0	520	
11	0	0	0	0	520	
12	0	0	0	0	519	
13	0	0	0	0	518	
14	0	0	0	0	519	
15	0	0	0	0	519	
0	0	0	0	0	520	
1	0	0	0	0	519	
2	0	0	0	0	519	
3	0	0	0	0	520	
4	0	0	0	0	521	
5	0	0	0	0	521	
6	0	0	0	0	520	
7	0	0	0	0	521	
8	0	0	0	0	522	
9	0	0	0	0	524	
10	0	0	0	0	524	
11	0	0	0	0	524	
12	0	0	0	0	522	
13	0	0	0	0	522	
14	0	0	0	0	523	
15	0	0	0	0	524	
0	0	0	0	0	528	
1	0	0	0	0	531	
2	0	0	0	0	532	
3	0	0	0	0	531	
4	0	0	0	0	531	
5	0	0	0	0	529	
6	0	0	0	0	528	
7	0	0	0	0	530	
8	0	0	0	0	529	
9	0	0	0	0	529	
10	0	0	0	0	529	
11	0	0	0	0	527	
12	0	0	0	0	527	
13	0	0	0	0	526	
14	0	0	0	0	526	
15	0	0	0	0	525	
0	0	0	0	0	523	
1	0	0	0	0	524	
2	0	0	0	0	523	
3	0	0	0	0	523	
4	0	0	0	0	522	
5	0	0	0	0	524	
6	0	0	0	0	525	
7	0	0	0	0	526	
8	0	0	0	0	525	
9	0	0	0	0	525	
10	0	0	0	0	524	
11	0	0	0	0	523	
12	0	0	0	0	521	
13	0	0	0	0	521	
14	0	0	0	0	521	
15	0	0	0	0	520	
0	0	0	0	0	521	
1	0	0	0	0	523	
2	0	0	0	0	524	
3	0	0	0	0	525	
4	0	0	0	0	526	
5	0	0	0	0	526	
6	0	0	0	0	526	
7	0	0	0	0	524	
8	0	0	0	0	524	
9	0	0	0	0	522	
10	0	0	0	0	522	
11	0	0	0	0	523	
12	0	0	0	0	523	
13	0	0	0	0	521	
14	0	0	0	0	519	
15	0	0	0	0	519	
0	0	0	0	0	519	
1	0	0	0	0	520	
2	0	0	0	0	520	
3	0	0	0	0	520	
4	0	0	0	0	521	
5	0	0	0	0	521	
6	0	0	0	0	521	
7	0	0	0	0	521	
8	0	0	0	0	521	
9	0	0	0	0	520	
10	0	0	0	0	520	
11	0	0	0	0	520	
12	0	0	0	0	519	
13	0	0	0	0	518	
14	0	0	0	0	518	
15	0	0	0	0	517	
0	0	0	0	0	517	
1	0	0	0	0	517	
2	0	0	0	0	516	
3	0	0	0	0	516	
4	0	0	0	0	516	
5	0	0	0	0	517	
6	0	0	0	0	517	
7	0	0	0	0	518	
8	0	0	0	0	517	
9	0	0	0	0	517	
10	0	0	0	0	519	
11	0	0	0	0	519	
12	0	0	0	0	518	
13	0	0	0	0	517	
14	0	0	0	0	518	
15	0	0	0	0	519	
0	0	0	0	0	520	
1	0	0	0	0	519	
2	0	0	0	0	519	
3	0	0	0	0	518	
4	0	0	0	0	518	
5	0	0	0	0	518	
6	0	0	0	0	518	
7	0	0	0	0	519	
8	0	0	0	0	519	
9	0	0	0	0	521	
10	0	0	0	0	523	
11	0	0	0	0	524	
12	0	0	0	0	526	
13	0	0	0	0	526	
14	0	0	0	0	527	
15	0	0	0	0	527	
0	0	0	0	0	527	
1	0	0	0	0	526	
2	0	0	0	0	525	
3	0	0	0	0	525	
4	0	0	0	0	524	
5	0	0	0	0	524	
6	0	0	0	0	527	
7	0	0	0	0	528	
8	0	0	0	0	527	
9	0	0	0	0	526	
10	0	0	0	0	526	
11	0	0	0	0	526	
12	0	0	0	0	526	
13	0	0	0	0	528	
14	0	0	0	0	530	
15	0	0	0	0	531	
0	0	0	0	0	532	
1	0	0	0	0	531	
2	0	0	0	0	530	
3	0	0	0	0	528	
4	0	0	0	0	529	
5	0	0	0	0	530	
6	0	0	0	0	527	
7	0	0	0	0	527	
8	0	0	0	0	527	
9	0	0	0	0	527	
10	0	0	0	0	525	
11	0	0	0	0	522	
12	0	0	0	0	518	
13	0	0	0	0	515	
14	0	0	0	0	514	
15	0	0	0	0	514	
0	0	0	0	0	513	
1	0	0	0	0	510	
2	0	0	0	0	508	
3	0	0	0	0	508	
4	0	0	0	0	510	
5	0	0	0	0	514	
6	0	0	0	0	516	
7	0	0	0	0	519	
8	0	0	0	0	521	
9	0	0	0	0	523	
10	0	0	0	0	524	
11	0	0	0	0	526	
12	0	0	0	0	527	
13	0	0	0	0	527	
14	0	0	0	0	527	
15	0	0	0	0	528	
0	0	0	0	0	529	
1	0	0	0	0	529	
2	0	0	0	0	528	
3	0	0	0	0	528	
4	0	0	0	0	527	
5	0	0	0	0	527	
6	0	0	0	0	527	
7	0	0	0	0	527	
8	0	0	0	0	526	
9	0	0	0	0	525	
10	0	0	0	0	523	
11	0	0	0	0	520	
12	0	0	0	0	518	
13	0	0	0	0	516	
14	0	0	0	0	513	
15	0	0	0	0	511	
0	0	0	0	0	508	
1	0	0	0	0	505	
2	0	0	0	0	506	
3	0	0	0	0	506	
4	0	0	0	0	503	
5	0	0	0	0	501	
6	0	0	0	0	501	
7	0	0	0	0	501	
8	0	0	0	0	501	
9	0	0	0	0	500	
10	0	0	0	0	498	
11	0	0	0	0	499	
12	0	0	0	0	502	
13	0	0	0	0	505	
14	0	0	0	0	507	
15	0	0	0	0	508	
0	0	0	0	0	509	
1	0	0	0	0	509	
2	0	0	0	0	507	
3	0	0	0	0	506	
4	0	0	0	0	504	
5	0	0	0	0	503	
6	0	0	0	0	504	
7	0	0	0	0	506	
8	0	0	0	0	507	
9	0	0	0	0	506	
10	0	0	0	0	504	
11	0	0	0	0	502	
12	0	0	0	0	501	
13	0	0	0	0	500	
14	0	0	0	0	501	
15	0	0	0	0	501	
0	0	0	0	0	501	
1	0	0	0	0	503	
2	0	0	0	0	507	
3	0	0	0	0	510	
4	0	0	0	0	510	
5	0	0	0	0	511	
6	0	0	0	0	512	
7	0	0	0	0	510	
8	0	0	0	0	510	
9	0	0	0	0	510	
10	0	0	0	0	509	
11	0	0	0	0	509	
12	0	0	0	0	508	
13	0	0	0	0	507	
14	0	0	0	0	506	
15	0	0	0	0	505	
0	0	0	0	0	502	
1	0	0	0	0	501	
2	0	0	0	0	500	
3	0	0	0	0	501	
4	0	0	0	0	502	
5	0	0	0	0	502	
6	0	0	0	0	502	
7	0	0	0	0	500	
8	0	0	0	0	499	
9	0	0	0	0	498	
10	0	0	0	0	497	
11	0	0	0	0	499	
12	0	0	0	0	498	
13	0	0	0	0	498	
14	0	0	0	0	499	
15	0	0	0	0	501	
0	0	0	0	0	501	
1	0	0	0	0	501	
2	0	0	0	0	502	
3	0	0	0	0	502	
4	0	0	0	0	500	
5	0	0	0	0	501	
6	0	0	0	0	502	
7	0	0	0	0	504	
8	0	0	0	0	505	
9	0	0	0	0	504	
10	0	0	0	0	502	
11	0	0	0	0	499	
12	0	0	0	0	500	
13	0	0	0	0	501	
14	0	0	0	0	498	
15	0	0	0	0	496	
0	0	0	0	0	496	
1	0	0	0	0	498	
2	0	0	0	0	499	
3	0	0	0	0	502	
4	0	0	0	0	506	
5	0	0	0	0	510	
6	0	0	0	0	515	
7	0	0	0	0	522	
8	0	0	0	0	527	
9	0	0	0	0	534	
10	0	0	0	0	542	
11	0	0	0	0	550	
12	0	0	0	0	558	
13	0	0	0	0	567	
14	0	0	0	0	577	
15	0	0	0	0	590	
0	0	0	0	0	603	
1	0	0	0	0	618	
2	0	0	0	0	635	
3	0	0	0	0	654	
4	0	0	0	0	675	
5	0	0	0	0	695	
6	0	0	0	0	716	
7	0	0	0	0	736	
8	0	0	0	0	758	
9	0	0	0	0	780	
10	0	0	0	0	803	
11	0	0	0	0	826	
12	0	0	0	0	847	
13	0	0	0	0	866	
14	0	0	0	0	878	
15	0	0	0	0	885	
0	0	0	0	0	886	
1	0	0	0	0	882	
2	0	0	0	0	874	
3	0	0	0	0	863	
4	0	0	0	0	843	
5	0	0	0	0	817	
6	0	0	0	0	787	
7	0	0	0	0	755	
8	0	0	0	0	716	
9	0	0	0	0	676	
10	0	0	0	0	637	
11	0	0	0	0	599	
12	0	0	0	0	559	
13	0	0	0	0	520	
14	0	0	0	0	481	
15	0	0	0	0	444	
0	0	0	0	0	413	
1	0	0	0	0	394	
2	0	0	0	0	380	
3	0	0	0	0	371	
4	0	0	0	0	372	
5	0	0	0	0	375	
6	0	0	0	0	379	
7	0	0	0	0	386	
8	0	0	0	0	394	
9	0	0	0	0	401	
10	0	0	0	0	407	
11	0	0	0	0	414	
12	0	0	0	0	419	
13	0	0	0	0	422	
14	0	0	0	0	425	
15	0	0	0	0	428	
0	0	0	0	0	432	
1	0	0	0	0	435	
2	0	0	0	0	439	
3	0	0	0	0	442	
4	0	0	0	0	443	
5	0	0	0	0	444	
6	0	0	0	0	445	
7	0	0	0	0	447	
8	0	0	0	0	449	
9	0	0	0	0	449	
10	0	0	0	0	448	
11	0	0	0	0	448	
12	0	0	0	0	447	
13	0	0	0	0	448	
14	0	0	0	0	448	
15	0	0	0	0	447	
0	0	0	0	0	446	
1	0	0	0	0	447	
2	0	0	0	0	447	
3	0	0	0	0	449	
4	0	0	0	0	451	
5	0	0	0	0	450	
6	0	0	0	0	453	
7	0	0	0	0	455	
8	0	0	0	0	455	
9	0	0	0	0	456	
10	0	0	0	0	456	
11	0	0	0	0	456	
12	0	0	0	0	456	
13	0	0	0	0	458	
14	0	0	0	0	460	
15	0	0	0	0	463	
0	0	0	0	0	467	
1	0	0	0	0	471	
2	0	0	0	0	469	
3	0	0	0	0	466	
4	0	0	0	0	466	
5	0	0	0	0	468	
6	0	0	0	0	469	
7	0	0	0	0	469	
8	0	0	0	0	468	
9	0	0	0	0	468	
10	0	0	0	0	469	
11	0	0	0	0	472	
12	0	0	0	0	473	
13	0	0	0	0	473	
14	0	0	0	0	472	
15	0	0	0	0	473	
0	0	0	0	0	472	
1	0	0	0	0	472	
2	0	0	0	0	475	
3	0	0	0	0	473	
4	0	0	0	0	473	
5	0	0	0	0	477	
6	0	0	0	0	479	
7	0	0	0	0	479	
8	0	0	0	0	479	
9	0	0	0	0	479	
10	0	0	0	0	480	
11	0	0	0	0	480	
12	0	0	0	0	480	
13	0	0	0	0	479	
14	0	0	0	0	478	
15	0	0	0	0	478	
0	0	0	0	0	478	
1	0	0	0	0	478	
2	0	0	0	0	478	
3	0	0	0	0	479	
4	0	0	0	0	479	
5	0	0	0	0	479	
6	0	0	0	0	479	
7	0	0	0	0	479	
8	0	0	0	0	481	
9	0	0	0	0	483	
10	0	0	0	0	484	
11	0	0	0	0	484	
12	0	0	0	0	483	
13	0	0	0	0	482	
14	0	0	0	0	483	
15	0	0	0	0	485	
0	0	0	0	0	486	
1	0	0	0	0	486	
2	0	0	0	0	487	
3	0	0	0	0	491	
4	0	0	0	0	493	
5	0	0	0	0	492	
6	0	0	0	0	491	
7	0	0	0	0	490	
8	0	0	0	0	492	
9	0	0	0	0	492	
10	0	0	0	0	492	
11	0	0	0	0	492	
12	0	0	0	0	493	
13	0	0	0	0	495	
14	0	0	0	0	496	
15	0	0	0	0	498	
0	0	0	0	0	498	
1	0	0	0	0	498	
2	0	0	0	0	499	
3	0	0	0	0	500	
4	0	0	0	0	504	
5	0	0	0	0	508	
6	0	0	0	0	510	
7	0	0	0	0	512	
8	0	0	0	0	512	
9	0	0	0	0	511	
10	0	0	0	0	511	
11	0	0	0	0	511	
12	0	0	0	0	509	
13	0	0	0	0	508	
14	0	0	0	0	510	
15	0	0	0	0	511	
0	0	0	0	0	511	
1	0	0	0	0	510	
2	0	0	0	0	511	
3	0	0	0	0	515	
4	0	0	0	0	517	
5	0	0	0	0	517	
6	0	0	0	0	516	
7	0	0	0	0	517	
8	0	0	0	0	518	
9	0	0	0	0	516	
10	0	0	0	0	517	
11	0	0	0	0	518	
12	0	0	0	0	519	
13	0	0	0	0	522	
14	0	0	0	0	523	
15	0	0	0	0	522	
0	0	0	0	0	521	
1	0	0	0	0	521	
2	0	0	0	0	521	
3	0	0	0	0	522	
4	0	0	0	0	522	
5	0	0	0	0	521	
6	0	0	0	0	521	
7	0	0	0	0	524	
8	0	0	0	0	526	
9	0	0	0	0	527	
10	0	0	0	0	528	
11	0	0	0	0	530	
12	0	0	0	0	531	
13	0	0	0	0	530	
14	0	0	0	0	531	
15	0	0	0	0	532	
0	0	0	0	0	531	
1	0	0	0	0	528	
2	0	0	0	0	528	
3	0	0	0	0	527	
4	0	0	0	0	527	
5	0	0	0	0	530	
6	0	0	0	0	535	
7	0	0	0	0	537	
8	0	0	0	0	539	
9	0	0	0	0	540	
10	0	0	0	0	539	
11	0	0	0	0	539	
12	0	0	0	0	541	
13	0	0	0	0	543	
14	0	0	0	0	544	
15	0	0	0	0	544	
0	0	0	0	0	544	
1	0	0	0	0	546	
2	0	0	0	0	547	
3	0	0	0	0	545	
4	0	0	0	0	545	
5	0	0	0	0	547	
6	0	0	0	0	547	
7	0	0	0	0	547	
8	0	0	0	0	553	
9	0	0	0	0	555	
10	0	0	0	0	558	
11	0	0	0	0	556	
12	0	0	0	0	553	
13	0	0	0	0	551	
14	0	0	0	0	551	
15	0	0	0	0	553	
0	0	0	0	0	552	
1	0	0	0	0	553	
2	0	0	0	0	554	
3	0	0	0	0	556	
4	0	0	0	0	558	
5	0	0	0	0	561	
6	0	0	0	0	560	
7	0	0	0	0	561	
8	0	0	0	0	560	
9	0	0	0	0	561	
10	0	0	0	0	563	
11	0	0	0	0	566	
12	0	0	0	0	567	
13	0	0	0	0	568	
14	0	0	0	0	568	
15	0	0	0	0	568	
0	0	0	0	0	568	
1	0	0	0	0	571	
2	0	0	0	0	572	
3	0	0	0	0	573	
4	0	0	0	0	574	
5	0	0	0	0	575	
6	0	0	0	0	578	
7	0	0	0	0	579	
8	0	0	0	0	580	
9	0	0	0	0	579	
10	0	0	0	0	578	
11	0	0	0	0	577	
12	0	0	0	0	578	
13	0	0	0	0	580	
14	0	0	0	0	582	
15	0	0	0	0	582	
0	0	0	0	0	582	
1	0	0	0	0	584	
2	0	0	0	0	583	
3	0	0	0	0	580	
4	0	0	0	0	579	
5	0	0	0	0	578	
6	0	0	0	0	577	
7	0	0	0	0	579	
8	0	0	0	0	582	
9	0	0	0	0	584	
10	0	0	0	0	583	
11	0	0	0	0	580	
12	0	0	0	0	577	
13	0	0	0	0	575	
14	0	0	0	0	572	
15	0	0	0	0	568	
0	0	0	0	0	565	
1	0	0	0	0	564	
2	0	0	0	0	563	
3	0	0	0	0	560	
4	0	0	0	0	557	
5	0	0	0	0	553	
6	0	0	0	0	554	
7	0	0	0	0	553	
8	0	0	0	0	550	
9	0	0	0	0	548	
10	0	0	0	0	546	
11	0	0	0	0	544	
12	0	0	0	0	540	
13	0	0	0	0	538	
14	0	0	0	0	534	
15	0	0	0	0	533	
0	0	0	0	0	529	
1	0	0	0	0	527	
2	0	0	0	0	524	
3	0	0	0	0	522	
4	0	0	0	0	520	
5	0	0	0	0	520	
6	0	0	0	0	518	
7	0	0	0	0	515	
8	0	0	0	0	513	
9	0	0	0	0	510	
10	0	0	0	0	508	
11	0	0	0	0	506	
12	0	0	0	0	503	
13	0	0	0	0	500	
14	0	0	0	0	495	
15	0	0	0	0	490	
0	0	0	0	0	489	
1	0	0	0	0	487	
2	0	0	0	0	484	
3	0	0	0	0	480	
4	0	0	0	0	478	
5	0	0	0	0	473	
6	0	0	0	0	470	
7	0	0	0	0	467	
8	0	0	0	0	465	
9	0	0	0	0	464	
10	0	0	0	0	464	
11	0	0	0	0	462	
12	0	0	0	0	459	
13	0	0	0	0	457	
14	0	0	0	0	455	
15	0	0	0	0	456	
0	0	0	0	0	452	
1	0	0	0	0	450	
2	0	0	0	0	447	
3	0	0	0	0	442	
4	0	0	0	0	440	
5	0	0	0	0	440	
6	0	0	0	0	443	
7	0	0	0	0	444	
8	0	0	0	0	443	
9	0	0	0	0	441	
10	0	0	0	0	441	
11	0	0	0	0	444	
12	0	0	0	0	445	
13	0	0	0	0	444	
14	0	0	0	0	441	
15	0	0	0	0	438	
0	0	0	0	0	436	
1	0	0	0	0	435	
2	0	0	0	0	435	
3	0	0	0	0	434	
4	0	0	0	0	433	
5	0	0	0	0	433	
6	0	0	0	0	432	
7	0	0	0	0	432	
8	0	0	0	0	431	
9	0	0	0	0	432	
10	0	0	0	0	434	
11	0	0	0	0	436	
12	0	0	0	0	438	
13	0	0	0	0	437	
14	0	0	0	0	438	
15	0	0	0	0	438	
0	0	0	0	0	439	
1	0	0	0	0	441	
2	0	0	0	0	445	
3	0	0	0	0	446	
4	0	0	0	0	444	
5	0	0	0	0	443	
6	0	0	0	0	443	
7	0	0	0	0	443	
8	0	0	0	0	442	
9	0	0	0	0	442	
10	0	0	0	0	441	
11	0	0	0	0	442	
12	0	0	0	0	441	
13	0	0	0	0	443	
14	0	0	0	0	444	
15	0	0	0	0	444	
0	0	0	0	0	447	
1	0	0	0	0	448	
2	0	0	0	0	448	
3	0	0	0	0	450	
4	0	0	0	0	453	
5	0	0	0	0	456	
6	0	0	0	0	459	
7	0	0	0	0	461	
8	0	0	0	0	464	
9	0	0	0	0	465	
10	0	0	0	0	465	
11	0	0	0	0	466	
12	0	0	0	0	467	
13	0	0	0	0	467	
14	0	0	0	0	468	
15	0	0	0	0	469	
0	0	0	0	0	471	
1	0	0	0	0	471	
2	0	0	0	0	472	
3	0	0	0	0	476	
4	0	0	0	0	478	
5	0	0	0	0	478	
6	0	0	0	0	478	
7	0	0	0	0	476	
8	0	0	0	0	475	
9	0	0	0	0	477	
10	0	0	0	0	477	
11	0	0	0	0	478	
12	0	0	0	0	480	
13	0	0	0	0	482	
14	0	0	0	0	484	
15	0	0	0	0	483	
0	0	0	0	0	483	
1	0	0	0	0	486	
2	0	0	0	0	487	
3	0	0	0	0	489	
4	0	0	0	0	491	
5	0	0	0	0	493	
6	0	0	0	0	494	
7	0	0	0	0	493	
8	0	0	0	0	492	
9	0	0	0	0	491	
10	0	0	0	0	492	
11	0	0	0	0	493	
12	0	0	0	0	495	
13	0	0	0	0	495	
14	0	0	0	0	494	
15	0	0	0	0	492	
0	0	0	0	0	494	
1	0	0	0	0	497	
2	0	0	0	0	497	
3	0	0	0	0	497	
4	0	0	0	0	497	
5	0	0	0	0	497	
6	0	0	0	0	496	
7	0	0	0	0	497	
8	0	0	0	0	497	
9	0	0	0	0	497	
10	0	0	0	0	497	
11	0	0	0	0	494	
12	0	0	0	0	494	
13	0	0	0	0	495	
14	0	0	0	0	498	
15	0	0	0	0	499	
0	0	0	0	0	500	
1	0	0	0	0	501	
2	0	0	0	0	502	
3	0	0	0	0	502	
4	0	0	0	0	501	
5	0	0	0	0	499	
6	0	0	0	0	498	
7	0	0	0	0	498	
8	0	0	0	0	499	
9	0	0	0	0	500	
10	0	0	0	0	501	
11	0	0	0	0	504	
12	0	0	0	0	505	
13	0	0	0	0	506	
14	0	0	0	0	507	
15	0	0	0	0	508	
0	0	0	0	0	510	
1	0	0	0	0	510	
2	0	0	0	0	512	
3	0	0	0	0	514	
4	0	0	0	0	515	
5	0	0	0	0	516	
6	0	0	0	0	515	
7	0	0	0	0	513	
8	0	0	0	0	512	
9	0	0	0	0	512	
10	0	0	0	0	513	
11	0	0	0	0	514	
12	0	0	0	0	513	
13	0	0	0	0	511	
14	0	0	0	0	511	
15	0	0	0	0	512	
0	0	0	0	0	511	
1	0	0	0	0	514	
2	0	0	0	0	515	
3	0	0	0	0	514	
4	0	0	0	0	515	
5	0	0	0	0	515	
6	0	0	0	0	516	
7	0	0	0	0	515	
8	0	0	0	0	514	
9	0	0	0	0	514	
10	0	0	0	0	514	
11	0	0	0	0	514	
12	0	0	0	0	513	
13	0	0	0	0	514	
14	0	0	0	0	518	
15	0	0	0	0	518	
0	0	0	0	0	520	
1	0	0	0	0	521	
2	0	0	0	0	522	
3	0	0	0	0	520	
4	0	0	0	0	521	
5	0	0	0	0	524	
6	0	0	0	0	525	
7	0	0	0	0	524	
8	0	0	0	0	522	
9	0	0	0	0	519	
10	0	0	0	0	520	
11	0	0	0	0	521	
12	0	0	0	0	516	
13	0	0	0	0	514	
14	0	0	0	0	512	
15	0	0	0	0	510	
0	0	0	0	0	509	
1	0	0	0	0	509	
2	0	0	0	0	512	
3	0	0	0	0	513	
4	0	0	0	0	513	
5	0	0	0	0	513	
6	0	0	0	0	513	
7	0	0	0	0	513	
8	0	0	0	0	511	
9	0	0	0	0	511	
10	0	0	0	0	513	
11	0	0	0	0	513	
12	0	0	0	0	514	
13	0	0	0	0	514	
14	0	0	0	0	514	
15	0	0	0	0	513	
0	0	0	0	0	512	
1	0	0	0	0	512	
2	0	0	0	0	511	
3	0	0	0	0	510	
4	0	0	0	0	511	
5	0	0	0	0	513	
6	0	0	0	0	514	
7	0	0	0	0	513	
8	0	0	0	0	510	
9	0	0	0	0	510	
10	0	0	0	0	509	
11	0	0	0	0	510	
12	0	0	0	0	512	
13	0	0	0	0	512	
14	0	0	0	0	512	
15	0	0	0	0	512	
0	0	0	0	0	514	
1	0	0	0	0	516	
2	0	0	0	0	518	
3	0	0	0	0	519	
4	0	0	0	0	517	
5	0	0	0	0	515	
6	0	0	0	0	514	
7	0	0	0	0	513	
8	0	0	0	0	511	
9	0	0	0	0	510	
10	0	0	0	0	508	
11	0	0	0	0	508	
12	0	0	0	0	507	
13	0	0	0	0	507	
14	0	0	0	0	505	
15	0	0	0	0	504	
0	0	0	0	0	502	
1	0	0	0	0	503	
2	0	0	0	0	502	
3	0	0	0	0	499	
4	0	0	0	0	500	
5	0	0	0	0	500	
6	0	0	0	0	501	
7	0	0	0	0	504	
8	0	0	0	0	506	
9	0	0	0	0	508	
10	0	0	0	0	508	
11	0	0	0	0	508	
12	0	0	0	0	510	
13	0	0	0	0	512	
14	0	0	0	0	515	
15	0	0	0	0	516	
0	0	0	0	0	516	
1	0	0	0	0	517	
2	0	0	0	0	516	
3	0	0	0	0	515	
4	0	0	0	0	514	
5	0	0	0	0	514	
6	0	0	0	0	515	
7	0	0	0	0	515	
8	0	0	0	0	514	
9	0	0	0	0	512	
10	0	0	0	0	511	
11	0	0	0	0	509	
12	0	0	0	0	508	
13	0	0	0	0	508	
14	0	0	0	0	509	
15	0	0	0	0	508	
0	0	0	0	0	507	
1	0	0	0	0	507	
2	0	0	0	0	505	
3	0	0	0	0	506	
4	0	0	0	0	506	
5	0	0	0	0	506	
6	0	0	0	0	507	
7	0	0	0	0	508	
8	0	0	0	0	507	
9	0	0	0	0	506	
10	0	0	0	0	507	
11	0	0	0	0	510	
12	0	0	0	0	511	
13	0	0	0	0	510	
14	0	0	0	0	511	
15	0	0	0	0	510	
0	0	0	0	0	512	
1	0	0	0	0	511	
2	0	0	0	0	513	
3	0	0	0	0	514	
4	0	0	0	0	514	
5	0	0	0	0	513	
6	0	0	0	0	513	
7	0	0	0	0	514	
8	0	0	0	0	515	
9	0	0	0	0	518	
10	0	0	0	0	517	
11	0	0	0	0	516	
12	0	0	0	0	513	
13	0	0	0	0	514	
14	0	0	0	0	515	
15	0	0	0	0	517	
0	0	0	0	0	519	
1	0	0	0	0	518	
2	0	0	0	0	515	
3	0	0	0	0	514	
4	0	0	0	0	516	
5	0	0	0	0	516	
6	0	0	0	0	514	
7	0	0	0	0	514	
8	0	0	0	0	517	
9	0	0	0	0	518	
10	0	0	0	0	517	
11	0	0	0	0	519	
12	0	0	0	0	518	
13	0	0	0	0	519	
14	0	0	0	0	520	
15	0	0	0	0	522	
0	0	0	0	0	521	
1	0	0	0	0	519	
2	0	0	0	0	518	
3	0	0	0	0	517	
4	0	0	0	0	515	
5	0	0	0	0	514	
6	0	0	0	0	515	
7	0	0	0	0	517	
8	0	0	0	0	519	
9	0	0	0	0	519	
10	0	0	0	0	520	
11	0	0	0	0	520	
12	0	0	0	0	521	
13	0	0	0	0	520	
14	0	0	0	0	519	
15	0	0	0	0	519	
0	0	0	0	0	520	
1	0	0	0	0	520	
2	0	0	0	0	520	
3	0	0	0	0	519	
4	0	0	0	0	520	
5	0	0	0	0	520	
6	0	0	0	0	519	
7	0	0	0	0	517	
8	0	0	0	0	517	
9	0	0	0	0	521	
10	0	0	0	0	522	
11	0	0	0	0	524	
12	0	0	0	0	524	
13	0	0	0	0	524	
14	0	0	0	0	522	
15	0	0	0	0	521	
0	0	0	0	0	524	
1	0	0	0	0	526	
2	0	0	0	0	525	
3	0	0	0	0	525	
4	0	0	0	0	527	
5	0	0	0	0	527	
6	0	0	0	0	527	
7	0	0	0	0	531	
8	0	0	0	0	532	
9	0	0	0	0	532	
10	0	0	0	0	532	
11	0	0	0	0	528	
12	0	0	0	0	527	
13	0	0	0	0	524	
14	0	0	0	0	518	
15	0	0	0	0	513	
0	0	0	0	0	512	
1	0	0	0	0	512	
2	0	0	0	0	511	
3	0	0	0	0	509	
4	0	0	0	0	509	
5	0	0	0	0	508	
6	0	0	0	0	510	
7	0	0	0	0	510	
8	0	0	0	0	513	
9	0	0	0	0	515	
10	0	0	0	0	518	
11	0	0	0	0	523	
12	0	0	0	0	524	
13	0	0	0	0	524	
14	0	0	0	0	525	
15	0	0	0	0	524	
0	0	0	0	0	521	
1	0	0	0	0	521	
2	0	0	0	0	520	
3	0	0	0	0	519	
4	0	0	0	0	519	
5	0	0	0	0	520	
6	0	0	0	0	522	
7	0	0	0	0	523	
8	0	0	0	0	524	
9	0	0	0	0	523	
10	0	0	0	0	523	
11	0	0	0	0	525	
12	0	0	0	0	525	
13	0	0	0	0	526	
14	0	0	0	0	524	
15	0	0	0	0	522	
0	0	0	0	0	522	
1	0	0	0	0	524	
2	0	0	0	0	524	
3	0	0	0	0	526	
4	0	0	0	0	526	
5	0	0	0	0	527	
6	0	0	0	0	527	
7	0	0	0	0	527	
8	0	0	0	0	527	
9	0	0	0	0	529	
10	0	0	0	0	529	
11	0	0	0	0	530	
12	0	0	0	0	531	
13	0	0	0	0	534	
14	0	0	0	0	535	
15	0	0	0	0	536	
0	0	0	0	0	536	
1	0	0	0	0	534	
2	0	0	0	0	531	
3	0	0	0	0	530	
4	0	0	0	0	528	
5	0	0	0	0	526	
6	0	0	0	0	526	
7	0	0	0	0	527	
8	0	0	0	0	523	
9	0	0	0	0	520	
10	0	0	0	0	519	
11	0	0	0	0	519	
12	0	0	0	0	518	
13	0	0	0	0	519	
14	0	0	0	0	519	
15	0	0	0	0	520	
0	0	0	0	0	523	
1	0	0	0	0	522	
2	0	0	0	0	522	
3	0	0	0	0	521	
4	0	0	0	0	521	
5	0	0	0	0	521	
6	0	0	0	0	519	
7	0	0	0	0	521	
8	0	0	0	0	519	
9	0	0	0	0	518	
10	0	0	0	0	520	
11	0	0	0	0	521	
12	0	0	0	0	525	
13	0	0	0	0	527	
14	0	0	0	0	527	
15	0	0	0	0	527	
0	0	0	0	0	526	
1	0	0	0	0	525	
2	0	0	0	0	523	
3	0	0	0	0	522	
4	0	0	0	0	523	
5	0	0	0	0	522	
6	0	0	0	0	520	
7	0	0	0	0	519	
8	0	0	0	0	521	
9	0	0	0	0	521	
10	0	0	0	0	522	
11	0	0	0	0	520	
12	0	0	0	0	516	
13	0	0	0	0	516	
14	0	0	0	0	517	
15	0	0	0	0	517	
0	0	0	0	0	519	
1	0	0	0	0	521	
2	0	0	0	0	521	
3	0	0	0	0	521	
4	0	0	0	0	517	
5	0	0	0	0	516	
6	0	0	0	0	518	
7	0	0	0	0	518	
8	0	0	0	0	521	
9	0	0	0	0	524	
10	0	0	0	0	527	
11	0	0	0	0	529	
12	0	0	0	0	531	
13	0	0	0	0	533	
14	0	0	0	0	538	
15	0	0	0	0	542	
0	0	0	0	0	542	
1	0	0	0	0	541	
2	0	0	0	0	541	
3	0	0	0	0	542	
4	0	0	0	0	540	
5	0	0	0	0	536	
6	0	0	0	0	532	
7	0	0	0	0	530	
8	0	0	0	0	527	
9	0	0	0	0	525	
10	0	0	0	0	522	
11	0	0	0	0	519	
12	0	0	0	0	517	
13	0	0	0	0	516	
14	0	0	0	0	518	
15	0	0	0	0	517	
0	0	0	0	0	517	
1	0	0	0	0	519	
2	0	0	0	0	519	
3	0	0	0	0	520	
4	0	0	0	0	520	
5	0	0	0	0	517	
6	0	0	0	0	517	
7	0	0	0	0	517	
8	0	0	0	0	517	
9	0	0	0	0	518	
10	0	0	0	0	520	
11	0	0	0	0	520	
12	0	0	0	0	519	
13	0	0	0	0	522	
14	0	0	0	0	525	
15	0	0	0	0	525	
0	0	0	0	0	524	
1	0	0	0	0	521	
2	0	0	0	0	520	
3	0	0	0	0	518	
4	0	0	0	0	519	
5	0	0	0	0	519	
6	0	0	0	0	518	
7	0	0	0	0	518	
8	0	0	0	0	514	
9	0	0	0	0	513	
10	0	0	0	0	515	
11	0	0	0	0	517	
12	0	0	0	0	518	
13	0	0	0	0	519	
14	0	0	0	0	521	
15	0	0	0	0	522	
0	0	0	0	0	519	
1	0	0	0	0	522	
2	0	0	0	0	520	
3	0	0	0	0	517	
4	0	0	0	0	511	
5	0	0	0	0	507	
6	0	0	0	0	504	
7	0	0	0	0	505	
8	0	0	0	0	504	
9	0	0	0	0	504	
10	0	0	0	0	505	
11	0	0	0	0	504	
12	0	0	0	0	504	
13	0	0	0	0	502	
14	0	0	0	0	503	
15	0	0	0	0	500	
0	0	0	0	0	500	
1	0	0	0	0	498	
2	0	0	0	0	499	
3	0	0	0	0	502	
4	0	0	0	0	505	
5	0	0	0	0	512	
6	0	0	0	0	517	
7	0	0	0	0	520	
8	0	0	0	0	524	
9	0	0	0	0	529	
10	0	0	0	0	532	
11	0	0	0	0	536	
12	0	0	0	0	545	
13	0	0	0	0	551	
14	0	0	0	0	560	
15	0	0	0	0	574	
0	0	0	0	0	587	
1	0	0	0	0	603	
2	0	0	0	0	620	
3	0	0	0	0	640	
4	0	0	0	0	659	
5	0	0	0	0	678	
6	0	0	0	0	696	
7	0	0	0	0	715	
8	0	0	0	0	733	
9	0	0	0	0	750	
10	0	0	0	0	765	
11	0	0	0	0	782	
12	0	0	0	0	799	
13	0	0	0	0	813	
14	0	0	0	0	825	
15	0	0	0	0	831	
0	0	0	0	0	833	
1	0	0	0	0	828	
2	0	0	0	0	822	
3	0	0	0	0	812	
4	0	0	0	0	792	
5	0	0	0	0	768	
6	0	0	0	0	740	
7	0	0	0	0	713	
8	0	0	0	0	683	
9	0	0	0	0	652	
10	0	0	0	0	619	
11	0	0	0	0	576	
12	0	0	0	0	534	
13	0	0	0	0	499	
14	0	0	0	0	468	
15	0	0	0	0	445	
0	0	0	0	0	428	
1	0	0	0	0	416	
2	0	0	0	0	408	
3	0	0	0	0	404	
4	0	0	0	0	403	
5	0	0	0	0	404	
6	0	0	0	0	408	
7	0	0	0	0	413	
8	0	0	0	0	417	
9	0	0	0	0	421	
10	0	0	0	0	424	
11	0	0	0	0	433	
12	0	0	0	0	441	
13	0	0	0	0	445	
14	0	0	0	0	448	
15	0	0	0	0	451	
0	0	0	0	0	455	
1	0	0	0	0	459	
2	0	0	0	0	463	
3	0	0	0	0	464	
4	0	0	0	0	464	
5	0	0	0	0	465	
6	0	0	0	0	467	
7	0	0	0	0	472	
8	0	0	0	0	475	
9	0	0	0	0	475	
10	0	0	0	0	475	
11	0	0	0	0	476	
12	0	0	0	0	477	
13	0	0	0	0	477	
14	0	0	0	0	477	
15	0	0	0	0	476	
0	0	0	0	0	477	
1	0	0	0	0	479	
2	0	0	0	0	477	
3	0	0	0	0	475	
4	0	0	0	0	473	
5	0	0	0	0	472	
6	0	0	0	0	470	
7	0	0	0	0	467	
8	0	0	0	0	466	
9	0	0	0	0	467	
10	0	0	0	0	464	
11	0	0	0	0	464	
12	0	0	0	0	465	
13	0	0	0	0	465	
14	0	0	0	0	466	
15	0	0	0	0	466	
0	0	0	0	0	468	
1	0	0	0	0	467	
2	0	0	0	0	468	
3	0	0	0	0	472	
4	0	0	0	0	474	
5	0	0	0	0	473	
6	0	0	0	0	473	
7	0	0	0	0	477	
8	0	0	0	0	479	
9	0	0	0	0	479	
10	0	0	0	0	481	
11	0	0	0	0	484	
12	0	0	0	0	486	
13	0	0	0	0	482	
14	0	0	0	0	482	
15	0	0	0	0	483	
0	0	0	0	0	485	
1	0	0	0	0	487	
2	0	0	0	0	486	
3	0	0	0	0	487	
4	0	0	0	0	490	
5	0	0	0	0	494	
6	0	0	0	0	494	
7	0	0	0	0	492	
8	0	0	0	0	491	
9	0	0	0	0	488	
10	0	0	0	0	484	
11	0	0	0	0	481	
12	0	0	0	0	478	
13	0	0	0	0	476	
14	0	0	0	0	477	
15	0	0	0	0	474	
0	0	0	0	0	476	
1	0	0	0	0	477	
2	0	0	0	0	476	
3	0	0	0	0	478	
4	0	0	0	0	481	
5	0	0	0	0	486	
6	0	0	0	0	489	
7	0	0	0	0	492	
8	0	0	0	0	493	
9	0	0	0	0	494	
10	0	0	0	0	495	
11	0	0	0	0	498	
12	0	0	0	0	497	
13	0	0	0	0	494	
14	0	0	0	0	494	
15	0	0	0	0	494	
0	0	0	0	0	494	
1	0	0	0	0	496	
2	0	0	0	0	497	
3	0	0	0	0	496	
4	0	0	0	0	498	
5	0	0	0	0	500	
6	0	0	0	0	501	
7	0	0	0	0	503	
8	0	0	0	0	506	
9	0	0	0	0	508	
10	0	0	0	0	509	
11	0	0	0	0	512	
12	0	0	0	0	513	
13	0	0	0	0	511	
14	0	0	0	0	509	
15	0	0	0	0	510	
0	0	0	0	0	510	
1	0	0	0	0	509	
2	0	0	0	0	509	
3	0	0	0	0	510	
4	0	0	0	0	510	
5	0	0	0	0	510	
6	0	0	0	0	512	
7	0	0	0	0	513	
8	0	0	0	0	512	
9	0	0	0	0	512	
10	0	0	0	0	512	
11	0	0	0	0	504	
12	0	0	0	0	494	
13	0	0	0	0	485	
14	0	0	0	0	473	
15	0	0	0	0	462	
0	0	0	0	0	456	
1	0	0	0	0	451	
2	0	0	0	0	444	
3	0	0	0	0	439	
4	0	0	0	0	437	
5	0	0	0	0	435	
6	0	0	0	0	433	
7	0	0	0	0	433	
8	0	0	0	0	433	
9	0	0	0	0	434	
10	0	0	0	0	434	
11	0	0	0	0	437	
12	0	0	0	0	434	
13	0	0	0	0	433	
14	0	0	0	0	433	
15	0	0	0	0	432	
0	0	0	0	0	431	
1	0	0	0	0	432	
2	0	0	0	0	431	
3	0	0	0	0	433	
4	0	0	0	0	435	
5	0	0	0	0	437	
6	0	0	0	0	441	
7	0	0	0	0	446	
8	0	0	0	0	449	
9	0	0	0	0	453	
10	0	0	0	0	456	
11	0	0	0	0	459	
12	0	0	0	0	461	
13	0	0	0	0	463	
14	0	0	0	0	463	
15	0	0	0	0	461	
0	0	0	0	0	460	
1	0	0	0	0	459	
2	0	0	0	0	459	
3	0	0	0	0	460	
4	0	0	0	0	460	
5	0	0	0	0	461	
6	0	0	0	0	464	
7	0	0	0	0	468	
8	0	0	0	0	472	
9	0	0	0	0	475	
10	0	0	0	0	475	
11	0	0	0	0	479	
12	0	0	0	0	480	
13	0	0	0	0	478	
14	0	0	0	0	480	
15	0	0	0	0	485	
0	0	0	0	0	485	
1	0	0	0	0	488	
2	0	0	0	0	489	
3	0	0	0	0	490	
4	0	0	0	0	493	
5	0	0	0	0	496	
6	0	0	0	0	500	
7	0	0	0	0	503	
8	0	0	0	0	506	
9	0	0	0	0	509	
10	0	0	0	0	513	
11	0	0	0	0	516	
12	0	0	0	0	516	
13	0	0	0	0	515	
14	0	0	0	0	513	
15	0	0	0	0	514	
0	0	0	0	0	516	
1	0	0	0	0	519	
2	0	0	0	0	519	
3	0	0	0	0	520	
4	0	0	0	0	523	
5	0	0	0	0	525	
6	0	0	0	0	528	
7	0	0	0	0	530	
8	0	0	0	0	531	
9	0	0	0	0	533	
10	0	0	0	0	534	
11	0	0	0	0	535	
12	0	0	0	0	536	
13	0	0	0	0	535	
14	0	0	0	0	536	
15	0	0	0	0	536	
0	0	0	0	0	537	
1	0	0	0	0	537	
2	0	0	0	0	540	
3	0	0	0	0	542	
4	0	0	0	0	544	
5	0	0	0	0	543	
6	0	0	0	0	543	
7	0	0	0	0	546	
8	0	0	0	0	547	
9	0	0	0	0	548	
10	0	0	0	0	549	
11	0	0	0	0	550	
12	0	0	0	0	551	
13	0	0	0	0	550	
14	0	0	0	0	551	
15	0	0	0	0	552	
0	0	0	0	0	554	
1	0	0	0	0	555	
2	0	0	0	0	554	
3	0	0	0	0	555	
4	0	0	0	0	552	
5	0	0	0	0	551	
6	0	0	0	0	551	
7	0	0	0	0	551	
8	0	0	0	0	549	
9	0	0	0	0	546	
10	0	0	0	0	545	
11	0	0	0	0	545	
12	0	0	0	0	544	
13	0	0	0	0	543	
14	0	0	0	0	542	
15	0	0	0	0	542	
0	0	0	0	0	540	
1	0	0	0	0	537	
2	0	0	0	0	536	
3	0	0	0	0	535	
4	0	0	0	0	534	
5	0	0	0	0	532	
6	0	0	0	0	532	
7	0	0	0	0	529	
8	0	0	0	0	526	
9	0	0	0	0	526	
10	0	0	0	0	524	
11	0	0	0	0	521	
12	0	0	0	0	519	
13	0	0	0	0	517	
14	0	0	0	0	516	
15	0	0	0	0	514	
0	0	0	0	0	511	
1	0	0	0	0	510	
2	0	0	0	0	506	
3	0	0	0	0	501	
4	0	0	0	0	495	
5	0	0	0	0	494	
6	0	0	0	0	492	
7	0	0	0	0	487	
8	0	0	0	0	486	
9	0	0	0	0	484	
10	0	0	0	0	482	
11	0	0	0	0	482	
12	0	0	0	0	480	
13	0	0	0	0	475	
14	0	0	0	0	473	
15	0	0	0	0	472	
0	0	0	0	0	468	
1	0	0	0	0	465	
2	0	0	0	0	463	
3	0	0	0	0	463	
4	0	0	0	0	461	
5	0	0	0	0	460	
6	0	0	0	0	457	
7	0	0	0	0	454	
8	0	0	0	0	454	
9	0	0	0	0	453	
10	0	0	0	0	451	
11	0	0	0	0	453	
12	0	0	0	0	454	
13	0	0	0	0	452	
14	0	0	0	0	452	
15	0	0	0	0	451	
0	0	0	0	0	449	
1	0	0	0	0	449	
2	0	0	0	0	450	
3	0	0	0	0	449	
4	0	0	0	0	449	
5	0	0	0	0	451	
6	0	0	0	0	450	
7	0	0	0	0	449	
8	0	0	0	0	449	
9	0	0	0	0	448	
10	0	0	0	0	448	
11	0	0	0	0	448	
12	0	0	0	0	448	
13	0	0	0	0	450	
14	0	0	0	0	451	
15	0	0	0	0	451	
0	0	0	0	0	451	
1	0	0	0	0	448	
2	0	0	0	0	446	
3	0	0	0	0	446	
4	0	0	0	0	447	
5	0	0	0	0	448	
6	0	0	0	0	446	
7	0	0	0	0	446	
8	0	0	0	0	445	
9	0	0	0	0	445	
10	0	0	0	0	446	
11	0	0	0	0	447	
12	0	0	0	0	449	
13	0	0	0	0	450	
14	0	0	0	0	451	
15	0	0	0	0	450	
0	0	0	0	0	453	
1	0	0	0	0	454	
2	0	0	0	0	452	
3	0	0	0	0	453	
4	0	0	0	0	452	
5	0	0	0	0	450	
6	0	0	0	0	450	
7	0	0	0	0	452	
8	0	0	0	0	451	
9	0	0	0	0	451	
10	0	0	0	0	453	
11	0	0	0	0	455	
12	0	0	0	0	455	
13	0	0	0	0	455	
14	0	0	0	0	455	
15	0	0	0	0	457	
0	0	0	0	0	460	
1	0	0	0	0	462	
2	0	0	0	0	463	
3	0	0	0	0	465	
4	0	0	0	0	466	
5	0	0	0	0	466	
6	0	0	0	0	465	
7	0	0	0	0	464	
8	0	0	0	0	466	
9	0	0	0	0	468	
10	0	0	0	0	468	
11	0	0	0	0	470	
12	0	0	0	0	471	
13	0	0	0	0	472	
14	0	0	0	0	474	
15	0	0	0	0	475	
0	0	0	0	0	477	
1	0	0	0	0	479	
2	0	0	0	0	481	
3	0	0	0	0	480	
4	0	0	0	0	481	
5	0	0	0	0	483	
6	0	0	0	0	483	
7	0	0	0	0	480	
8	0	0	0	0	479	
9	0	0	0	0	478	
10	0	0	0	0	477	
11	0	0	0	0	478	
12	0	0	0	0	480	
13	0	0	0	0	480	
14	0	0	0	0	481	
15	0	0	0	0	484	
0	0	0	0	0	486	
1	0	0	0	0	489	
2	0	0	0	0	490	
3	0	0	0	0	491	
4	0	0	0	0	491	
5	0	0	0	0	492	
6	0	0	0	0	493	
7	0	0	0	0	492	
8	0	0	0	0	491	
9	0	0	0	0	492	
10	0	0	0	0	491	
11	0	0	0	0	488	
12	0	0	0	0	487	
13	0	0	0	0	487	
14	0	0	0	0	487	
15	0	0	0	0	489	
0	0	0	0	0	491	
1	0	0	0	0	493	
2	0	0	0	0	493	
3	0	0	0	0	496	
4	0	0	0	0	496	
5	0	0	0	0	498	
6	0	0	0	0	501	
7	0	0	0	0	501	
8	0	0	0	0	501	
9	0	0	0	0	500	
10	0	0	0	0	500	
11	0	0	0	0	500	
12	0	0	0	0	499	
13	0	0	0	0	500	
14	0	0	0	0	500	
15	0	0	0	0	502	
0	0	0	0	0	504	
1	0	0	0	0	505	
2	0	0	0	0	505	
3	0	0	0	0	505	
4	0	0	0	0	507	
5	0	0	0	0	509	
6	0	0	0	0	510	
7	0	0	0	0	511	
8	0	0	0	0	511	
9	0	0	0	0	511	
10	0	0	0	0	510	
11	0	0	0	0	510	
12	0	0	0	0	508	
13	0	0	0	0	507	
14	0	0	0	0	506	
15	0	0	0	0	507	
0	0	0	0	0	508	
1	0	0	0	0	510	
2	0	0	0	0	510	
3	0	0	0	0	511	
4	0	0	0	0	512	
5	0	0	0	0	513	
6	0	0	0	0	513	
7	0	0	0	0	513	
8	0	0	0	0	513	
9	0	0	0	0	514	
10	0	0	0	0	512	
11	0	0	0	0	514	
12	0	0	0	0	514	
13	0	0	0	0	513	
14	0	0	0	0	513	
15	0	0	0	0	513	
0	0	0	0	0	514	
1	0	0	0	0	514	
2	0	0	0	0	515	
3	0	0	0	0	516	
4	0	0	0	0	517	
5	0	0	0	0	518	
6	0	0	0	0	517	
7	0	0	0	0	516	
8	0	0	0	0	515	
9	0	0	0	0	513	
10	0	0	0	0	512	
11	0	0	0	0	511	
12	0	0	0	0	511	
13	0	0	0	0	511	
14	0	0	0	0	511	
15	0	0	0	0	512	
0	0	0	0	0	512	
1	0	0	0	0	513	
2	0	0	0	0	513	
3	0	0	0	0	514	
4	0	0	0	0	514	
5	0	0	0	0	515	
6	0	0	0	0	512	
7	0	0	0	0	511	
8	0	0	0	0	511	
9	0	0	0	0	512	
10	0	0	0	0	511	
11	0	0	0	0	510	
12	0	0	0	0	510	
13	0	0	0	0	511	
14	0	0	0	0	512	
15	0	0	0	0	511	
0	0	0	0	0	510	
1	0	0	0	0	510	
2	0	0	0	0	510	
3	0	0	0	0	511	
4	0	0	0	0	511	
5	0	0	0	0	511	
6	0	0	0	0	511	
7	0	0	0	0	511	
8	0	0	0	0	512	
9	0	0	0	0	512	
10	0	0	0	0	511	
11	0	0	0	0	510	
12	0	0	0	0	508	
13	0	0	0	0	506	
14	0	0	0	0	506	
15	0	0	0	0	505	
0	0	0	0	0	504	
1	0	0	0	0	505	
2	0	0	0	0	506	
3	0	0	0	0	505	
4	0	0	0	0	505	
5	0	0	0	0	506	
6	0	0	0	0	507	
7	0	0	0	0	507	
8	0	0	0	0	506	
9	0	0	0	0	505	
10	0	0	0	0	505	
11	0	0	0	0	507	
12	0	0	0	0	508	
13	0	0	0	0	508	
14	0	0	0	0	509	
15	0	0	0	0	508	
0	0	0	0	0	507	
1	0	0	0	0	507	
2	0	0	0	0	506	
3	0	0	0	0	506	
4	0	0	0	0	506	
5	0	0	0	0	505	
6	0	0	0	0	505	
7	0	0	0	0	505	
8	0	0	0	0	506	
9	0	0	0	0	506	
10	0	0	0	0	507	
11	0	0	0	0	506	
12	0	0	0	0	506	
13	0	0	0	0	504	
14	0	0	0	0	503	
15	0	0	0	0	504	
0	0	0	0	0	505	
1	0	0	0	0	504	
2	0	0	0	0	504	
3	0	0	0	0	506	
4	0	0	0	0	507	
5	0	0	0	0	510	
6	0	0	0	0	512	
7	0	0	0	0	513	
8	0	0	0	0	513	
9	0	0	0	0	514	
10	0	0	0	0	515	
11	0	0	0	0	514	
12	0	0	0	0	514	
13	0	0	0	0	515	
14	0	0	0	0	514	
15	0	0	0	0	514	
0	0	0	0	0	513	
1	0	0	0	0	512	
2	0	0	0	0	512	
3	0	0	0	0	511	
4	0	0	0	0	512	
5	0	0	0	0	513	
6	0	0	0	0	513	
7	0	0	0	0	513	
8	0	0	0	0	512	
9	0	0	0	0	511	
10	0	0	0	0	510	
11	0	0	0	0	510	
12	0	0	0	0	510	
13	0	0	0	0	508	
14	0	0	0	0	507	
15	0	0	0	0	505	
0	0	0	0	0	507	
1	0	0	0	0	507	
2	0	0	0	0	507	
3	0	0	0	0	507	
4	0	0	0	0	508	
5	0	0	0	0	507	
6	0	0	0	0	508	
7	0	0	0	0	509	
8	0	0	0	0	512	
9	0	0	0	0	512	
10	0	0	0	0	513	
11	0	0	0	0	514	
12	0	0	0	0	513	
13	0	0	0	0	513	
14	0	0	0	0	514	
15	0	0	0	0	514	
0	0	0	0	0	515	
1	0	0	0	0	515	
2	0	0	0	0	513	
3	0	0	0	0	512	
4	0	0	0	0	512	
5	0	0	0	0	512	
6	0	0	0	0	513	
7	0	0	0	0	514	
8	0	0	0	0	514	
9	0	0	0	0	515	
10	0	0	0	0	515	
11	0	0	0	0	516	
12	0	0	0	0	517	
13	0	0	0	0	518	
14	0	0	0	0	519	
15	0	0	0	0	521	
0	0	0	0	0	519	
1	0	0	0	0	519	
2	0	0	0	0	519	
3	0	0	0	0	521	
4	0	0	0	0	523	
5	0	0	0	0	525	
6	0	0	0	0	526	
7	0	0	0	0	528	
8	0	0	0	0	529	
9	0	0	0	0	530	
10	0	0	0	0	530	
11	0	0	0	0	531	
12	0	0	0	0	531	
13	0	0	0	0	531	
14	0	0	0	0	528	
15	0	0	0	0	525	
0	0	0	0	0	523	
1	0	0	0	0	521	
2	0	0	0	0	519	
3	0	0	0	0	516	
4	0	0	0	0	513	
5	0	0	0	0	513	
6	0	0	0	0	513	
7	0	0	0	0	513	
8	0	0	0	0	514	
9	0	0	0	0	517	
10	0	0	0	0	519	
11	0	0	0	0	521	
12	0	0	0	0	522	
13	0	0	0	0	524	
14	0	0	0	0	524	
15	0	0	0	0	525	
0	0	0	0	0	525	
1	0	0	0	0	527	
2	0	0	0	0	527	
3	0	0	0	0	527	
4	0	0	0	0	528	
5	0	0	0	0	528	
6	0	0	0	0	529	
7	0	0	0	0	529	
8	0	0	0	0	527	
9	0	0	0	0	527	
10	0	0	0	0	526	
11	0	0	0	0	525	
12	0	0	0	0	525	
13	0	0	0	0	525	
14	0	0	0	0	522	
15	0	0	0	0	522	
0	0	0	0	0	521	
1	0	0	0	0	518	
2	0	0	0	0	514	
3	0	0	0	0	511	
4	0	0	0	0	507	
5	0	0	0	0	504	
6	0	0	0	0	503	
7	0	0	0	0	504	
8	0	0	0	0	502	
9	0	0	0	0	500	
10	0	0	0	0	499	
11	0	0	0	0	499	
12	0	0	0	0	499	
13	0	0	0	0	499	
14	0	0	0	0	499	
15	0	0	0	0	499	
0	0	0	0	0	499	
1	0	0	0	0	500	
2	0	0	0	0	501	
3	0	0	0	0	501	
4	0	0	0	0	504	
5	0	0	0	0	505	
6	0	0	0	0	507	
7	0	0	0	0	510	
8	0	0	0	0	513	
9	0	0	0	0	517	
10	0	0	0	0	522	
11	0	0	0	0	527	
12	0	0	0	0	528	
13	0	0	0	0	529	
14	0	0	0	0	530	
15	0	0	0	0	530	
0	0	0	0	0	531	
1	0	0	0	0	532	
2	0	0	0	0	531	
3	0	0	0	0	529	
4	0	0	0	0	527	
5	0	0	0	0	528	
6	0	0	0	0	528	
7	0	0	0	0	530	
8	0	0	0	0	531	
9	0	0	0	0	530	
10	0	0	0	0	528	
11	0	0	0	0	526	
12	0	0	0	0	523	
13	0	0	0	0	520	
14	0	0	0	0	519	
15	0	0	0	0	518	
0	0	0	0	0	516	
1	0	0	0	0	513	
2	0	0	0	0	511	
3	0	0	0	0	509	
4	0	0	0	0	508	
5	0	0	0	0	507	
6	0	0	0	0	505	
7	0	0	0	0	505	
8	0	0	0	0	504	
9	0	0	0	0	503	
10	0	0	0	0	503	
11	0	0	0	0	503	
12	0	0	0	0	504	
13	0	0	0	0	504	
14	0	0	0	0	504	
15	0	0	0	0	504	
0	0	0	0	0	503	
1	0	0	0	0	501	
2	0	0	0	0	502	
3	0	0	0	0	502	
4	0	0	0	0	501	
5	0	0	0	0	499	
6	0	0	0	0	498	
7	0	0	0	0	497	
8	0	0	0	0	497	
9	0	0	0	0	499	
10	0	0	0	0	499	
11	0	0	0	0	500	
12	0	0	0	0	502	
13	0	0	0	0	503	
14	0	0	0	0	504	
15	0	0	0	0	504	
0	0	0	0	0	502	
1	0	0	0	0	500	
2	0	0	0	0	498	
3	0	0	0	0	495	
4	0	0	0	0	493	
5	0	0	0	0	491	
6	0	0	0	0	489	
7	0	0	0	0	489	
8	0	0	0	0	489	
9	0	0	0	0	491	
10	0	0	0	0	495	
11	0	0	0	0	501	
12	0	0	0	0	506	
13	0	0	0	0	511	
14	0	0	0	0	516	
15	0	0	0	0	522	
0	0	0	0	0	529	
1	0	0	0	0	535	
2	0	0	0	0	542	
3	0	0	0	0	550	
4	0	0	0	0	559	
5	0	0	0	0	568	
6	0	0	0	0	579	
7	0	0	0	0	595	
8	0	0	0	0	611	
9	0	0	0	0	628	
10	0	0	0	0	649	
11	0	0	0	0	670	
12	0	0	0	0	689	
13	0	0	0	0	708	
14	0	0	0	0	727	
15	0	0	0	0	748	
0	0	0	0	0	768	
1	0	0	0	0	790	
2	0	0	0	0	811	
3	0	0	0	0	828	
4	0	0	0	0	843	
5	0	0	0	0	851	
6	0	0	0	0	851	
7	0	0	0	0	844	
8	0	0	0	0	837	
9	0	0	0	0	827	
10	0	0	0	0	808	
11	0	0	0	0	789	
12	0	0	0	0	766	
13	0	0	0	0	738	
14	0	0	0	0	706	
15	0	0	0	0	672	
0	0	0	0	0	635	
1	0	0	0	0	596	
2	0	0	0	0	554	
3	0	0	0	0	513	
4	0	0	0	0	475	
5	0	0	0	0	440	
6	0	0	0	0	411	
7	0	0	0	0	393	
8	0	0	0	0	383	
9	0	0	0	0	379	
10	0	0	0	0	380	
11	0	0	0	0	385	
12	0	0	0	0	392	
13	0	0	0	0	402	
14	0	0	0	0	412	
15	0	0	0	0	423	
0	0	0	0	0	430	
1	0	0	0	0	436	
2	0	0	0	0	441	
3	0	0	0	0	446	
4	0	0	0	0	452	
5	0	0	0	0	455	
6	0	0	0	0	459	
7	0	0	0	0	460	
8	0	0	0	0	462	
9	0	0	0	0	462	
10	0	0	0	0	463	
11	0	0	0	0	463	
12	0	0	0	0	464	
13	0	0	0	0	464	
14	0	0	0	0	465	
15	0	0	0	0	466	
0	0	0	0	0	468	
1	0	0	0	0	468	
2	0	0	0	0	469	
3	0	0	0	0	470	
4	0	0	0	0	470	
5	0	0	0	0	471	
6	0	0	0	0	471	
7	0	0	0	0	470	
8	0	0	0	0	471	
9	0	0	0	0	472	
10	0	0	0	0	472	
11	0	0	0	0	472	
12	0	0	0	0	471	
13	0	0	0	0	472	
14	0	0	0	0	471	
15	0	0	0	0	471	
0	0	0	0	0	472	
1	0	0	0	0	473	
2	0	0	0	0	473	
3	0	0	0	0	473	
4	0	0	0	0	473	
5	0	0	0	0	474	
6	0	0	0	0	475	
7	0	0	0	0	477	
8	0	0	0	0	477	
9	0	0	0	0	477	
10	0	0	0	0	478	
11	0	0	0	0	478	
12	0	0	0	0	479	
13	0	0	0	0	480	
14	0	0	0	0	481	
15	0	0	0	0	482	
0	0	0	0	0	483	
1	0	0	0	0	484	
2	0	0	0	0	484	
3	0	0	0	0	484	
4	0	0	0	0	484	
5	0	0	0	0	486	
6	0	0	0	0	487	
7	0	0	0	0	487	
8	0	0	0	0	487	
9	0	0	0	0	487	
10	0	0	0	0	488	
11	0	0	0	0	487	
12	0	0	0	0	486	
13	0	0	0	0	487	
14	0	0	0	0	489	
15	0	0	0	0	492	
0	0	0	0	0	494	
1	0	0	0	0	495	
2	0	0	0	0	496	
3	0	0	0	0	496	
4	0	0	0	0	495	
5	0	0	0	0	495	
6	0	0	0	0	496	
7	0	0	0	0	497	
8	0	0	0	0	497	
9	0	0	0	0	497	
10	0	0	0	0	498	
11	0	0	0	0	498	
12	0	0	0	0	499	
13	0	0	0	0	499	
14	0	0	0	0	497	
15	0	0	0	0	496	
0	0	0	0	0	496	
1	0	0	0	0	495	
2	0	0	0	0	496	
3	0	0	0	0	499	
4	0	0	0	0	501	
5	0	0	0	0	504	
6	0	0	0	0	505	
7	0	0	0	0	504	
8	0	0	0	0	504	
9	0	0	0	0	505	
10	0	0	0	0	505	
11	0	0	0	0	503	
12	0	0	0	0	501	
13	0	0	0	0	500	
14	0	0	0	0	499	
15	0	0	0	0	498	
0	0	0	0	0	499	
1	0	0	0	0	499	
2	0	0	0	0	498	
3	0	0	0	0	498	
4	0	0	0	0	499	
5	0	0	0	0	499	
6	0	0	0	0	500	
7	0	0	0	0	501	
8	0	0	0	0	502	
9	0	0	0	0	504	
10	0	0	0	0	504	
11	0	0	0	0	505	
12	0	0	0	0	505	
13	0	0	0	0	506	
14	0	0	0	0	507	
15	0	0	0	0	507	
0	0	0	0	0	507	
1	0	0	0	0	507	
2	0	0	0	0	508	
3	0	0	0	0	509	
4	0	0	0	0	510	
5	0	0	0	0	511	
6	0	0	0	0	512	
7	0	0	0	0	512	
8	0	0	0	0	513	
9	0	0	0	0	514	
10	0	0	0	0	514	
11	0	0	0	0	514	
12	0	0	0	0	514	
13	0	0	0	0	513	
14	0	0	0	0	514	
15	0	0	0	0	513	
0	0	0	0	0	513	
1	0	0	0	0	514	
2	0	0	0	0	514	
3	0	0	0	0	515	
4	0	0	0	0	518	
5	0	0	0	0	520	
6	0	0	0	0	521	
7	0	0	0	0	523	
8	0	0	0	0	522	
9	0	0	0	0	522	
10	0	0	0	0	523	
11	0	0	0	0	524	
12	0	0	0	0	526	
13	0	0	0	0	526	
14	0	0	0	0	528	
15	0	0	0	0	530	
0	0	0	0	0	531	
1	0	0	0	0	533	
2	0	0	0	0	536	
3	0	0	0	0	536	
4	0	0	0	0	537	
5	0	0	0	0	539	
6	0	0	0	0	539	
7	0	0	0	0	540	
8	0	0	0	0	541	
9	0	0	0	0	541	
10	0	0	0	0	541	
11	0	0	0	0	542	
12	0	0	0	0	541	
13	0	0	0	0	541	
14	0	0	0	0	541	
15	0	0	0	0	542	
0	0	0	0	0	541	
1	0	0	0	0	543	
2	0	0	0	0	544	
3	0	0	0	0	544	
4	0	0	0	0	545	
5	0	0	0	0	546	
6	0	0	0	0	547	
7	0	0	0	0	548	
8	0	0	0	0	548	
9	0	0	0	0	550	
10	0	0	0	0	551	
11	0	0	0	0	553	
12	0	0	0	0	553	
13	0	0	0	0	553	
14	0	0	0	0	556	
15	0	0	0	0	557	
0	0	0	0	0	559	
1	0	0	0	0	561	
2	0	0	0	0	562	
3	0	0	0	0	563	
4	0	0	0	0	563	
5	0	0	0	0	563	
6	0	0	0	0	564	
7	0	0	0	0	566	
8	0	0	0	0	567	
9	0	0	0	0	568	
10	0	0	0	0	569	
11	0	0	0	0	571	
12	0	0	0	0	571	
13	0	0	0	0	572	
14	0	0	0	0	572	
15	0	0	0	0	571	
0	0	0	0	0	570	
1	0	0	0	0	570	
2	0	0	0	0	570	
3	0	0	0	0	570	
4	0	0	0	0	572	
5	0	0	0	0	574	
6	0	0	0	0	576	
7	0	0	0	0	579	
8	0	0	0	0	579	
9	0	0	0	0	581	
10	0	0	0	0	583	
11	0	0	0	0	582	
12	0	0	0	0	582	
13	0	0	0	0	580	
14	0	0	0	0	579	
15	0	0	0	0	578	
0	0	0	0	0	576	
1	0	0	0	0	576	
2	0	0	0	0	575	
3	0	0	0	0	574	
4	0	0	0	0	574	
5	0	0	0	0	574	
6	0	0	0	0	573	
7	0	0	0	0	573	
8	0	0	0	0	575	
9	0	0	0	0	577	
10	0	0	0	0	576	
11	0	0	0	0	575	
12	0	0	0	0	572	
13	0	0	0	0	569	
14	0	0	0	0	567	
15	0	0	0	0	565	
0	0	0	0	0	563	
1	0	0	0	0	561	
2	0	0	0	0	560	
3	0	0	0	0	558	
4	0	0	0	0	558	
5	0	0	0	0	556	
6	0	0	0	0	555	
7	0	0	0	0	554	
8	0	0	0	0	552	
9	0	0	0	0	550	
10	0	0	0	0	548	
11	0	0	0	0	546	
12	0	0	0	0	543	
13	0	0	0	0	540	
14	0	0	0	0	537	
15	0	0	0	0	535	
0	0	0	0	0	531	
1	0	0	0	0	527	
2	0	0	0	0	523	
3	0	0	0	0	520	
4	0	0	0	0	519	
5	0	0	0	0	516	
6	0	0	0	0	512	
7	0	0	0	0	509	
8	0	0	0	0	507	
9	0	0	0	0	505	
10	0	0	0	0	503	
11	0	0	0	0	501	
12	0	0	0	0	499	
13	0	0	0	0	496	
14	0	0	0	0	494	
15	0	0	0	0	491	
0	0	0	0	0	488	
1	0	0	0	0	486	
2	0	0	0	0	483	
3	0	0	0	0	481	
4	0	0	0	0	478	
5	0	0	0	0	475	
6	0	0	0	0	474	
7	0	0	0	0	472	
8	0	0	0	0	471	
9	0	0	0	0	470	
10	0	0	0	0	468	
11	0	0	0	0	466	
12	0	0	0	0	465	
13	0	0	0	0	465	
14	0	0	0	0	464	
15	0	0	0	0	463	
0	0	0	0	0	462	
1	0	0	0	0	460	
2	0	0	0	0	457	
3	0	0	0	0	455	
4	0	0	0	0	452	
5	0	0	0	0	448	
6	0	0	0	0	446	
7	0	0	0	0	445	
8	0	0	0	0	444	
9	0	0	0	0	443	
10	0	0	0	0	443	
11	0	0	0	0	444	
12	0	0	0	0	444	
13	0	0	0	0	444	
14	0	0	0	0	445	
15	0	0	0	0	445	
0	0	0	0	0	445	
1	0	0	0	0	445	
2	0	0	0	0	443	
3	0	0	0	0	441	
4	0	0	0	0	440	
5	0	0	0	0	439	
6	0	0	0	0	438	
7	0	0	0	0	438	
8	0	0	0	0	438	
9	0	0	0	0	439	
10	0	0	0	0	440	
11	0	0	0	0	442	
12	0	0	0	0	442	
13	0	0	0	0	444	
14	0	0	0	0	446	
15	0	0	0	0	446	
0	0	0	0	0	447	
1	0	0	0	0	448	
2	0	0	0	0	448	
3	0	0	0	0	448	
4	0	0	0	0	449	
5	0	0	0	0	449	
6	0	0	0	0	449	
7	0	0	0	0	449	
8	0	0	0	0	451	
9	0	0	0	0	451	
10	0	0	0	0	451	
11	0	0	0	0	450	
12	0	0	0	0	450	
13	0	0	0	0	450	
14	0	0	0	0	451	
15	0	0	0	0	451	
0	0	0	0	0	451	
1	0	0	0	0	451	
2	0	0	0	0	451	
3	0	0	0	0	451	
4	0	0	0	0	451	
5	0	0	0	0	452	
6	0	0	0	0	454	
7	0	0	0	0	454	
8	0	0	0	0	455	
9	0	0	0	0	455	
10	0	0	0	0	455	
11	0	0	0	0	456	
12	0	0	0	0	457	
13	0	0	0	0	458	
14	0	0	0	0	458	
15	0	0	0	0	460	
0	0	0	0	0	462	
1	0	0	0	0	463	
2	0	0	0	0	464	
3	0	0	0	0	465	
4	0	0	0	0	465	
5	0	0	0	0	465	
6	0	0	0	0	466	
7	0	0	0	0	467	
8	0	0	0	0	468	
9	0	0	0	0	467	
10	0	0	0	0	469	
11	0	0	0	0	469	
12	0	0	0	0	469	
13	0	0	0	0	471	
14	0	0	0	0	471	
15	0	0	0	0	471	
0	0	0	0	0	471	
1	0	0	0	0	471	
2	0	0	0	0	471	
3	0	0	0	0	471	
4	0	0	0	0	472	
5	0	0	0	0	472	
6	0	0	0	0	473	
7	0	0	0	0	474	
8	0	0	0	0	473	
9	0	0	0	0	473	
10	0	0	0	0	474	
11	0	0	0	0	475	
12	0	0	0	0	476	
13	0	0	0	0	477	
14	0	0	0	0	479	
15	0	0	0	0	481	
0	0	0	0	0	482	
1	0	0	0	0	484	
2	0	0	0	0	485	
3	0	0	0	0	487	
4	0	0	0	0	486	
5	0	0	0	0	485	
6	0	0	0	0	485	
7	0	0	0	0	485	
8	0	0	0	0	486	
9	0	0	0	0	486	
10	0	0	0	0	485	
11	0	0	0	0	486	
12	0	0	0	0	486	
13	0	0	0	0	488	
14	0	0	0	0	490	
15	0	0	0	0	491	
0	0	0	0	0	493	
1	0	0	0	0	492	
2	0	0	0	0	492	
3	0	0	0	0	492	
4	0	0	0	0	493	
5	0	0	0	0	494	
6	0	0	0	0	494	
7	0	0	0	0	494	
8	0	0	0	0	494	
9	0	0	0	0	494	
10	0	0	0	0	494	
11	0	0	0	0	495	
12	0	0	0	0	496	
13	0	0	0	0	497	
14	0	0	0	0	497	
15	0	0	0	0	498	
0	0	0	0	0	499	
1	0	0	0	0	499	
2	0	0	0	0	499	
3	0	0	0	0	499	
4	0	0	0	0	499	
5	0	0	0	0	499	
6	0	0	0	0	499	
7	0	0	0	0	498	
8	0	0	0	0	497	
9	0	0	0	0	497	
10	0	0	0	0	496	
11	0	0	0	0	497	
12	0	0	0	0	499	
13	0	0	0	0	500	
14	0	0	0	0	501	
15	0	0	0	0	502	
0	0	0	0	0	503	
1	0	0	0	0	503	
2	0	0	0	0	505	
3	0	0	0	0	505	
4	0	0	0	0	505	
5	0	0	0	0	506	
6	0	0	0	0	506	
7	0	0	0	0	507	
8	0	0	0	0	507	
9	0	0	0	0	506	
10	0	0	0	0	507	
11	0	0	0	0	508	
12	0	0	0	0	509	
13	0	0	0	0	510	
14	0	0	0	0	510	
15	0	0	0	0	509	
0	0	0	0	0	510	
1	0	0	0	0	509	
2	0	0	0	0	509	
3	0	0	0	0	509	
4	0	0	0	0	508	
5	0	0	0	0	508	
6	0	0	0	0	507	
7	0	0	0	0	507	
8	0	0	0	0	505	
9	0	0	0	0	504	
10	0	0	0	0	503	
11	0	0	0	0	503	
12	0	0	0	0	503	
13	0	0	0	0	503	
14	0	0	0	0	503	
15	0	0	0	0	504	
0	0	0	0	0	504	
1	0	0	0	0	505	
2	0	0	0	0	505	
3	0	0	0	0	506	
4	0	0	0	0	506	
5	0	0	0	0	508	
6	0	0	0	0	509	
7	0	0	0	0	509	
8	0	0	0	0	509	
9	0	0	0	0	509	
10	0	0	0	0	509	
11	0	0	0	0	510	
12	0	0	0	0	510	
13	0	0	0	0	510	
14	0	0	0	0	511	
15	0	0	0	0	510	
0	0	0	0	0	510	
1	0	0	0	0	509	
2	0	0	0	0	509	
3	0	0	0	0	509	
4	0	0	0	0	510	
5	0	0	0	0	511	
6	0	0	0	0	510	
7	0	0	0	0	510	
8	0	0	0	0	509	
9	0	0	0	0	508	
10	0	0	0	0	508	
11	0	0	0	0	506	
12	0	0	0	0	506	
13	0	0	0	0	507	
14	0	0	0	0	507	
15	0	0	0	0	508	
0	0	0	0	0	508	
1	0	0	0	0	508	
2	0	0	0	0	509	
3	0	0	0	0	511	
4	0	0	0	0	512	
5	0	0	0	0	512	
6	0	0	0	0	512	
7	0	0	0	0	512	
8	0	0	0	0	513	
9	0	0	0	0	514	
10	0	0	0	0	513	
11	0	0	0	0	512	
12	0	0	0	0	511	
13	0	0	0	0	510	
14	0	0	0	0	510	
15	0	0	0	0	509	
0	0	0	0	0	510	
1	0	0	0	0	510	
2	0	0	0	0	510	
3	0	0	0	0	510	
4	0	0	0	0	510	
5	0	0	0	0	510	
6	0	0	0	0	511	
7	0	0	0	0	510	
8	0	0	0	0	510	
9	0	0	0	0	511	
10	0	0	0	0	511	
11	0	0	0	0	509	
12	0	0	0	0	508	
13	0	0	0	0	508	
14	0	0	0	0	506	
15	0	0	0	0	507	
0	0	0	0	0	508	
1	0	0	0	0	510	
2	0	0	0	0	511	
3	0	0	0	0	512	
4	0	0	0	0	513	
5	0	0	0	0	515	
6	0	0	0	0	515	
7	0	0	0	0	515	
8	0	0	0	0	515	
9	0	0	0	0	515	
10	0	0	0	0	514	
11	0	0	0	0	512	
12	0	0	0	0	511	
13	0	0	0	0	509	
14	0	0	0	0	509	
15	0	0	0	0	508	
0	0	0	0	0	507	
1	0	0	0	0	507	
2	0	0	0	0	508	
3	0	0	0	0	508	
4	0	0	0	0	508	
5	0	0	0	0	508	
6	0	0	0	0	509	
7	0	0	0	0	509	
8	0	0	0	0	508	
9	0	0	0	0	508	
10	0	0	0	0	508	
11	0	0	0	0	509	
12	0	0	0	0	509	
13	0	0	0	0	509	
14	0	0	0	0	508	
15	0	0	0	0	507	
0	0	0	0	0	508	
1	0	0	0	0	509	
2	0	0	0	0	511	
3	0	0	0	0	510	
4	0	0	0	0	510	
5	0	0	0	0	511	
6	0	0	0	0	512	
7	0	0	0	0	513	
8	0	0	0	0	514	
9	0	0	0	0	515	
10	0	0	0	0	516	
11	0	0	0	0	516	
12	0	0	0	0	516	
13	0	0	0	0	516	
14	0	0	0	0	516	
15	0	0	0	0	518	
0	0	0	0	0	518	
1	0	0	0	0	518	
2	0	0	0	0	519	
3	0	0	0	0	519	
4	0	0	0	0	519	
5	0	0	0	0	520	
6	0	0	0	0	520	
7	0	0	0	0	521	
8	0	0	0	0	521	
9	0	0	0	0	523	
10	0	0	0	0	522	
11	0	0	0	0	521	
12	0	0	0	0	520	
13	0	0	0	0	520	
14	0	0	0	0	519	
15	0	0	0	0	518	
0	0	0	0	0	517	
1	0	0	0	0	517	
2	0	0	0	0	518	
3	0	0	0	0	519	
4	0	0	0	0	520	
5	0	0	0	0	520	
6	0	0	0	0	521	
7	0	0	0	0	522	
8	0	0	0	0	522	
9	0	0	0	0	521	
10	0	0	0	0	520	
11	0	0	0	0	519	
12	0	0	0	0	519	
13	0	0	0	0	519	
14	0	0	0	0	518	
15	0	0	0	0	519	
0	0	0	0	0	520	
1	0	0	0	0	520	
2	0	0	0	0	520	
3	0	0	0	0	521	
4	0	0	0	0	522	
5	0	0	0	0	523	
6	0	0	0	0	524	
7	0	0	0	0	525	
8	0	0	0	0	525	
9	0	0	0	0	526	
10	0	0	0	0	527	
11	0	0	0	0	527	
12	0	0	0	0	526	
13	0	0	0	0	526	
14	0	0	0	0	526	
15	0	0	0	0	525	
0	0	0	0	0	525	
1	0	0	0	0	526	
2	0	0	0	0	526	
3	0	0	0	0	525	
4	0	0	0	0	525	
5	0	0	0	0	525	
6	0	0	0	0	526	
7	0	0	0	0	526	
8	0	0	0	0	527	
9	0	0	0	0	528	
10	0	0	0	0	529	
11	0	0	0	0	529	
12	0	0	0	0	529	
13	0	0	0	0	529	
14	0	0	0	0	528	
15	0	0	0	0	527	
0	0	0	0	0	528	
1	0	0	0	0	529	
2	0	0	0	0	529	
3	0	0	0	0	531	
4	0	0	0	0	532	
5	0	0	0	0	533	
6	0	0	0	0	534	
7	0	0	0	0	535	
8	0	0	0	0	536	
9	0	0	0	0	537	
10	0	0	0	0	538	
11	0	0	0	0	537	
12	0	0	0	0	538	
13	0	0	0	0	539	
14	0	0	0	0	540	
15	0	0	0	0	542	
0	0	0	0	0	543	
1	0	0	0	0	544	
2	0	0	0	0	545	
3	0	0	0	0	547	
4	0	0	0	0	549	
5	0	0	0	0	551	
6	0	0	0	0	553	
7	0	0	0	0	555	
8	0	0	0	0	555	
9	0	0	0	0	555	
10	0	0	0	0	554	
11	0	0	0	0	552	
12	0	0	0	0	551	
13	0	0	0	0	550	
14	0	0	0	0	549	
15	0	0	0	0	547	
0	0	0	0	0	544	
1	0	0	0	0	541	
2	0	0	0	0	537	
3	0	0	0	0	534	
4	0	0	0	0	531	
5	0	0	0	0	528	
6	0	0	0	0	527	
7	0	0	0	0	528	
8	0	0	0	0	529	
9	0	0	0	0	532	
10	0	0	0	0	535	
11	0	0	0	0	536	
12	0	0	0	0	539	
13	0	0	0	0	541	
14	0	0	0	0	542	
15	0	0	0	0	543	
0	0	0	0	0	543	
1	0	0	0	0	544	
2	0	0	0	0	544	
3	0	0	0	0	545	
4	0	0	0	0	545	
5	0	0	0	0	546	
6	0	0	0	0	547	
7	0	0	0	0	547	
8	0	0	0	0	547	
9	0	0	0	0	546	
10	0	0	0	0	546	
11	0	0	0	0	546	
12	0	0	0	0	544	
13	0	0	0	0	543	
14	0	0	0	0	543	
15	0	0	0	0	540	
0	0	0	0	0	540	
1	0	0	0	0	537	
2	0	0	0	0	535	
3	0	0	0	0	532	
4	0	0	0	0	529	
5	0	0	0	0	527	
6	0	0	0	0	526	
7	0	0	0	0	524	
8	0	0	0	0	522	
9	0	0	0	0	521	
10	0	0	0	0	520	
11	0	0	0	0	522	
12	0	0	0	0	524	
13	0	0	0	0	525	
14	0	0	0	0	526	
15	0	0	0	0	526	
0	0	0	0	0	527	
1	0	0	0	0	527	
2	0	0	0	0	527	
3	0	0	0	0	528	
4	0	0	0	0	529	
5	0	0	0	0	530	
6	0	0	0	0	530	
7	0	0	0	0	530	
8	0	0	0	0	530	
9	0	0	0	0	530	
10	0	0	0	0	531	
11	0	0	0	0	531	
12	0	0	0	0	531	
13	0	0	0	0	532	
14	0	0	0	0	531	
15	0	0	0	0	531	
0	0	0	0	0	529	
1	0	0	0	0	526	
2	0	0	0	0	523	
3	0	0	0	0	520	
4	0	0	0	0	519	
5	0	0	0	0	518	
6	0	0	0	0	517	
7	0	0	0	0	517	
8	0	0	0	0	516	
9	0	0	0	0	516	
10	0	0	0	0	516	
11	0	0	0	0	515	
12	0	0	0	0	514	
13	0	0	0	0	513	
14	0	0	0	0	513	
15	0	0	0	0	514	
0	0	0	0	0	514	
1	0	0	0	0	513	
2	0	0	0	0	514	
3	0	0	0	0	514	
4	0	0	0	0	514	
5	0	0	0	0	513	
6	0	0	0	0	513	
7	0	0	0	0	513	
8	0	0	0	0	514	
9	0	0	0	0	514	
10	0	0	0	0	515	
11	0	0	0	0	516	
12	0	0	0	0	516	
13	0	0	0	0	516	
14	0	0	0	0	516	
15	0	0	0	0	516	
0	0	0	0	0	518	
1	0	0	0	0	519	
2	0	0	0	0	519	
3	0	0	0	0	520	
4	0	0	0	0	521	
5	0	0	0	0	522	
6	0	0	0	0	523	
7	0	0	0	0	524	
8	0	0	0	0	524	
9	0	0	0	0	524	
10	0	0	0	0	524	
11	0	0	0	0	522	
12	0	0	0	0	522	
13	0	0	0	0	522	
14	0	0	0	0	521	
15	0	0	0	0	519	
0	0	0	0	0	516	
1	0	0	0	0	515	
2	0	0	0	0	512	
3	0	0	0	0	510	
4	0	0	0	0	508	
5	0	0	0	0	507	
6	0	0	0	0	505	
7	0	0	0	0	504	
8	0	0	0	0	504	
9	0	0	0	0	507	
10	0	0	0	0	511	
11	0	0	0	0	514	
12	0	0	0	0	520	
13	0	0	0	0	527	
14	0	0	0	0	535	
15	0	0	0	0	544	
0	0	0	0	0	552	
1	0	0	0	0	561	
2	0	0	0	0	570	
3	0	0	0	0	583	
4	0	0	0	0	596	
5	0	0	0	0	611	
6	0	0	0	0	630	
7	0	0	0	0	651	
8	0	0	0	0	672	
9	0	0	0	0	695	
10	0	0	0	0	718	
11	0	0	0	0	743	
12	0	0	0	0	768	
13	0	0	0	0	792	
14	0	0	0	0	816	
15	0	0	0	0	844	
0	0	0	0	0	873	
1	0	0	0	0	903	
2	0	0	0	0	931	
3	0	0	0	0	955	
4	0	0	0	0	976	
5	0	0	0	0	990	
6	0	0	0	0	995	
7	0	0	0	0	996	
8	0	0	0	0	991	
9	0	0	0	0	983	
10	0	0	0	0	969	
11	0	0	0	0	945	
12	0	0	0	0	915	
13	0	0	0	0	879	
14	0	0	0	0	836	
15	0	0	0	0	791	
0	0	0	0	0	743	
1	0	0	0	0	698	
2	0	0	0	0	650	
3	0	0	0	0	602	
4	0	0	0	0	555	
5	0	0	0	0	510	
6	0	0	0	0	471	
7	0	0	0	0	443	
8	0	0	0	0	424	
9	0	0	0	0	414	
10	0	0	0	0	412	
11	0	0	0	0	417	
12	0	0	0	0	424	
13	0	0	0	0	432	
14	0	0	0	0	440	
15	0	0	0	0	447	
0	0	0	0	0	454	
1	0	0	0	0	459	
2	0	0	0	0	464	
3	0	0	0	0	471	
4	0	0	0	0	476	
5	0	0	0	0	482	
6	0	0	0	0	487	
7	0	0	0	0	491	
8	0	0	0	0	493	
9	0	0	0	0	495	
10	0	0	0	0	494	
11	0	0	0	0	490	
12	0	0	0	0	486	
13	0	0	0	0	482	
14	0	0	0	0	479	
15	0	0	0	0	475	
0	0	0	0	0	472	
1	0	0	0	0	471	
2	0	0	0	0	468	
3	0	0	0	0	466	
4	0	0	0	0	463	
5	0	0	0	0	460	
6	0	0	0	0	460	
7	0	0	0	0	459	
8	0	0	0	0	458	
9	0	0	0	0	457	
10	0	0	0	0	457	
11	0	0	0	0	456	
12	0	0	0	0	455	
13	0	0	0	0	455	
14	0	0	0	0	454	
15	0	0	0	0	453	
0	0	0	0	0	452	
1	0	0	0	0	453	
2	0	0	0	0	453	
3	0	0	0	0	453	
4	0	0	0	0	453	
5	0	0	0	0	453	
6	0	0	0	0	452	
7	0	0	0	0	454	
8	0	0	0	0	454	
9	0	0	0	0	454	
10	0	0	0	0	454	
11	0	0	0	0	454	
12	0	0	0	0	455	
13	0	0	0	0	454	
14	0	0	0	0	454	
15	0	0	0	0	455	
0	0	0	0	0	456	
1	0	0	0	0	458	
2	0	0	0	0	458	
3	0	0	0	0	459	
4	0	0	0	0	459	
5	0	0	0	0	461	
6	0	0	0	0	462	
7	0	0	0	0	462	
8	0	0	0	0	462	
9	0	0	0	0	462	
10	0	0	0	0	461	
11	0	0	0	0	461	
12	0	0	0	0	462	
13	0	0	0	0	462	
14	0	0	0	0	462	
15	0	0	0	0	462	
0	0	0	0	0	463	
1	0	0	0	0	465	
2	0	0	0	0	467	
3	0	0	0	0	468	
4	0	0	0	0	470	
5	0	0	0	0	471	
6	0	0	0	0	472	
7	0	0	0	0	473	
8	0	0	0	0	473	
9	0	0	0	0	472	
10	0	0	0	0	471	
11	0	0	0	0	470	
12	0	0	0	0	470	
13	0	0	0	0	471	
14	0	0	0	0	472	
15	0	0	0	0	473	
0	0	0	0	0	475	
1	0	0	0	0	476	
2	0	0	0	0	477	
3	0	0	0	0	477	
4	0	0	0	0	478	
5	0	0	0	0	478	
6	0	0	0	0	478	
7	0	0	0	0	477	
8	0	0	0	0	476	
9	0	0	0	0	476	
10	0	0	0	0	476	
11	0	0	0	0	476	
12	0	0	0	0	477	
13	0	0	0	0	477	
14	0	0	0	0	478	
15	0	0	0	0	478	
0	0	0	0	0	480	
1	0	0	0	0	482	
2	0	0	0	0	483	
3	0	0	0	0	485	
4	0	0	0	0	487	
5	0	0	0	0	489	
6	0	0	0	0	491	
7	0	0	0	0	493	
8	0	0	0	0	494	
9	0	0	0	0	493	
10	0	0	0	0	494	
11	0	0	0	0	496	
12	0	0	0	0	496	
13	0	0	0	0	495	
14	0	0	0	0	495	
15	0	0	0	0	495	
0	0	0	0	0	495	
1	0	0	0	0	496	
2	0	0	0	0	498	
3	0	0	0	0	498	
4	0	0	0	0	499	
5	0	0	0	0	501	
6	0	0	0	0	502	
7	0	0	0	0	503	
8	0	0	0	0	505	
9	0	0	0	0	506	
10	0	0	0	0	507	
11	0	0	0	0	508	
12	0	0	0	0	509	
13	0	0	0	0	509	
14	0	0	0	0	508	
15	0	0	0	0	508	
0	0	0	0	0	508	
1	0	0	0	0	509	
2	0	0	0	0	510	
3	0	0	0	0	511	
4	0	0	0	0	511	
5	0	0	0	0	512	
6	0	0	0	0	513	
7	0	0	0	0	513	
8	0	0	0	0	514	
9	0	0	0	0	515	
10	0	0	0	0	515	
11	0	0	0	0	516	
12	0	0	0	0	516	
13	0	0	0	0	516	
14	0	0	0	0	516	
15	0	0	0	0	516	
0	0	0	0	0	516	
1	0	0	0	0	517	
2	0	0	0	0	518	
3	0	0	0	0	520	
4	0	0	0	0	522	
5	0	0	0	0	524	
6	0	0	0	0	525	
7	0	0	0	0	526	
8	0	0	0	0	526	
9	0	0	0	0	527	
10	0	0	0	0	527	
11	0	0	0	0	528	
12	0	0	0	0	529	
13	0	0	0	0	531	
14	0	0	0	0	532	
15	0	0	0	0	533	
0	0	0	0	0	535	
1	0	0	0	0	536	
2	0	0	0	0	538	
3	0	0	0	0	539	
4	0	0	0	0	541	
5	0	0	0	0	543	
6	0	0	0	0	543	
7	0	0	0	0	544	
8	0	0	0	0	545	
9	0	0	0	0	547	
10	0	0	0	0	547	
11	0	0	0	0	548	
12	0	0	0	0	549	
13	0	0	0	0	550	
14	0	0	0	0	550	
15	0	0	0	0	551	
0	0	0	0	0	552	
1	0	0	0	0	553	
2	0	0	0	0	552	
3	0	0	0	0	552	
4	0	0	0	0	554	
5	0	0	0	0	555	
6	0	0	0	0	556	
7	0	0	0	0	558	
8	0	0	0	0	559	
9	0	0	0	0	559	
10	0	0	0	0	560	
11	0	0	0	0	561	
12	0	0	0	0	561	
13	0	0	0	0	562	
14	0	0	0	0	562	
15	0	0	0	0	562	
0	0	0	0	0	563	
1	0	0	0	0	562	
2	0	0	0	0	563	
3	0	0	0	0	564	
4	0	0	0	0	565	
5	0	0	0	0	567	
6	0	0	0	0	568	
7	0	0	0	0	570	
8	0	0	0	0	572	
9	0	0	0	0	573	
10	0	0	0	0	574	
11	0	0	0	0	573	
12	0	0	0	0	572	
13	0	0	0	0	573	
14	0	0	0	0	573	
15	0	0	0	0	572	
0	0	0	0	0	572	
1	0	0	0	0	572	
2	0	0	0	0	572	
3	0	0	0	0	571	
4	0	0	0	0	572	
5	0	0	0	0	572	
6	0	0	0	0	571	
7	0	0	0	0	570	
8	0	0	0	0	570	
9	0	0	0	0	571	
10	0	0	0	0	570	
11	0	0	0	0	570	
12	0	0	0	0	570	
13	0	0	0	0	569	
14	0	0	0	0	568	
15	0	0	0	0	567	
0	0	0	0	0	565	
1	0	0	0	0	564	
2	0	0	0	0	563	
3	0	0	0	0	563	
4	0	0	0	0	562	
5	0	0	0	0	561	
6	0	0	0	0	560	
7	0	0	0	0	559	
8	0	0	0	0	558	
9	0	0	0	0	556	
10	0	0	0	0	553	
11	0	0	0	0	550	
12	0	0	0	0	547	
13	0	0	0	0	544	
14	0	0	0	0	541	
15	0	0	0	0	539	
0	0	0	0	0	537	
1	0	0	0	0	534	
2	0	0	0	0	531	
3	0	0	0	0	527	
4	0	0	0	0	525	
5	0	0	0	0	522	
6	0	0	0	0	519	
7	0	0	0	0	516	
8	0	0	0	0	513	
9	0	0	0	0	511	
10	0	0	0	0	509	
11	0	0	0	0	507	
12	0	0	0	0	504	
13	0	0	0	0	499	
14	0	0	0	0	496	
15	0	0	0	0	491	
0	0	0	0	0	487	
1	0	0	0	0	484	
2	0	0	0	0	480	
3	0	0	0	0	476	
4	0	0	0	0	473	
5	0	0	0	0	469	
6	0	0	0	0	466	
7	0	0	0	0	463	
8	0	0	0	0	462	
9	0	0	0	0	459	
10	0	0	0	0	457	
11	0	0	0	0	455	
12	0	0	0	0	453	
13	0	0	0	0	451	
14	0	0	0	0	449	
15	0	0	0	0	448	
0	0	0	0	0	447	
1	0	0	0	0	447	
2	0	0	0	0	445	
3	0	0	0	0	444	
4	0	0	0	0	443	
5	0	0	0	0	444	
6	0	0	0	0	443	
7	0	0	0	0	442	
8	0	0	0	0	441	
9	0	0	0	0	441	
10	0	0	0	0	440	
11	0	0	0	0	440	
12	0	0	0	0	438	
13	0	0	0	0	438	
14	0	0	0	0	436	
15	0	0	0	0	435	
0	0	0	0	0	435	
1	0	0	0	0	435	
2	0	0	0	0	435	
3	0	0	0	0	434	
4	0	0	0	0	432	
5	0	0	0	0	431	
6	0	0	0	0	429	
7	0	0	0	0	428	
8	0	0	0	0	427	
9	0	0	0	0	427	
10	0	0	0	0	428	
11	0	0	0	0	430	
12	0	0	0	0	431	
13	0	0	0	0	431	
14	0	0	0	0	432	
15	0	0	0	0	432	
0	0	0	0	0	432	
1	0	0	0	0	432	
2	0	0	0	0	432	
3	0	0	0	0	432	
4	0	0	0	0	431	
5	0	0	0	0	432	
6	0	0	0	0	432	
7	0	0	0	0	432	
8	0	0	0	0	433	
9	0	0	0	0	435	
10	0	0	0	0	437	
11	0	0	0	0	438	
12	0	0	0	0	440	
13	0	0	0	0	442	
14	0	0	0	0	444	
15	0	0	0	0	444	
0	0	0	0	0	444	
1	0	0	0	0	444	
2	0	0	0	0	444	
3	0	0	0	0	445	
4	0	0	0	0	446	
5	0	0	0	0	446	
6	0	0	0	0	447	
7	0	0	0	0	449	
8	0	0	0	0	450	
9	0	0	0	0	451	
10	0	0	0	0	451	
11	0	0	0	0	452	
12	0	0	0	0	452	
13	0	0	0	0	453	
14	0	0	0	0	454	
15	0	0	0	0	455	
0	0	0	0	0	457	
1	0	0	0	0	459	
2	0	0	0	0	460	
3	0	0	0	0	462	
4	0	0	0	0	462	
5	0	0	0	0	463	
6	0	0	0	0	464	
7	0	0	0	0	464	
8	0	0	0	0	464	
9	0	0	0	0	464	
10	0	0	0	0	465	
11	0	0	0	0	465	
12	0	0	0	0	467	
13	0	0	0	0	468	
14	0	0	0	0	469	
15	0	0	0	0	469	
0	0	0	0	0	471	
1	0	0	0	0	472	
2	0	0	0	0	472	
3	0	0	0	0	472	
4	0	0	0	0	474	
5	0	0	0	0	474	
6	0	0	0	0	475	
7	0	0	0	0	476	
8	0	0	0	0	476	
9	0	0	0	0	476	
10	0	0	0	0	477	
11	0	0	0	0	480	
12	0	0	0	0	481	
13	0	0	0	0	482	
14	0	0	0	0	483	
15	0	0	0	0	486	
0	0	0	0	0	486	
1	0	0	0	0	487	
2	0	0	0	0	487	
3	0	0	0	0	487	
4	0	0	0	0	485	
5	0	0	0	0	484	
6	0	0	0	0	484	
7	0	0	0	0	484	
8	0	0	0	0	484	
9	0	0	0	0	483	
10	0	0	0	0	485	
11	0	0	0	0	486	
12	0	0	0	0	486	
13	0	0	0	0	487	
14	0	0	0	0	488	
15	0	0	0	0	488	
0	0	0	0	0	489	
1	0	0	0	0	489	
2	0	0	0	0	492	
3	0	0	0	0	494	
4	0	0	0	0	496	
5	0	0	0	0	497	
6	0	0	0	0	497	
7	0	0	0	0	499	
8	0	0	0	0	498	
9	0	0	0	0	497	
10	0	0	0	0	496	
11	0	0	0	0	495	
12	0	0	0	0	496	
13	0	0	0	0	497	
14	0	0	0	0	499	
15	0	0	0	0	501	
0	0	0	0	0	503	
1	0	0	0	0	504	
2	0	0	0	0	503	
3	0	0	0	0	503	
4	0	0	0	0	504	
5	0	0	0	0	504	
6	0	0	0	0	503	
7	0	0	0	0	503	
8	0	0	0	0	503	
9	0	0	0	0	503	
10	0	0	0	0	505	
11	0	0	0	0	504	
12	0	0	0	0	504	
13	0	0	0	0	505	
14	0	0	0	0	505	
15	0	0	0	0	505	
0	0	0	0	0	505	
1	0	0	0	0	506	
2	0	0	0	0	507	
3	0	0	0	0	508	
4	0	0	0	0	508	
5	0	0	0	0	510	
6	0	0	0	0	510	
7	0	0	0	0	509	
8	0	0	0	0	509	
9	0	0	0	0	509	
10	0	0	0	0	509	
11	0	0	0	0	510	
12	0	0	0	0	510	
13	0	0	0	0	509	
14	0	0	0	0	508	
15	0	0	0	0	507	
0	0	0	0	0	508	
1	0	0	0	0	512	
2	0	0	0	0	512	
3	0	0	0	0	513	
4	0	0	0	0	513	
5	0	0	0	0	512	
6	0	0	0	0	512	
7	0	0	0	0	512	
8	0	0	0	0	515	
9	0	0	0	0	514	
10	0	0	0	0	513	
11	0	0	0	0	512	
12	0	0	0	0	511	
13	0	0	0	0	510	
14	0	0	0	0	510	
15	0	0	0	0	510	
0	0	0	0	0	508	
1	0	0	0	0	507	
2	0	0	0	0	506	
3	0	0	0	0	506	
4	0	0	0	0	508	
5	0	0	0	0	508	
6	0	0	0	0	508	
7	0	0	0	0	510	
8	0	0	0	0	511	
9	0	0	0	0	511	
10	0	0	0	0	511	
11	0	0	0	0	510	
12	0	0	0	0	510	
13	0	0	0	0	510	
14	0	0	0	0	510	
15	0	0	0	0	509	
0	0	0	0	0	510	
1	0	0	0	0	510	
2	0	0	0	0	509	
3	0	0	0	0	508	
4	0	0	0	0	507	
5	0	0	0	0	506	
6	0	0	0	0	506	
7	0	0	0	0	506	
8	0	0	0	0	505	
9	0	0	0	0	504	
10	0	0	0	0	506	
11	0	0	0	0	506	
12	0	0	0	0	508	
13	0	0	0	0	508	
14	0	0	0	0	507	
15	0	0	0	0	505	
0	0	0	0	0	506	
1	0	0	0	0	508	
2	0	0	0	0	506	
3	0	0	0	0	505	
4	0	0	0	0	504	
5	0	0	0	0	505	
6	0	0	0	0	505	
7	0	0	0	0	507	
8	0	0	0	0	507	
9	0	0	0	0	505	
10	0	0	0	0	505	
11	0	0	0	0	507	
12	0	0	0	0	507	
13	0	0	0	0	507	
14	0	0	0	0	507	
15	0	0	0	0	506	
0	0	0	0	0	507	
1	0	0	0	0	508	
2	0	0	0	0	507	
3	0	0	0	0	509	
4	0	0	0	0	509	
5	0	0	0	0	509	
6	0	0	0	0	510	
7	0	0	0	0	509	
8	0	0	0	0	507	
9	0	0	0	0	505	
10	0	0	0	0	503	
11	0	0	0	0	503	
12	0	0	0	0	501	
13	0	0	0	0	502	
14	0	0	0	0	501	
15	0	0	0	0	500	
0	0	0	0	0	503	
1	0	0	0	0	503	
2	0	0	0	0	503	
3	0	0	0	0	504	
4	0	0	0	0	504	
5	0	0	0	0	504	
6	0	0	0	0	502	
7	0	0	0	0	504	
8	0	0	0	0	504	
9	0	0	0	0	503	
10	0	0	0	0	501	
11	0	0	0	0	503	
12	0	0	0	0	505	
13	0	0	0	0	505	
14	0	0	0	0	504	
15	0	0	0	0	501	
0	0	0	0	0	499	
1	0	0	0	0	501	
2	0	0	0	0	503	
3	0	0	0	0	504	
4	0	0	0	0	504	
5	0	0	0	0	504	
6	0	0	0	0	508	
7	0	0	0	0	510	
8	0	0	0	0	511	
9	0	0	0	0	514	
10	0	0	0	0	516	
11	0	0	0	0	517	
12	0	0	0	0	516	
13	0	0	0	0	516	
14	0	0	0	0	514	
15	0	0	0	0	514	
0	0	0	0	0	514	
1	0	0	0	0	512	
2	0	0	0	0	511	
3	0	0	0	0	510	
4	0	0	0	0	510	
5	0	0	0	0	513	
6	0	0	0	0	515	
7	0	0	0	0	514	
8	0	0	0	0	513	
9	0	0	0	0	513	
10	0	0	0	0	513	
11	0	0	0	0	512	
12	0	0	0	0	510	
13	0	0	0	0	509	
14	0	0	0	0	510	
15	0	0	0	0	509	
0	0	0	0	0	510	
1	0	0	0	0	508	
2	0	0	0	0	507	
3	0	0	0	0	505	
4	0	0	0	0	507	
5	0	0	0	0	509	
6	0	0	0	0	510	
7	0	0	0	0	509	
8	0	0	0	0	509	
9	0	0	0	0	508	
10	0	0	0	0	509	
11	0	0	0	0	510	
12	0	0	0	0	511	
13	0	0	0	0	511	
14	0	0	0	0	512	
15	0	0	0	0	514	
0	0	0	0	0	512	
1	0	0	0	0	510	
2	0	0	0	0	508	
3	0	0	0	0	507	
4	0	0	0	0	507	
5	0	0	0	0	508	
6	0	0	0	0	511	
7	0	0	0	0	512	
8	0	0	0	0	515	
9	0	0	0	0	515	
10	0	0	0	0	515	
11	0	0	0	0	515	
12	0	0	0	0	514	
13	0	0	0	0	517	
14	0	0	0	0	517	
15	0	0	0	0	518	
0	0	0	0	0	519	
1	0	0	0	0	516	
2	0	0	0	0	516	
3	0	0	0	0	515	
4	0	0	0	0	512	
5	0	0	0	0	512	
6	0	0	0	0	510	
7	0	0	0	0	512	
8	0	0	0	0	512	
9	0	0	0	0	512	
10	0	0	0	0	512	
11	0	0	0	0	513	
12	0	0	0	0	512	
13	0	0	0	0	513	
14	0	0	0	0	515	
15	0	0	0	0	518	
0	0	0	0	0	519	
1	0	0	0	0	519	
2	0	0	0	0	519	
3	0	0	0	0	519	
4	0	0	0	0	519	
5	0	0	0	0	521	
6	0	0	0	0	521	
7	0	0	0	0	521	
8	0	0	0	0	520	
9	0	0	0	0	520	
10	0	0	0	0	521	
11	0	0	0	0	523	
12	0	0	0	0	523	
13	0	0	0	0	522	
14	0	0	0	0	520	
15	0	0	0	0	520	
0	0	0	0	0	520	
1	0	0	0	0	519	
2	0	0	0	0	517	
3	0	0	0	0	519	
4	0	0	0	0	519	
5	0	0	0	0	516	
6	0	0	0	0	516	
7	0	0	0	0	518	
8	0	0	0	0	519	
9	0	0	0	0	520	
10	0	0	0	0	521	
11	0	0	0	0	520	
12	0	0	0	0	520	
13	0	0	0	0	520	
14	0	0	0	0	519	
15	0	0	0	0	521	
0	0	0	0	0	521	
1	0	0	0	0	519	
2	0	0	0	0	518	
3	0	0	0	0	521	
4	0	0	0	0	522	
5	0	0	0	0	526	
6	0	0	0	0	529	
7	0	0	0	0	530	
8	0	0	0	0	529	
9	0	0	0	0	528	
10	0	0	0	0	528	
11	0	0	0	0	530	
12	0	0	0	0	532	
13	0	0	0	0	531	
14	0	0	0	0	531	
15	0	0	0	0	531	
0	0	0	0	0	534	
1	0	0	0	0	534	
2	0	0	0	0	534	
3	0	0	0	0	534	
4	0	0	0	0	533	
5	0	0	0	0	531	
6	0	0	0	0	530	
7	0	0	0	0	530	
8	0	0	0	0	529	
9	0	0	0	0	527	
10	0	0	0	0	527	
11	0	0	0	0	529	
12	0	0	0	0	526	
13	0	0	0	0	526	
14	0	0	0	0	526	
15	0	0	0	0	525	
0	0	0	0	0	527	
1	0	0	0	0	526	
2	0	0	0	0	524	
3	0	0	0	0	522	
4	0	0	0	0	521	
5	0	0	0	0	522	
6	0	0	0	0	523	
7	0	0	0	0	526	
8	0	0	0	0	530	
9	0	0	0	0	534	
10	0	0	0	0	536	
11	0	0	0	0	538	
12	0	0	0	0	540	
13	0	0	0	0	541	
14	0	0	0	0	542	
15	0	0	0	0	543	
0	0	0	0	0	542	
1	0	0	0	0	542	
2	0	0	0	0	541	
3	0	0	0	0	542	
4	0	0	0	0	541	
5	0	0	0	0	539	
6	0	0	0	0	537	
7	0	0	0	0	536	
8	0	0	0	0	535	
9	0	0	0	0	534	
10	0	0	0	0	532	
11	0	0	0	0	533	
12	0	0	0	0	532	
13	0	0	0	0	529	
14	0	0	0	0	526	
15	0	0	0	0	524	
0	0	0	0	0	524	
1	0	0	0	0	525	
2	0	0	0	0	524	
3	0	0	0	0	525	
4	0	0	0	0	526	
5	0	0	0	0	524	
6	0	0	0	0	523	
7	0	0	0	0	522	
8	0	0	0	0	522	
9	0	0	0	0	523	
10	0	0	0	0	523	
11	0	0	0	0	522	
12	0	0	0	0	521	
13	0	0	0	0	519	
14	0	0	0	0	520	
15	0	0	0	0	520	
0	0	0	0	0	521	
1	0	0	0	0	520	
2	0	0	0	0	521	
3	0	0	0	0	522	
4	0	0	0	0	521	
5	0	0	0	0	521	
6	0	0	0	0	520	
7	0	0	0	0	520	
8	0	0	0	0	518	
9	0	0	0	0	516	
10	0	0	0	0	515	
11	0	0	0	0	517	
12	0	0	0	0	517	
13	0	0	0	0	515	
14	0	0	0	0	516	
15	0	0	0	0	518	
0	0	0	0	0	517	
1	0	0	0	0	513	
2	0	0	0	0	511	
3	0	0	0	0	509	
4	0	0	0	0	508	
5	0	0	0	0	511	
6	0	0	0	0	512	
7	0	0	0	0	514	
8	0	0	0	0	513	
9	0	0	0	0	514	
10	0	0	0	0	515	
11	0	0	0	0	514	
12	0	0	0	0	514	
13	0	0	0	0	512	
14	0	0	0	0	509	
15	0	0	0	0	508	
0	0	0	0	0	507	
1	0	0	0	0	507	
2	0	0	0	0	506	
3	0	0	0	0	505	
4	0	0	0	0	506	
5	0	0	0	0	509	
6	0	0	0	0	510	
7	0	0	0	0	509	
8	0	0	0	0	509	
9	0	0	0	0	512	
10	0	0	0	0	512	
11	0	0	0	0	512	
12	0	0	0	0	513	
13	0	0	0	0	512	
14	0	0	0	0	511	
15	0	0	0	0	512	
0	0	0	0	0	515	
1	0	0	0	0	514	
2	0	0	0	0	512	
3	0	0	0	0	514	
4	0	0	0	0	514	
5	0	0	0	0	514	
6	0	0	0	0	516	
7	0	0	0	0	516	
8	0	0	0	0	516	
9	0	0	0	0	515	
10	0	0	0	0	515	
11	0	0	0	0	515	
12	0	0	0	0	515	
13	0	0	0	0	514	
14	0	0	0	0	512	
15	0	0	0	0	510	
0	0	0	0	0	508	
1	0	0	0	0	505	
2	0	0	0	0	500	
3	0	0	0	0	499	
4	0	0	0	0	499	
5	0	0	0	0	498	
6	0	0	0	0	496	
7	0	0	0	0	496	
8	0	0	0	0	499	
9	0	0	0	0	504	
10	0	0	0	0	508	
11	0	0	0	0	515	
12	0	0	0	0	524	
13	0	0	0	0	534	
14	0	0	0	0	540	
15	0	0	0	0	546	
0	0	0	0	0	555	
1	0	0	0	0	564	
2	0	0	0	0	572	
3	0	0	0	0	585	
4	0	0	0	0	604	
5	0	0	0	0	621	
6	0	0	0	0	638	
7	0	0	0	0	654	
8	0	0	0	0	671	
9	0	0	0	0	690	
10	0	0	0	0	706	
11	0	0	0	0	723	
12	0	0	0	0	745	
13	0	0	0	0	768	
14	0	0	0	0	794	
15	0	0	0	0	819	
0	0	0	0	0	843	
1	0	0	0	0	863	
2	0	0	0	0	877	
3	0	0	0	0	884	
4	0	0	0	0	886	
5	0	0	0	0	882	
6	0	0	0	0	873	
7	0	0	0	0	862	
8	0	0	0	0	846	
9	0	0	0	0	828	
10	0	0	0	0	804	
11	0	0	0	0	776	
12	0	0	0	0	743	
13	0	0	0	0	707	
14	0	0	0	0	668	
15	0	0	0	0	627	
0	0	0	0	0	588	
1	0	0	0	0	546	
2	0	0	0	0	501	
3	0	0	0	0	457	
4	0	0	0	0	423	
5	0	0	0	0	399	
6	0	0	0	0	384	
7	0	0	0	0	378	
8	0	0	0	0	376	
9	0	0	0	0	377	
10	0	0	0	0	383	
11	0	0	0	0	388	
12	0	0	0	0	398	
13	0	0	0	0	406	
14	0	0	0	0	412	
15	0	0	0	0	419	
0	0	0	0	0	428	
1	0	0	0	0	435	
2	0	0	0	0	441	
3	0	0	0	0	447	
4	0	0	0	0	451	
5	0	0	0	0	458	
6	0	0	0	0	462	
7	0	0	0	0	465	
8	0	0	0	0	467	
9	0	0	0	0	465	
10	0	0	0	0	465	
11	0	0	0	0	465	
12	0	0	0	0	462	
13	0	0	0	0	460	
14	0	0	0	0	459	
15	0	0	0	0	459	
0	0	0	0	0	460	
1	0	0	0	0	462	
2	0	0	0	0	463	
3	0	0	0	0	465	
4	0	0	0	0	465	
5	0	0	0	0	466	
6	0	0	0	0	468	
7	0	0	0	0	467	
8	0	0	0	0	468	
9	0	0	0	0	468	
10	0	0	0	0	468	
11	0	0	0	0	465	
12	0	0	0	0	463	
13	0	0	0	0	467	
14	0	0	0	0	468	
15	0	0	0	0	468	
0	0	0	0	0	467	
1	0	0	0	0	469	
2	0	0	0	0	471	
3	0	0	0	0	471	
4	0	0	0	0	470	
5	0	0	0	0	469	
6	0	0	0	0	471	
7	0	0	0	0	472	
8	0	0	0	0	472	
9	0	0	0	0	474	
10	0	0	0	0	475	
11	0	0	0	0	476	
12	0	0	0	0	474	
13	0	0	0	0	474	
14	0	0	0	0	476	
15	0	0	0	0	476	
0	0	0	0	0	477	
1	0	0	0	0	476	
2	0	0	0	0	476	
3	0	0	0	0	478	
4	0	0	0	0	479	
5	0	0	0	0	478	
6	0	0	0	0	477	
7	0	0	0	0	480	
8	0	0	0	0	481	
9	0	0	0	0	481	
10	0	0	0	0	481	
11	0	0	0	0	482	
12	0	0	0	0	481	
13	0	0	0	0	482	
14	0	0	0	0	484	
15	0	0	0	0	484	
0	0	0	0	0	485	
1	0	0	0	0	486	
2	0	0	0	0	487	
3	0	0	0	0	488	
4	0	0	0	0	490	
5	0	0	0	0	492	
6	0	0	0	0	492	
7	0	0	0	0	492	
8	0	0	0	0	491	
9	0	0	0	0	491	
10	0	0	0	0	491	
11	0	0	0	0	489	
12	0	0	0	0	490	
13	0	0	0	0	492	
14	0	0	0	0	491	
15	0	0	0	0	490	
0	0	0	0	0	490	
1	0	0	0	0	491	
2	0	0	0	0	493	
3	0	0	0	0	494	
4	0	0	0	0	494	
5	0	0	0	0	494	
6	0	0	0	0	495	
7	0	0	0	0	496	
8	0	0	0	0	496	
9	0	0	0	0	498	
10	0	0	0	0	500	
11	0	0	0	0	503	
12	0	0	0	0	505	
13	0	0	0	0	506	
14	0	0	0	0	507	
15	0	0	0	0	505	
0	0	0	0	0	505	
1	0	0	0	0	506	
2	0	0	0	0	508	
3	0	0	0	0	509	
4	0	0	0	0	509	
5	0	0	0	0	509	
6	0	0	0	0	508	
7	0	0	0	0	510	
8	0	0	0	0	512	
9	0	0	0	0	510	
10	0	0	0	0	509	
11	0	0	0	0	508	
12	0	0	0	0	510	
13	0	0	0	0	509	
14	0	0	0	0	508	
15	0	0	0	0	509	
0	0	0	0	0	507	
1	0	0	0	0	508	
2	0	0	0	0	510	
3	0	0	0	0	510	
4	0	0	0	0	511	
5	0	0	0	0	511	
6	0	0	0	0	509	
7	0	0	0	0	510	
8	0	0	0	0	514	
9	0	0	0	0	517	
10	0	0	0	0	519	
11	0	0	0	0	520	
12	0	0	0	0	520	
13	0	0	0	0	521	
14	0	0	0	0	524	
15	0	0	0	0	526	
0	0	0	0	0	526	
1	0	0	0	0	527	
2	0	0	0	0	527	
3	0	0	0	0	527	
4	0	0	0	0	528	
5	0	0	0	0	530	
6	0	0	0	0	531	
7	0	0	0	0	530	
8	0	0	0	0	532	
9	0	0	0	0	536	
10	0	0	0	0	539	
11	0	0	0	0	539	
12	0	0	0	0	539	
13	0	0	0	0	540	
14	0	0	0	0	540	
15	0	0	0	0	542	
0	0	0	0	0	542	
1	0	0	0	0	541	
2	0	0	0	0	540	
3	0	0	0	0	540	
4	0	0	0	0	539	
5	0	0	0	0	540	
6	0	0	0	0	542	
7	0	0	0	0	546	
8	0	0	0	0	551	
9	0	0	0	0	554	
10	0	0	0	0	556	
11	0	0	0	0	557	
12	0	0	0	0	554	
13	0	0	0	0	552	
14	0	0	0	0	553	
15	0	0	0	0	553	
0	0	0	0	0	550	
1	0	0	0	0	549	
2	0	0	0	0	549	
3	0	0	0	0	550	
4	0	0	0	0	550	
5	0	0	0	0	550	
6	0	0	0	0	550	
7	0	0	0	0	552	
8	0	0	0	0	554	
9	0	0	0	0	559	
10	0	0	0	0	561	
11	0	0	0	0	563	
12	0	0	0	0	564	
13	0	0	0	0	564	
14	0	0	0	0	562	
15	0	0	0	0	563	
0	0	0	0	0	562	
1	0	0	0	0	563	
2	0	0	0	0	567	
3	0	0	0	0	570	
4	0	0	0	0	571	
5	0	0	0	0	574	
6	0	0	0	0	575	
7	0	0	0	0	575	
8	0	0	0	0	575	
9	0	0	0	0	575	
10	0	0	0	0	578	
11	0	0	0	0	581	
12	0	0	0	0	581	
13	0	0	0	0	580	
14	0	0	0	0	580	
15	0	0	0	0	580	
0	0	0	0	0	579	
1	0	0	0	0	580	
2	0	0	0	0	580	
3	0	0	0	0	580	
4	0	0	0	0	579	
5	0	0	0	0	578	
6	0	0	0	0	577	
7	0	0	0	0	576	
8	0	0	0	0	576	
9	0	0	0	0	576	
10	0	0	0	0	576	
11	0	0	0	0	576	
12	0	0	0	0	578	
13	0	0	0	0	580	
14	0	0	0	0	578	
15	0	0	0	0	576	
0	0	0	0	0	576	
1	0	0	0	0	577	
2	0	0	0	0	580	
3	0	0	0	0	582	
4	0	0	0	0	581	
5	0	0	0	0	581	
6	0	0	0	0	581	
7	0	0	0	0	579	
8	0	0	0	0	578	
9	0	0	0	0	576	
10	0	0	0	0	575	
11	0	0	0	0	576	
12	0	0	0	0	574	
13	0	0	0	0	571	
14	0	0	0	0	568	
15	0	0	0	0	568	
0	0	0	0	0	567	
1	0	0	0	0	564	
2	0	0	0	0	562	
3	0	0	0	0	560	
4	0	0	0	0	559	
5	0	0	0	0	558	
6	0	0	0	0	555	
7	0	0	0	0	552	
8	0	0	0	0	551	
9	0	0	0	0	553	
10	0	0	0	0	551	
11	0	0	0	0	547	
12	0	0	0	0	543	
13	0	0	0	0	541	
14	0	0	0	0	539	
15	0	0	0	0	539	
0	0	0	0	0	537	
1	0	0	0	0	533	
2	0	0	0	0	529	
3	0	0	0	0	527	
4	0	0	0	0	525	
5	0	0	0	0	520	
6	0	0	0	0	515	
7	0	0	0	0	511	
8	0	0	0	0	507	
9	0	0	0	0	504	
10	0	0	0	0	501	
11	0	0	0	0	499	
12	0	0	0	0	498	
13	0	0	0	0	496	
14	0	0	0	0	494	
15	0	0	0	0	494	
0	0	0	0	0	493	
1	0	0	0	0	488	
2	0	0	0	0	481	
3	0	0	0	0	479	
4	0	0	0	0	477	
5	0	0	0	0	473	
6	0	0	0	0	470	
7	0	0	0	0	469	
8	0	0	0	0	468	
9	0	0	0	0	467	
10	0	0	0	0	464	
11	0	0	0	0	462	
12	0	0	0	0	461	
13	0	0	0	0	458	
14	0	0	0	0	459	
15	0	0	0	0	456	
0	0	0	0	0	457	
1	0	0	0	0	456	
2	0	0	0	0	452	
3	0	0	0	0	447	
4	0	0	0	0	444	
5	0	0	0	0	444	
6	0	0	0	0	444	
7	0	0	0	0	444	
8	0	0	0	0	445	
9	0	0	0	0	445	
10	0	0	0	0	443	
11	0	0	0	0	443	
12	0	0	0	0	444	
13	0	0	0	0	445	
14	0	0	0	0	444	
15	0	0	0	0	442	
0	0	0	0	0	440	
1	0	0	0	0	443	
2	0	0	0	0	442	
3	0	0	0	0	440	
4	0	0	0	0	435	
5	0	0	0	0	434	
6	0	0	0	0	435	
7	0	0	0	0	433	
8	0	0	0	0	434	
9	0	0	0	0	434	
10	0	0	0	0	435	
11	0	0	0	0	434	
12	0	0	0	0	435	
13	0	0	0	0	435	
14	0	0	0	0	438	
15	0	0	0	0	436	
0	0	0	0	0	435	
1	0	0	0	0	435	
2	0	0	0	0	436	
3	0	0	0	0	435	
4	0	0	0	0	436	
5	0	0	0	0	439	
6	0	0	0	0	441	
7	0	0	0	0	440	
8	0	0	0	0	443	
9	0	0	0	0	446	
10	0	0	0	0	448	
11	0	0	0	0	448	
12	0	0	0	0	445	
13	0	0	0	0	447	
14	0	0	0	0	451	
15	0	0	0	0	454	
0	0	0	0	0	455	
1	0	0	0	0	454	
2	0	0	0	0	451	
3	0	0	0	0	449	
4	0	0	0	0	451	
5	0	0	0	0	449	
6	0	0	0	0	449	
7	0	0	0	0	447	
8	0	0	0	0	446	
9	0	0	0	0	446	
10	0	0	0	0	447	
11	0	0	0	0	447	
12	0	0	0	0	447	
13	0	0	0	0	447	
14	0	0	0	0	446	
15	0	0	0	0	448	
0	0	0	0	0	451	
1	0	0	0	0	454	
2	0	0	0	0	456	
3	0	0	0	0	456	
4	0	0	0	0	458	
5	0	0	0	0	459	
6	0	0	0	0	459	
7	0	0	0	0	459	
8	0	0	0	0	460	
9	0	0	0	0	463	
10	0	0	0	0	465	
11	0	0	0	0	465	
12	0	0	0	0	465	
13	0	0	0	0	466	
14	0	0	0	0	467	
15	0	0	0	0	468	
0	0	0	0	0	471	
1	0	0	0	0	472	
2	0	0	0	0	474	
3	0	0	0	0	475	
4	0	0	0	0	475	
5	0	0	0	0	475	
6	0	0	0	0	474	
7	0	0	0	0	475	
8	0	0	0	0	474	
9	0	0	0	0	473	
10	0	0	0	0	475	
11	0	0	0	0	472	
12	0	0	0	0	469	
13	0	0	0	0	473	
14	0	0	0	0	477	
15	0	0	0	0	481	
0	0	0	0	0	483	
1	0	0	0	0	483	
2	0	0	0	0	486	
3	0	0	0	0	487	
4	0	0	0	0	489	
5	0	0	0	0	489	
6	0	0	0	0	493	
7	0	0	0	0	496	
8	0	0	0	0	495	
9	0	0	0	0	495	
10	0	0	0	0	493	
11	0	0	0	0	491	
12	0	0	0	0	489	
13	0	0	0	0	487	
14	0	0	0	0	485	
15	0	0	0	0	486	
0	0	0	0	0	487	
1	0	0	0	0	492	
2	0	0	0	0	494	
3	0	0	0	0	494	
4	0	0	0	0	497	
5	0	0	0	0	497	
6	0	0	0	0	499	
7	0	0	0	0	499	
8	0	0	0	0	498	
9	0	0	0	0	497	
10	0	0	0	0	495	
11	0	0	0	0	495	
12	0	0	0	0	496	
13	0	0	0	0	498	
14	0	0	0	0	498	
15	0	0	0	0	499	
0	0	0	0	0	500	
1	0	0	0	0	501	
2	0	0	0	0	502	
3	0	0	0	0	504	
4	0	0	0	0	505	
5	0	0	0	0	505	
6	0	0	0	0	505	
7	0	0	0	0	508	
8	0	0	0	0	510	
9	0	0	0	0	509	
10	0	0	0	0	504	
11	0	0	0	0	500	
12	0	0	0	0	500	
13	0	0	0	0	502	
14	0	0	0	0	504	
15	0	0	0	0	504	
0	0	0	0	0	505	
1	0	0	0	0	507	
2	0	0	0	0	507	
3	0	0	0	0	505	
4	0	0	0	0	508	
5	0	0	0	0	510	
6	0	0	0	0	511	
7	0	0	0	0	510	
8	0	0	0	0	508	
9	0	0	0	0	507	
10	0	0	0	0	508	
11	0	0	0	0	511	
12	0	0	0	0	514	
13	0	0	0	0	516	
14	0	0	0	0	516	
15	0	0	0	0	517	
0	0	0	0	0	516	
1	0	0	0	0	518	
2	0	0	0	0	519	
3	0	0	0	0	519	
4	0	0	0	0	520	
5	0	0	0	0	518	
6	0	0	0	0	517	
7	0	0	0	0	518	
8	0	0	0	0	515	
9	0	0	0	0	514	
10	0	0	0	0	513	
11	0	0	0	0	512	
12	0	0	0	0	513	
13	0	0	0	0	511	
14	0	0	0	0	511	
15	0	0	0	0	508	
0	0	0	0	0	507	
1	0	0	0	0	507	
2	0	0	0	0	508	
3	0	0	0	0	509	
4	0	0	0	0	512	
5	0	0	0	0	513	
6	0	0	0	0	511	
7	0	0	0	0	512	
8	0	0	0	0	512	
9	0	0	0	0	513	
10	0	0	0	0	512	
11	0	0	0	0	512	
12	0	0	0	0	510	
13	0	0	0	0	509	
14	0	0	0	0	510	
15	0	0	0	0	511	
0	0	0	0	0	511	
1	0	0	0	0	511	
2	0	0	0	0	513	
3	0	0	0	0	512	
4	0	0	0	0	511	
5	0	0	0	0	512	
6	0	0	0	0	513	
7	0	0	0	0	517	
8	0	0	0	0	518	
9	0	0	0	0	518	
10	0	0	0	0	515	
11	0	0	0	0	513	
12	0	0	0	0	512	
13	0	0	0	0	513	
14	0	0	0	0	514	
15	0	0	0	0	513	
0	0	0	0	0	511	
1	0	0	0	0	509	
2	0	0	0	0	511	
3	0	0	0	0	512	
4	0	0	0	0	511	
5	0	0	0	0	508	
6	0	0	0	0	506	
7	0	0	0	0	505	
8	0	0	0	0	502	
9	0	0	0	0	500	
10	0	0	0	0	499	
11	0	0	0	0	500	
12	0	0	0	0	501	
13	0	0	0	0	502	
14	0	0	0	0	502	
15	0	0	0	0	500	
0	0	0	0	0	499	
1	0	0	0	0	501	
2	0	0	0	0	502	
3	0	0	0	0	500	
4	0	0	0	0	502	
5	0	0	0	0	503	
6	0	0	0	0	499	
7	0	0	0	0	500	
8	0	0	0	0	502	
9	0	0	0	0	504	
10	0	0	0	0	504	
11	0	0	0	0	502	
12	0	0	0	0	502	
13	0	0	0	0	503	
14	0	0	0	0	505	
15	0	0	0	0	505	
0	0	0	0	0	508	
1	0	0	0	0	508	
2	0	0	0	0	507	
3	0	0	0	0	504	
4	0	0	0	0	503	
5	0	0	0	0	503	
6	0	0	0	0	505	
7	0	0	0	0	508	
8	0	0	0	0	510	
9	0	0	0	0	511	
10	0	0	0	0	510	
11	0	0	0	0	510	
12	0	0	0	0	512	
13	0	0	0	0	514	
14	0	0	0	0	514	
15	0	0	0	0	514	
0	0	0	0	0	511	
1	0	0	0	0	511	
2	0	0	0	0	508	
3	0	0	0	0	507	
4	0	0	0	0	507	
5	0	0	0	0	511	
6	0	0	0	0	512	
7	0	0	0	0	510	
8	0	0	0	0	509	
9	0	0	0	0	506	
10	0	0	0	0	503	
11	0	0	0	0	505	
12	0	0	0	0	506	
13	0	0	0	0	507	
14	0	0	0	0	505	
15	0	0	0	0	505	
0	0	0	0	0	504	
1	0	0	0	0	505	
2	0	0	0	0	507	
3	0	0	0	0	508	
4	0	0	0	0	510	
5	0	0	0	0	513	
6	0	0	0	0	514	
7	0	0	0	0	515	
8	0	0	0	0	517	
9	0	0	0	0	521	
10	0	0	0	0	526	
11	0	0	0	0	529	
12	0	0	0	0	531	
13	0	0	0	0	527	
14	0	0	0	0	527	
15	0	0	0	0	530	
0	0	0	0	0	529	
1	0	0	0	0	531	
2	0	0	0	0	533	
3	0	0	0	0	535	
4	0	0	0	0	535	
5	0	0	0	0	534	
6	0	0	0	0	533	
7	0	0	0	0	532	
8	0	0	0	0	534	
9	0	0	0	0	534	
10	0	0	0	0	535	
11	0	0	0	0	535	
12	0	0	0	0	534	
13	0	0	0	0	530	
14	0	0	0	0	526	
15	0	0	0	0	523	
0	0	0	0	0	524	
1	0	0	0	0	524	
2	0	0	0	0	524	
3	0	0	0	0	523	
4	0	0	0	0	519	
5	0	0	0	0	519	
6	0	0	0	0	521	
7	0	0	0	0	523	
8	0	0	0	0	527	
9	0	0	0	0	528	
10	0	0	0	0	527	
11	0	0	0	0	531	
12	0	0	0	0	533	
13	0	0	0	0	536	
14	0	0	0	0	536	
15	0	0	0	0	540	
0	0	0	0	0	541	
1	0	0	0	0	539	
2	0	0	0	0	536	
3	0	0	0	0	536	
4	0	0	0	0	536	
5	0	0	0	0	536	
6	0	0	0	0	536	
7	0	0	0	0	535	
8	0	0	0	0	534	
9	0	0	0	0	532	
10	0	0	0	0	531	
11	0	0	0	0	531	
12	0	0	0	0	532	
13	0	0	0	0	531	
14	0	0	0	0	528	
15	0	0	0	0	525	
0	0	0	0	0	521	
1	0	0	0	0	521	
2	0	0	0	0	522	
3	0	0	0	0	521	
4	0	0	0	0	522	
5	0	0	0	0	522	
6	0	0	0	0	520	
7	0	0	0	0	521	
8	0	0	0	0	521	
9	0	0	0	0	521	
10	0	0	0	0	522	
11	0	0	0	0	522	
12	0	0	0	0	525	
13	0	0	0	0	528	
14	0	0	0	0	529	
15	0	0	0	0	529	
0	0	0	0	0	528	
1	0	0	0	0	528	
2	0	0	0	0	527	
3	0	0	0	0	525	
4	0	0	0	0	523	
5	0	0	0	0	520	
6	0	0	0	0	518	
7	0	0	0	0	516	
8	0	0	0	0	513	
9	0	0	0	0	513	
10	0	0	0	0	510	
11	0	0	0	0	507	
12	0	0	0	0	508	
13	0	0	0	0	510	
14	0	0	0	0	510	
15	0	0	0	0	510	
0	0	0	0	0	509	
1	0	0	0	0	509	
2	0	0	0	0	508	
3	0	0	0	0	507	
4	0	0	0	0	506	
5	0	0	0	0	505	
6	0	0	0	0	507	
7	0	0	0	0	507	
8	0	0	0	0	508	
9	0	0	0	0	511	
10	0	0	0	0	511	
11	0	0	0	0	511	
12	0	0	0	0	512	
13	0	0	0	0	514	
14	0	0	0	0	512	
15	0	0	0	0	511	
0	0	0	0	0	512	
1	0	0	0	0	512	
2	0	0	0	0	511	
3	0	0	0	0	508	
4	0	0	0	0	508	
5	0	0	0	0	508	
6	0	0	0	0	510	
7	0	0	0	0	510	
8	0	0	0	0	508	
9	0	0	0	0	511	
10	0	0	0	0	512	
11	0	0	0	0	514	
12	0	0	0	0	515	
13	0	0	0	0	514	
14	0	0	0	0	516	
15	0	0	0	0	520	
0	0	0	0	0	523	
1	0	0	0	0	525	
2	0	0	0	0	526	
3	0	0	0	0	526	
4	0	0	0	0	526	
5	0	0	0	0	525	
6	0	0	0	0	523	
7	0	0	0	0	519	
8	0	0	0	0	517	
9	0	0	0	0	514	
10	0	0	0	0	512	
11	0	0	0	0	512	
12	0	0	0	0	509	
13	0	0	0	0	507	
14	0	0	0	0	507	
15	0	0	0	0	507	
0	0	0	0	0	507	
1	0	0	0	0	509	
2	0	0	0	0	506	
3	0	0	0	0	504	
4	0	0	0	0	502	
5	0	0	0	0	501	
6	0	0	0	0	500	
7	0	0	0	0	504	
8	0	0	0	0	510	
9	0	0	0	0	516	
10	0	0	0	0	522	
11	0	0	0	0	530	
12	0	0	0	0	538	
13	0	0	0	0	540	
14	0	0	0	0	543	
15	0	0	0	0	551	
0	0	0	0	0	559	
1	0	0	0	0	563	
2	0	0	0	0	572	
3	0	0	0	0	578	
4	0	0	0	0	583	
5	0	0	0	0	592	
6	0	0	0	0	604	
7	0	0	0	0	620	
8	0	0	0	0	636	
9	0	0	0	0	654	
10	0	0	0	0	672	
11	0	0	0	0	693	
12	0	0	0	0	712	
13	0	0	0	0	732	
14	0	0	0	0	748	
15	0	0	0	0	764	
0	0	0	0	0	781	
1	0	0	0	0	797	
2	0	0	0	0	811	
3	0	0	0	0	823	
4	0	0	0	0	834	
5	0	0	0	0	838	
6	0	0	0	0	838	
7	0	0	0	0	833	
8	0	0	0	0	824	
9	0	0	0	0	810	
10	0	0	0	0	788	
11	0	0	0	0	765	
12	0	0	0	0	735	
13	0	0	0	0	705	
14	0	0	0	0	676	
15	0	0	0	0	643	
0	0	0	0	0	610	
1	0	0	0	0	571	
2	0	0	0	0	531	
3	0	0	0	0	495	
4	0	0	0	0	464	
5	0	0	0	0	440	
6	0	0	0	0	422	
7	0	0	0	0	410	
8	0	0	0	0	403	
9	0	0	0	0	394	
10	0	0	0	0	393	
11	0	0	0	0	395	
12	0	0	0	0	400	
13	0	0	0	0	408	
14	0	0	0	0	418	
15	0	0	0	0	428	
0	0	0	0	0	436	
1	0	0	0	0	444	
2	0	0	0	0	450	
3	0	0	0	0	453	
4	0	0	0	0	453	
5	0	0	0	0	456	
6	0	0	0	0	460	
7	0	0	0	0	464	
8	0	0	0	0	466	
9	0	0	0	0	467	
10	0	0	0	0	466	
11	0	0	0	0	467	
12	0	0	0	0	471	
13	0	0	0	0	471	
14	0	0	0	0	473	
15	0	0	0	0	476	
0	0	0	0	0	479	
1	0	0	0	0	480	
2	0	0	0	0	481	
3	0	0	0	0	480	
4	0	0	0	0	478	
5	0	0	0	0	478	
6	0	0	0	0	477	
7	0	0	0	0	475	
8	0	0	0	0	474	
9	0	0	0	0	473	
10	0	0	0	0	473	
11	0	0	0	0	474	
12	0	0	0	0	475	
13	0	0	0	0	477	
14	0	0	0	0	478	
15	0	0	0	0	480	
0	0	0	0	0	481	
1	0	0	0	0	480	
2	0	0	0	0	478	
3	0	0	0	0	479	
4	0	0	0	0	482	
5	0	0	0	0	488	
6	0	0	0	0	490	
7	0	0	0	0	492	
8	0	0	0	0	495	
9	0	0	0	0	496	
10	0	0	0	0	492	
11	0	0	0	0	490	
12	0	0	0	0	491	
13	0	0	0	0	487	
14	0	0	0	0	486	
15	0	0	0	0	486	
0	0	0	0	0	485	
1	0	0	0	0	484	
2	0	0	0	0	483	
3	0	0	0	0	483	
4	0	0	0	0	483	
5	0	0	0	0	484	
6	0	0	0	0	484	
7	0	0	0	0	485	
8	0	0	0	0	487	
9	0	0	0	0	487	
10	0	0	0	0	487	
11	0	0	0	0	488	
12	0	0	0	0	487	
13	0	0	0	0	487	
14	0	0	0	0	488	
15	0	0	0	0	488	
0	0	0	0	0	489	
1	0	0	0	0	492	
2	0	0	0	0	494	
3	0	0	0	0	499	
4	0	0	0	0	503	
5	0	0	0	0	504	
6	0	0	0	0	507	
7	0	0	0	0	506	
8	0	0	0	0	503	
9	0	0	0	0	499	
10	0	0	0	0	495	
11	0	0	0	0	491	
12	0	0	0	0	489	
13	0	0	0	0	490	
14	0	0	0	0	492	
15	0	0	0	0	493	
0	0	0	0	0	493	
1	0	0	0	0	497	
2	0	0	0	0	499	
3	0	0	0	0	502	
4	0	0	0	0	501	
5	0	0	0	0	500	
6	0	0	0	0	501	
7	0	0	0	0	502	
8	0	0	0	0	502	
9	0	0	0	0	503	
10	0	0	0	0	502	
11	0	0	0	0	503	
12	0	0	0	0	502	
13	0	0	0	0	501	
14	0	0	0	0	500	
15	0	0	0	0	501	
0	0	0	0	0	505	
1	0	0	0	0	507	
2	0	0	0	0	506	
3	0	0	0	0	507	
4	0	0	0	0	511	
5	0	0	0	0	513	
6	0	0	0	0	516	
7	0	0	0	0	517	
8	0	0	0	0	516	
9	0	0	0	0	516	
10	0	0	0	0	516	
11	0	0	0	0	518	
12	0	0	0	0	518	
13	0	0	0	0	516	
14	0	0	0	0	514	
15	0	0	0	0	514	
0	0	0	0	0	515	
1	0	0	0	0	517	
2	0	0	0	0	517	
3	0	0	0	0	518	
4	0	0	0	0	518	
5	0	0	0	0	520	
6	0	0	0	0	522	
7	0	0	0	0	523	
8	0	0	0	0	525	
9	0	0	0	0	525	
10	0	0	0	0	527	
11	0	0	0	0	526	
12	0	0	0	0	523	
13	0	0	0	0	522	
14	0	0	0	0	525	
15	0	0	0	0	528	
0	0	0	0	0	528	
1	0	0	0	0	529	
2	0	0	0	0	533	
3	0	0	0	0	536	
4	0	0	0	0	536	
5	0	0	0	0	536	
6	0	0	0	0	539	
7	0	0	0	0	542	
8	0	0	0	0	544	
9	0	0	0	0	544	
10	0	0	0	0	540	
11	0	0	0	0	539	
12	0	0	0	0	538	
13	0	0	0	0	536	
14	0	0	0	0	532	
15	0	0	0	0	528	
0	0	0	0	0	526	
1	0	0	0	0	524	
2	0	0	0	0	521	
3	0	0	0	0	523	
4	0	0	0	0	526	
5	0	0	0	0	531	
6	0	0	0	0	534	
7	0	0	0	0	535	
8	0	0	0	0	533	
9	0	0	0	0	532	
10	0	0	0	0	531	
11	0	0	0	0	532	
12	0	0	0	0	534	
13	0	0	0	0	537	
14	0	0	0	0	537	
15	0	0	0	0	539	
0	0	0	0	0	539	
1	0	0	0	0	539	
2	0	0	0	0	543	
3	0	0	0	0	546	
4	0	0	0	0	546	
5	0	0	0	0	547	
6	0	0	0	0	547	
7	0	0	0	0	547	
8	0	0	0	0	546	
9	0	0	0	0	547	
10	0	0	0	0	547	
11	0	0	0	0	548	
12	0	0	0	0	549	
13	0	0	0	0	551	
14	0	0	0	0	553	
15	0	0	0	0	555	
0	0	0	0	0	559	
1	0	0	0	0	562	
2	0	0	0	0	561	
3	0	0	0	0	562	
4	0	0	0	0	561	
5	0	0	0	0	565	
6	0	0	0	0	568	
7	0	0	0	0	571	
8	0	0	0	0	571	
9	0	0	0	0	572	
10	0	0	0	0	576	
11	0	0	0	0	577	
12	0	0	0	0	575	
13	0	0	0	0	572	
14	0	0	0	0	571	
15	0	0	0	0	566	
0	0	0	0	0	563	
1	0	0	0	0	563	
2	0	0	0	0	563	
3	0	0	0	0	563	
4	0	0	0	0	563	
5	0	0	0	0	564	
6	0	0	0	0	564	
7	0	0	0	0	567	
8	0	0	0	0	570	
9	0	0	0	0	572	
10	0	0	0	0	573	
11	0	0	0	0	574	
12	0	0	0	0	572	
13	0	0	0	0	570	
14	0	0	0	0	569	
15	0	0	0	0	569	
0	0	0	0	0	569	
1	0	0	0	0	570	
2	0	0	0	0	569	
3	0	0	0	0	567	
4	0	0	0	0	563	
5	0	0	0	0	564	
6	0	0	0	0	566	
7	0	0	0	0	563	
8	0	0	0	0	564	
9	0	0	0	0	566	
10	0	0	0	0	565	
11	0	0	0	0	566	
12	0	0	0	0	563	
13	0	0	0	0	562	
14	0	0	0	0	559	
15	0	0	0	0	556	
0	0	0	0	0	550	
1	0	0	0	0	549	
2	0	0	0	0	547	
3	0	0	0	0	545	
4	0	0	0	0	540	
5	0	0	0	0	540	
6	0	0	0	0	539	
7	0	0	0	0	536	
8	0	0	0	0	534	
9	0	0	0	0	532	
10	0	0	0	0	530	
11	0	0	0	0	527	
12	0	0	0	0	523	
13	0	0	0	0	523	
14	0	0	0	0	521	
15	0	0	0	0	519	
0	0	0	0	0	513	
1	0	0	0	0	510	
2	0	0	0	0	508	
3	0	0	0	0	508	
4	0	0	0	0	508	
5	0	0	0	0	504	
6	0	0	0	0	502	
7	0	0	0	0	499	
8	0	0	0	0	495	
9	0	0	0	0	492	
10	0	0	0	0	492	
11	0	0	0	0	490	
12	0	0	0	0	488	
13	0	0	0	0	484	
14	0	0	0	0	484	
15	0	0	0	0	483	
0	0	0	0	0	482	
1	0	0	0	0	480	
2	0	0	0	0	476	
3	0	0	0	0	473	
4	0	0	0	0	471	
5	0	0	0	0	467	
6	0	0	0	0	464	
7	0	0	0	0	461	
8	0	0	0	0	459	
9	0	0	0	0	457	
10	0	0	0	0	455	
11	0	0	0	0	453	
12	0	0	0	0	450	
13	0	0	0	0	449	
14	0	0	0	0	449	
15	0	0	0	0	447	
0	0	0	0	0	449	
1	0	0	0	0	447	
2	0	0	0	0	445	
3	0	0	0	0	444	
4	0	0	0	0	443	
5	0	0	0	0	443	
6	0	0	0	0	444	
7	0	0	0	0	444	
8	0	0	0	0	443	
9	0	0	0	0	442	
10	0	0	0	0	443	
11	0	0	0	0	445	
12	0	0	0	0	445	
13	0	0	0	0	442	
14	0	0	0	0	444	
15	0	0	0	0	444	
0	0	0	0	0	441	
1	0	0	0	0	441	
2	0	0	0	0	440	
3	0	0	0	0	439	
4	0	0	0	0	436	
5	0	0	0	0	436	
6	0	0	0	0	435	
7	0	0	0	0	435	
8	0	0	0	0	436	
9	0	0	0	0	436	
10	0	0	0	0	439	
11	0	0	0	0	443	
12	0	0	0	0	444	
13	0	0	0	0	443	
14	0	0	0	0	439	
15	0	0	0	0	436	
0	0	0	0	0	436	
1	0	0	0	0	437	
2	0	0	0	0	440	
3	0	0	0	0	443	
4	0	0	0	0	443	
5	0	0	0	0	444	
6	0	0	0	0	443	
7	0	0	0	0	443	
8	0	0	0	0	444	
9	0	0	0	0	444	
10	0	0	0	0	445	
11	0	0	0	0	447	
12	0	0	0	0	448	
13	0	0	0	0	448	
14	0	0	0	0	449	
15	0	0	0	0	450	
0	0	0	0	0	451	
1	0	0	0	0	454	
2	0	0	0	0	453	
3	0	0	0	0	451	
4	0	0	0	0	451	
5	0	0	0	0	450	
6	0	0	0	0	451	
7	0	0	0	0	451	
8	0	0	0	0	453	
9	0	0	0	0	454	
10	0	0	0	0	454	
11	0	0	0	0	458	
12	0	0	0	0	460	
13	0	0	0	0	462	
14	0	0	0	0	464	
15	0	0	0	0	467	
0	0	0	0	0	468	
1	0	0	0	0	467	
2	0	0	0	0	465	
3	0	0	0	0	468	
4	0	0	0	0	468	
5	0	0	0	0	467	
6	0	0	0	0	468	
7	0	0	0	0	470	
8	0	0	0	0	471	
9	0	0	0	0	473	
10	0	0	0	0	473	
11	0	0	0	0	475	
12	0	0	0	0	474	
13	0	0	0	0	474	
14	0	0	0	0	477	
15	0	0	0	0	478	
0	0	0	0	0	478	
1	0	0	0	0	478	
2	0	0	0	0	479	
3	0	0	0	0	480	
4	0	0	0	0	480	
5	0	0	0	0	481	
6	0	0	0	0	483	
7	0	0	0	0	485	
8	0	0	0	0	485	
9	0	0	0	0	484	
10	0	0	0	0	482	
11	0	0	0	0	483	
12	0	0	0	0	484	
13	0	0	0	0	483	
14	0	0	0	0	484	
15	0	0	0	0	486	
0	0	0	0	0	487	
1	0	0	0	0	488	
2	0	0	0	0	488	
3	0	0	0	0	490	
4	0	0	0	0	492	
5	0	0	0	0	492	
6	0	0	0	0	492	
7	0	0	0	0	493	
8	0	0	0	0	490	
9	0	0	0	0	488	
10	0	0	0	0	486	
11	0	0	0	0	486	
12	0	0	0	0	487	
13	0	0	0	0	490	
14	0	0	0	0	490	
15	0	0	0	0	490	
0	0	0	0	0	491	
1	0	0	0	0	491	
2	0	0	0	0	494	
3	0	0	0	0	495	
4	0	0	0	0	494	
5	0	0	0	0	492	
6	0	0	0	0	492	
7	0	0	0	0	493	
8	0	0	0	0	493	
9	0	0	0	0	492	
10	0	0	0	0	491	
11	0	0	0	0	490	
12	0	0	0	0	491	
13	0	0	0	0	492	
14	0	0	0	0	492	
15	0	0	0	0	494	
0	0	0	0	0	494	
1	0	0	0	0	494	
2	0	0	0	0	496	
3	0	0	0	0	496	
4	0	0	0	0	496	
5	0	0	0	0	496	
6	0	0	0	0	496	
7	0	0	0	0	496	
8	0	0	0	0	498	
9	0	0	0	0	498	
10	0	0	0	0	496	
11	0	0	0	0	494	
12	0	0	0	0	492	
13	0	0	0	0	492	
14	0	0	0	0	492	
15	0	0	0	0	492	
0	0	0	0	0	494	
1	0	0	0	0	495	
2	0	0	0	0	497	
3	0	0	0	0	498	
4	0	0	0	0	499	
5	0	0	0	0	502	
6	0	0	0	0	503	
7	0	0	0	0	501	
8	0	0	0	0	502	
9	0	0	0	0	503	
10	0	0	0	0	501	
11	0	0	0	0	503	
12	0	0	0	0	503	
13	0	0	0	0	505	
14	0	0	0	0	504	
15	0	0	0	0	504	
0	0	0	0	0	506	
1	0	0	0	0	507	
2	0	0	0	0	508	
3	0	0	0	0	506	
4	0	0	0	0	504	
5	0	0	0	0	505	
6	0	0	0	0	504	
7	0	0	0	0	502	
8	0	0	0	0	500	
9	0	0	0	0	499	
10	0	0	0	0	502	
11	0	0	0	0	504	
12	0	0	0	0	504	
13	0	0	0	0	503	
14	0	0	0	0	502	
15	0	0	0	0	503	
0	0	0	0	0	504	
1	0	0	0	0	505	
2	0	0	0	0	505	
3	0	0	0	0	506	
4	0	0	0	0	507	
5	0	0	0	0	509	
6	0	0	0	0	510	
7	0	0	0	0	510	
8	0	0	0	0	509	
9	0	0	0	0	509	
10	0	0	0	0	508	
11	0	0	0	0	507	
12	0	0	0	0	507	
13	0	0	0	0	508	
14	0	0	0	0	509	
15	0	0	0	0	508	
0	0	0	0	0	509	
1	0	0	0	0	508	
2	0	0	0	0	508	
3	0	0	0	0	509	
4	0	0	0	0	510	
5	0	0	0	0	510	
6	0	0	0	0	508	
7	0	0	0	0	508	
8	0	0	0	0	508	
9	0	0	0	0	507	
10	0	0	0	0	507	
11	0	0	0	0	507	
12	0	0	0	0	507	
13	0	0	0	0	506	
14	0	0	0	0	506	
15	0	0	0	0	507	
0	0	0	0	0	507	
1	0	0	0	0	508	
2	0	0	0	0	508	
3	0	0	0	0	508	
4	0	0	0	0	511	
5	0	0	0	0	511	
6	0	0	0	0	512	
7	0	0	0	0	513	
8	0	0	0	0	513	
9	0	0	0	0	512	
10	0	0	0	0	510	
11	0	0	0	0	510	
12	0	0	0	0	509	
13	0	0	0	0	507	
14	0	0	0	0	505	
15	0	0	0	0	504	
0	0	0	0	0	504	
1	0	0	0	0	505	
2	0	0	0	0	505	
3	0	0	0	0	508	
4	0	0	0	0	512	
5	0	0	0	0	511	
6	0	0	0	0	512	
7	0	0	0	0	512	
8	0	0	0	0	512	
9	0	0	0	0	512	
10	0	0	0	0	511	
11	0	0	0	0	510	
12	0	0	0	0	508	
13	0	0	0	0	508	
14	0	0	0	0	508	
15	0	0	0	0	507	
0	0	0	0	0	507	
1	0	0	0	0	508	
2	0	0	0	0	508	
3	0	0	0	0	508	
4	0	0	0	0	509	
5	0	0	0	0	508	
6	0	0	0	0	508	
7	0	0	0	0	509	
8	0	0	0	0	510	
9	0	0	0	0	510	
10	0	0	0	0	511	
11	0	0	0	0	511	
12	0	0	0	0	512	
13	0	0	0	0	512	
14	0	0	0	0	511	
15	0	0	0	0	510	
0	0	0	0	0	509	
1	0	0	0	0	509	
2	0	0	0	0	511	
3	0	0	0	0	511	
4	0	0	0	0	509	
5	0	0	0	0	509	
6	0	0	0	0	510	
7	0	0	0	0	512	
8	0	0	0	0	513	
9	0	0	0	0	513	
10	0	0	0	0	513	
11	0	0	0	0	513	
12	0	0	0	0	515	
13	0	0	0	0	515	
14	0	0	0	0	516	
15	0	0	0	0	519	
0	0	0	0	0	519	
1	0	0	0	0	518	
2	0	0	0	0	518	
3	0	0	0	0	518	
4	0	0	0	0	519	
5	0	0	0	0	521	
6	0	0	0	0	523	
7	0	0	0	0	525	
8	0	0	0	0	523	
9	0	0	0	0	520	
10	0	0	0	0	520	
11	0	0	0	0	520	
12	0	0	0	0	519	
13	0	0	0	0	517	
14	0	0	0	0	514	
15	0	0	0	0	511	
0	0	0	0	0	509	
1	0	0	0	0	508	
2	0	0	0	0	505	
3	0	0	0	0	503	
4	0	0	0	0	502	
5	0	0	0	0	500	
6	0	0	0	0	501	
7	0	0	0	0	503	
8	0	0	0	0	504	
9	0	0	0	0	505	
10	0	0	0	0	508	
11	0	0	0	0	510	
12	0	0	0	0	509	
13	0	0	0	0	511	
14	0	0	0	0	513	
15	0	0	0	0	512	
0	0	0	0	0	514	
1	0	0	0	0	515	
2	0	0	0	0	516	
3	0	0	0	0	518	
4	0	0	0	0	517	
5	0	0	0	0	516	
6	0	0	0	0	517	
7	0	0	0	0	518	
8	0	0	0	0	519	
9	0	0	0	0	519	
10	0	0	0	0	519	
11	0	0	0	0	519	
12	0	0	0	0	517	
13	0	0	0	0	515	
14	0	0	0	0	514	
15	0	0	0	0	513	
0	0	0	0	0	511	
1	0	0	0	0	509	
2	0	0	0	0	506	
3	0	0	0	0	504	
4	0	0	0	0	501	
5	0	0	0	0	501	
6	0	0	0	0	499	
7	0	0	0	0	499	
8	0	0	0	0	500	
9	0	0	0	0	502	
10	0	0	0	0	502	
11	0	0	0	0	502	
12	0	0	0	0	504	
13	0	0	0	0	505	
14	0	0	0	0	505	
15	0	0	0	0	506	
0	0	0	0	0	505	
1	0	0	0	0	505	
2	0	0	0	0	507	
3	0	0	0	0	508	
4	0	0	0	0	508	
5	0	0	0	0	510	
6	0	0	0	0	512	
7	0	0	0	0	514	
8	0	0	0	0	515	
9	0	0	0	0	515	
10	0	0	0	0	513	
11	0	0	0	0	512	
12	0	0	0	0	511	
13	0	0	0	0	509	
14	0	0	0	0	507	
15	0	0	0	0	504	
0	0	0	0	0	502	
1	0	0	0	0	501	
2	0	0	0	0	500	
3	0	0	0	0	499	
4	0	0	0	0	497	
5	0	0	0	0	497	
6	0	0	0	0	497	
7	0	0	0	0	499	
8	0	0	0	0	498	
9	0	0	0	0	497	
10	0	0	0	0	499	
11	0	0	0	0	499	
12	0	0	0	0	501	
13	0	0	0	0	499	
14	0	0	0	0	494	
15	0	0	0	0	492	
0	0	0	0	0	492	
1	0	0	0	0	492	
2	0	0	0	0	491	
3	0	0	0	0	491	
4	0	0	0	0	491	
5	0	0	0	0	491	
6	0	0	0	0	493	
7	0	0	0	0	493	
8	0	0	0	0	493	
9	0	0	0	0	494	
10	0	0	0	0	496	
11	0	0	0	0	496	
12	0	0	0	0	497	
13	0	0	0	0	497	
14	0	0	0	0	497	
15	0	0	0	0	498	
0	0	0	0	0	498	
1	0	0	0	0	498	
2	0	0	0	0	499	
3	0	0	0	0	499	
4	0	0	0	0	497	
5	0	0	0	0	497	
6	0	0	0	0	498	
7	0	0	0	0	498	
8	0	0	0	0	497	
9	0	0	0	0	497	
10	0	0	0	0	498	
11	0	0	0	0	497	
12	0	0	0	0	497	
13	0	0	0	0	498	
14	0	0	0	0	499	
15	0	0	0	0	498	
0	0	0	0	0	499	
1	0	0	0	0	498	
2	0	0	0	0	496	
3	0	0	0	0	493	
4	0	0	0	0	489	
5	0	0	0	0	488	
6	0	0	0	0	487	
7	0	0	0	0	488	
8	0	0	0	0	489	
9	0	0	0	0	493	
10	0	0	0	0	498	
11	0	0	0	0	503	
12	0	0	0	0	509	
13	0	0	0	0	516	
14	0	0	0	0	521	
15	0	0	0	0	526	
0	0	0	0	0	532	
1	0	0	0	0	539	
2	0	0	0	0	544	
3	0	0	0	0	552	
4	0	0	0	0	561	
5	0	0	0	0	571	
6	0	0	0	0	582	
7	0	0	0	0	595	
8	0	0	0	0	611	
9	0	0	0	0	627	
10	0	0	0	0	644	
11	0	0	0	0	663	
12	0	0	0	0	681	
13	0	0	0	0	700	
14	0	0	0	0	719	
15	0	0	0	0	738	
0	0	0	0	0	759	
1	0	0	0	0	779	
2	0	0	0	0	798	
3	0	0	0	0	814	
4	0	0	0	0	829	
5	0	0	0	0	841	
6	0	0	0	0	844	
7	0	0	0	0	840	
8	0	0	0	0	834	
9	0	0	0	0	827	
10	0	0	0	0	815	
11	0	0	0	0	797	
12	0	0	0	0	777	
13	0	0	0	0	755	
14	0	0	0	0	724	
15	0	0	0	0	694	
0	0	0	0	0	660	
1	0	0	0	0	623	
2	0	0	0	0	583	
3	0	0	0	0	540	
4	0	0	0	0	498	
5	0	0	0	0	459	
6	0	0	0	0	427	
7	0	0	0	0	402	
8	0	0	0	0	386	
9	0	0	0	0	378	
10	0	0	0	0	377	
11	0	0	0	0	382	
12	0	0	0	0	388	
13	0	0	0	0	394	
14	0	0	0	0	401	
15	0	0	0	0	409	
0	0	0	0	0	416	
1	0	0	0	0	422	
2	0	0	0	0	425	
3	0	0	0	0	431	
4	0	0	0	0	435	
5	0	0	0	0	440	
6	0	0	0	0	444	
7	0	0	0	0	448	
8	0	0	0	0	450	
9	0	0	0	0	451	
10	0	0	0	0	452	
11	0	0	0	0	452	
12	0	0	0	0	454	
13	0	0	0	0	455	
14	0	0	0	0	455	
15	0	0	0	0	456	
0	0	0	0	0	458	
1	0	0	0	0	459	
2	0	0	0	0	460	
3	0	0	0	0	459	
4	0	0	0	0	460	
5	0	0	0	0	460	
6	0	0	0	0	460	
7	0	0	0	0	459	
8	0	0	0	0	458	
9	0	0	0	0	459	
10	0	0	0	0	459	
11	0	0	0	0	460	
12	0	0	0	0	461	
13	0	0	0	0	464	
14	0	0	0	0	469	
15	0	0	0	0	476	
0	0	0	0	0	481	
1	0	0	0	0	486	
2	0	0	0	0	490	
3	0	0	0	0	494	
4	0	0	0	0	498	
5	0	0	0	0	501	
6	0	0	0	0	504	
7	0	0	0	0	507	
8	0	0	0	0	509	
9	0	0	0	0	511	
10	0	0	0	0	510	
11	0	0	0	0	509	
12	0	0	0	0	507	
13	0	0	0	0	506	
14	0	0	0	0	504	
15	0	0	0	0	502	
0	0	0	0	0	501	
1	0	0	0	0	499	
2	0	0	0	0	498	
3	0	0	0	0	498	
4	0	0	0	0	496	
5	0	0	0	0	495	
6	0	0	0	0	492	
7	0	0	0	0	491	
8	0	0	0	0	489	
9	0	0	0	0	489	
10	0	0	0	0	489	
11	0	0	0	0	488	
12	0	0	0	0	489	
13	0	0	0	0	489	
14	0	0	0	0	490	
15	0	0	0	0	492	
0	0	0	0	0	491	
1	0	0	0	0	492	
2	0	0	0	0	491	
3	0	0	0	0	489	
4	0	0	0	0	490	
5	0	0	0	0	489	
6	0	0	0	0	489	
7	0	0	0	0	487	
8	0	0	0	0	485	
9	0	0	0	0	485	
10	0	0	0	0	485	
11	0	0	0	0	486	
12	0	0	0	0	487	
13	0	0	0	0	488	
14	0	0	0	0	488	
15	0	0	0	0	487	
0	0	0	0	0	487	
1	0	0	0	0	488	
2	0	0	0	0	488	
3	0	0	0	0	489	
4	0	0	0	0	490	
5	0	0	0	0	491	
6	0	0	0	0	491	
7	0	0	0	0	492	
8	0	0	0	0	491	
9	0	0	0	0	491	
10	0	0	0	0	492	
11	0	0	0	0	493	
12	0	0	0	0	492	
13	0	0	0	0	493	
14	0	0	0	0	494	
15	0	0	0	0	495	
0	0	0	0	0	495	
1	0	0	0	0	496	
2	0	0	0	0	496	
3	0	0	0	0	497	
4	0	0	0	0	498	
5	0	0	0	0	498	
6	0	0	0	0	498	
7	0	0	0	0	499	
8	0	0	0	0	498	
9	0	0	0	0	498	
10	0	0	0	0	497	
11	0	0	0	0	497	
12	0	0	0	0	497	
13	0	0	0	0	496	
14	0	0	0	0	497	
15	0	0	0	0	498	
0	0	0	0	0	500	
1	0	0	0	0	502	
2	0	0	0	0	503	
3	0	0	0	0	505	
4	0	0	0	0	506	
5	0	0	0	0	505	
6	0	0	0	0	503	
7	0	0	0	0	502	
8	0	0	0	0	501	
9	0	0	0	0	502	
10	0	0	0	0	502	
11	0	0	0	0	503	
12	0	0	0	0	504	
13	0	0	0	0	503	
14	0	0	0	0	504	
15	0	0	0	0	504	
0	0	0	0	0	505	
1	0	0	0	0	506	
2	0	0	0	0	507	
3	0	0	0	0	509	
4	0	0	0	0	509	
5	0	0	0	0	510	
6	0	0	0	0	511	
7	0	0	0	0	512	
8	0	0	0	0	513	
9	0	0	0	0	513	
10	0	0	0	0	513	
11	0	0	0	0	514	
12	0	0	0	0	515	
13	0	0	0	0	517	
14	0	0	0	0	518	
15	0	0	0	0	519	
0	0	0	0	0	519	
1	0	0	0	0	519	
2	0	0	0	0	521	
3	0	0	0	0	523	
4	0	0	0	0	523	
5	0	0	0	0	523	
6	0	0	0	0	522	
7	0	0	0	0	523	
8	0	0	0	0	524	
9	0	0	0	0	524	
10	0	0	0	0	525	
11	0	0	0	0	526	
12	0	0	0	0	526	
13	0	0	0	0	526	
14	0	0	0	0	526	
15	0	0	0	0	527	
0	0	0	0	0	530	
1	0	0	0	0	532	
2	0	0	0	0	533	
3	0	0	0	0	534	
4	0	0	0	0	535	
5	0	0	0	0	537	
6	0	0	0	0	539	
7	0	0	0	0	540	
8	0	0	0	0	540	
9	0	0	0	0	539	
10	0	0	0	0	540	
11	0	0	0	0	540	
12	0	0	0	0	540	
13	0	0	0	0	541	
14	0	0	0	0	542	
15	0	0	0	0	543	
0	0	0	0	0	546	
1	0	0	0	0	546	
2	0	0	0	0	548	
3	0	0	0	0	549	
4	0	0	0	0	550	
5	0	0	0	0	551	
6	0	0	0	0	553	
7	0	0	0	0	555	
8	0	0	0	0	556	
9	0	0	0	0	555	
10	0	0	0	0	556	
11	0	0	0	0	559	
12	0	0	0	0	560	
13	0	0	0	0	559	
14	0	0	0	0	559	
15	0	0	0	0	558	
0	0	0	0	0	558	
1	0	0	0	0	559	
2	0	0	0	0	560	
3	0	0	0	0	561	
4	0	0	0	0	563	
5	0	0	0	0	563	
6	0	0	0	0	563	
7	0	0	0	0	563	
8	0	0	0	0	563	
9	0	0	0	0	563	
10	0	0	0	0	562	
11	0	0	0	0	562	
12	0	0	0	0	563	
13	0	0	0	0	563	
14	0	0	0	0	563	
15	0	0	0	0	563	
0	0	0	0	0	562	
1	0	0	0	0	563	
2	0	0	0	0	565	
3	0	0	0	0	567	
4	0	0	0	0	569	
5	0	0	0	0	572	
6	0	0	0	0	572	
7	0	0	0	0	571	
8	0	0	0	0	571	
9	0	0	0	0	570	
10	0	0	0	0	569	
11	0	0	0	0	568	
12	0	0	0	0	567	
13	0	0	0	0	566	
14	0	0	0	0	564	
15	0	0	0	0	562	
0	0	0	0	0	560	
1	0	0	0	0	559	
2	0	0	0	0	557	
3	0	0	0	0	556	
4	0	0	0	0	553	
5	0	0	0	0	551	
6	0	0	0	0	548	
7	0	0	0	0	547	
8	0	0	0	0	545	
9	0	0	0	0	544	
10	0	0	0	0	542	
11	0	0	0	0	540	
12	0	0	0	0	537	
13	0	0	0	0	534	
14	0	0	0	0	531	
15	0	0	0	0	528	
0	0	0	0	0	525	
1	0	0	0	0	523	
2	0	0	0	0	520	
3	0	0	0	0	518	
4	0	0	0	0	515	
5	0	0	0	0	512	
6	0	0	0	0	511	
7	0	0	0	0	508	
8	0	0	0	0	506	
9	0	0	0	0	503	
10	0	0	0	0	500	
11	0	0	0	0	499	
12	0	0	0	0	496	
13	0	0	0	0	493	
14	0	0	0	0	491	
15	0	0	0	0	488	
0	0	0	0	0	485	
1	0	0	0	0	483	
2	0	0	0	0	479	
3	0	0	0	0	477	
4	0	0	0	0	475	
5	0	0	0	0	474	
6	0	0	0	0	472	
7	0	0	0	0	470	
8	0	0	0	0	468	
9	0	0	0	0	467	
10	0	0	0	0	465	
11	0	0	0	0	464	
12	0	0	0	0	462	
13	0	0	0	0	460	
14	0	0	0	0	459	
15	0	0	0	0	457	
0	0	0	0	0	455	
1	0	0	0	0	453	
2	0	0	0	0	451	
3	0	0	0	0	450	
4	0	0	0	0	449	
5	0	0	0	0	447	
6	0	0	0	0	446	
7	0	0	0	0	445	
8	0	0	0	0	444	
9	0	0	0	0	443	
10	0	0	0	0	444	
11	0	0	0	0	444	
12	0	0	0	0	444	
13	0	0	0	0	443	
14	0	0	0	0	442	
15	0	0	0	0	443	
0	0	0	0	0	443	
1	0	0	0	0	440	
2	0	0	0	0	438	
3	0	0	0	0	437	
4	0	0	0	0	436	
5	0	0	0	0	436	
6	0	0	0	0	438	
7	0	0	0	0	439	
8	0	0	0	0	439	
9	0	0	0	0	439	
10	0	0	0	0	438	
11	0	0	0	0	437	
12	0	0	0	0	437	
13	0	0	0	0	439	
14	0	0	0	0	438	
15	0	0	0	0	438	
0	0	0	0	0	439	
1	0	0	0	0	441	
2	0	0	0	0	441	
3	0	0	0	0	441	
4	0	0	0	0	441	
5	0	0	0	0	441	
6	0	0	0	0	440	
7	0	0	0	0	441	
8	0	0	0	0	441	
9	0	0	0	0	443	
10	0	0	0	0	444	
11	0	0	0	0	445	
12	0	0	0	0	447	
13	0	0	0	0	448	
14	0	0	0	0	447	
15	0	0	0	0	447	
0	0	0	0	0	447	
1	0	0	0	0	447	
2	0	0	0	0	447	
3	0	0	0	0	447	
4	0	0	0	0	448	
5	0	0	0	0	450	
6	0	0	0	0	451	
7	0	0	0	0	452	
8	0	0	0	0	454	
9	0	0	0	0	454	
10	0	0	0	0	455	
11	0	0	0	0	456	
12	0	0	0	0	456	
13	0	0	0	0	457	
14	0	0	0	0	458	
15	0	0	0	0	459	
0	0	0	0	0	459	
1	0	0	0	0	459	
2	0	0	0	0	459	
3	0	0	0	0	458	
4	0	0	0	0	457	
5	0	0	0	0	458	
6	0	0	0	0	459	
7	0	0	0	0	461	
8	0	0	0	0	462	
9	0	0	0	0	464	
10	0	0	0	0	466	
11	0	0	0	0	467	
12	0	0	0	0	469	
13	0	0	0	0	471	
14	0	0	0	0	472	
15	0	0	0	0	472	
0	0	0	0	0	472	
1	0	0	0	0	472	
2	0	0	0	0	472	
3	0	0	0	0	472	
4	0	0	0	0	473	
5	0	0	0	0	474	
6	0	0	0	0	475	
7	0	0	0	0	477	
8	0	0	0	0	478	
9	0	0	0	0	481	
10	0	0	0	0	481	
11	0	0	0	0	482	
12	0	0	0	0	482	
13	0	0	0	0	482	
14	0	0	0	0	481	
15	0	0	0	0	481	
0	0	0	0	0	483	
1	0	0	0	0	483	
2	0	0	0	0	484	
3	0	0	0	0	485	
4	0	0	0	0	485	
5	0	0	0	0	486	
6	0	0	0	0	488	
7	0	0	0	0	490	
8	0	0	0	0	490	
9	0	0	0	0	490	
10	0	0	0	0	490	
11	0	0	0	0	490	
12	0	0	0	0	491	
13	0	0	0	0	492	
14	0	0	0	0	493	
15	0	0	0	0	492	
0	0	0	0	0	492	
1	0	0	0	0	491	
2	0	0	0	0	492	
3	0	0	0	0	492	
4	0	0	0	0	493	
5	0	0	0	0	493	
6	0	0	0	0	494	
7	0	0	0	0	496	
8	0	0	0	0	496	
9	0	0	0	0	497	
10	0	0	0	0	497	
11	0	0	0	0	497	
12	0	0	0	0	499	
13	0	0	0	0	500	
14	0	0	0	0	501	
15	0	0	0	0	502	
0	0	0	0	0	502	
1	0	0	0	0	503	
2	0	0	0	0	504	
3	0	0	0	0	505	
4	0	0	0	0	506	
5	0	0	0	0	506	
6	0	0	0	0	506	
7	0	0	0	0	505	
8	0	0	0	0	504	
9	0	0	0	0	503	
10	0	0	0	0	502	
11	0	0	0	0	502	
12	0	0	0	0	503	
13	0	0	0	0	503	
14	0	0	0	0	505	
15	0	0	0	0	506	
0	0	0	0	0	507	
1	0	0	0	0	507	
2	0	0	0	0	508	
3	0	0	0	0	508	
4	0	0	0	0	507	
5	0	0	0	0	506	
6	0	0	0	0	505	
7	0	0	0	0	504	
8	0	0	0	0	505	
9	0	0	0	0	505	
10	0	0	0	0	505	
11	0	0	0	0	505	
12	0	0	0	0	506	
13	0	0	0	0	507	
14	0	0	0	0	508	
15	0	0	0	0	508	
0	0	0	0	0	508	
1	0	0	0	0	510	
2	0	0	0	0	511	
3	0	0	0	0	511	
4	0	0	0	0	511	
5	0	0	0	0	511	
6	0	0	0	0	511	
7	0	0	0	0	510	
8	0	0	0	0	510	
9	0	0	0	0	509	
10	0	0	0	0	507	
11	0	0	0	0	507	
12	0	0	0	0	506	
13	0	0	0	0	507	
14	0	0	0	0	507	
15	0	0	0	0	508	
0	0	0	0	0	508	
1	0	0	0	0	508	
2	0	0	0	0	507	
3	0	0	0	0	507	
4	0	0	0	0	507	
5	0	0	0	0	507	
6	0	0	0	0	507	
7	0	0	0	0	507	
8	0	0	0	0	508	
9	0	0	0	0	509	
10	0	0	0	0	510	
11	0	0	0	0	510	
12	0	0	0	0	511	
13	0	0	0	0	512	
14	0	0	0	0	511	
15	0	0	0	0	512	
0	0	0	0	0	512	
1	0	0	0	0	514	
2	0	0	0	0	515	
3	0	0	0	0	514	
4	0	0	0	0	514	
5	0	0	0	0	514	
6	0	0	0	0	514	
7	0	0	0	0	513	
8	0	0	0	0	512	
9	0	0	0	0	512	
10	0	0	0	0	512	
11	0	0	0	0	511	
12	0	0	0	0	511	
13	0	0	0	0	511	
14	0	0	0	0	512	
15	0	0	0	0	510	
0	0	0	0	0	510	
1	0	0	0	0	511	
2	0	0	0	0	510	
3	0	0	0	0	512	
4	0	0	0	0	513	
5	0	0	0	0	513	
6	0	0	0	0	513	
7	0	0	0	0	513	
8	0	0	0	0	513	
9	0	0	0	0	513	
10	0	0	0	0	511	
11	0	0	0	0	512	
12	0	0	0	0	512	
13	0	0	0	0	512	
14	0	0	0	0	512	
15	0	0	0	0	512	
0	0	0	0	0	512	
1	0	0	0	0	514	
2	0	0	0	0	515	
3	0	0	0	0	515	
4	0	0	0	0	514	
5	0	0	0	0	513	
6	0	0	0	0	512	
7	0	0	0	0	513	
8	0	0	0	0	513	
9	0	0	0	0	513	
10	0	0	0	0	512	
11	0	0	0	0	511	
12	0	0	0	0	511	
13	0	0	0	0	511	
14	0	0	0	0	511	
15	0	0	0	0	512	
0	0	0	0	0	512	
1	0	0	0	0	513	
2	0	0	0	0	512	
3	0	0	0	0	512	
4	0	0	0	0	512	
5	0	0	0	0	512	
6	0	0	0	0	512	
7	0	0	0	0	512	
8	0	0	0	0	511	
9	0	0	0	0	511	
10	0	0	0	0	511	
11	0	0	0	0	511	
12	0	0	0	0	511	
13	0	0	0	0	510	
14	0	0	0	0	510	
15	0	0	0	0	511	
0	0	0	0	0	513	
1	0	0	0	0	513	
2	0	0	0	0	515	
3	0	0	0	0	515	
4	0	0	0	0	514	
5	0	0	0	0	515	
6	0	0	0	0	515	
7	0	0	0	0	515	
8	0	0	0	0	516	
9	0	0	0	0	515	
10	0	0	0	0	513	
11	0	0	0	0	512	
12	0	0	0	0	512	
13	0	0	0	0	511	
14	0	0	0	0	511	
15	0	0	0	0	511	
0	0	0	0	0	512	
1	0	0	0	0	514	
2	0	0	0	0	516	
3	0	0	0	0	515	
4	0	0	0	0	515	
5	0	0	0	0	515	
6	0	0	0	0	513	
7	0	0	0	0	512	
8	0	0	0	0	512	
9	0	0	0	0	511	
10	0	0	0	0	510	
11	0	0	0	0	510	
12	0	0	0	0	510	
13	0	0	0	0	510	
14	0	0	0	0	511	
15	0	0	0	0	511	
0	0	0	0	0	510	
1	0	0	0	0	510	
2	0	0	0	0	509	
3	0	0	0	0	509	
4	0	0	0	0	509	
5	0	0	0	0	511	
6	0	0	0	0	515	
7	0	0	0	0	516	
8	0	0	0	0	516	
9	0	0	0	0	515	
10	0	0	0	0	514	
11	0	0	0	0	514	
12	0	0	0	0	513	
13	0	0	0	0	513	
14	0	0	0	0	512	
15	0	0	0	0	511	
0	0	0	0	0	512	
1	0	0	0	0	512	
2	0	0	0	0	513	
3	0	0	0	0	512	
4	0	0	0	0	512	
5	0	0	0	0	512	
6	0	0	0	0	510	
7	0	0	0	0	508	
8	0	0	0	0	507	
9	0	0	0	0	508	
10	0	0	0	0	507	
11	0	0	0	0	508	
12	0	0	0	0	508	
13	0	0	0	0	509	
14	0	0	0	0	511	
15	0	0	0	0	512	
0	0	0	0	0	513	
1	0	0	0	0	514	
2	0	0	0	0	514	
3	0	0	0	0	515	
4	0	0	0	0	517	
5	0	0	0	0	517	
6	0	0	0	0	517	
7	0	0	0	0	516	
8	0	0	0	0	516	
9	0	0	0	0	518	
10	0	0	0	0	519	
11	0	0	0	0	519	
12	0	0	0	0	519	
13	0	0	0	0	520	
14	0	0	0	0	522	
15	0	0	0	0	523	
0	0	0	0	0	524	
1	0	0	0	0	525	
2	0	0	0	0	527	
3	0	0	0	0	527	
4	0	0	0	0	529	
5	0	0	0	0	532	
6	0	0	0	0	534	
7	0	0	0	0	536	
8	0	0	0	0	535	
9	0	0	0	0	536	
10	0	0	0	0	535	
11	0	0	0	0	535	
12	0	0	0	0	533	
13	0	0	0	0	530	
14	0	0	0	0	527	
15	0	0	0	0	525	
0	0	0	0	0	523	
1	0	0	0	0	519	
2	0	0	0	0	516	
3	0	0	0	0	514	
4	0	0	0	0	512	
5	0	0	0	0	511	
6	0	0	0	0	511	
7	0	0	0	0	511	
8	0	0	0	0	513	
9	0	0	0	0	516	
10	0	0	0	0	519	
11	0	0	0	0	521	
12	0	0	0	0	523	
13	0	0	0	0	524	
14	0	0	0	0	524	
15	0	0	0	0	525	
0	0	0	0	0	525	
1	0	0	0	0	526	
2	0	0	0	0	525	
3	0	0	0	0	526	
4	0	0	0	0	527	
5	0	0	0	0	528	
6	0	0	0	0	529	
7	0	0	0	0	529	
8	0	0	0	0	529	
9	0	0	0	0	529	
10	0	0	0	0	530	
11	0	0	0	0	530	
12	0	0	0	0	527	
13	0	0	0	0	524	
14	0	0	0	0	521	
15	0	0	0	0	520	
0	0	0	0	0	517	
1	0	0	0	0	514	
2	0	0	0	0	513	
3	0	0	0	0	510	
4	0	0	0	0	507	
5	0	0	0	0	504	
6	0	0	0	0	502	
7	0	0	0	0	501	
8	0	0	0	0	500	
9	0	0	0	0	499	
10	0	0	0	0	499	
11	0	0	0	0	499	
12	0	0	0	0	500	
13	0	0	0	0	501	
14	0	0	0	0	503	
15	0	0	0	0	504	
0	0	0	0	0	504	
1	0	0	0	0	506	
2	0	0	0	0	505	
3	0	0	0	0	505	
4	0	0	0	0	505	
5	0	0	0	0	507	
6	0	0	0	0	508	
7	0	0	0	0	510	
8	0	0	0	0	512	
9	0	0	0	0	514	
10	0	0	0	0	514	
11	0	0	0	0	514	
12	0	0	0	0	513	
13	0	0	0	0	514	
14	0	0	0	0	514	
15	0	0	0	0	513	
0	0	0	0	0	511	
1	0	0	0	0	508	
2	0	0	0	0	506	
3	0	0	0	0	504	
4	0	0	0	0	503	
5	0	0	0	0	502	
6	0	0	0	0	500	
7	0	0	0	0	500	
8	0	0	0	0	501	
9	0	0	0	0	502	
10	0	0	0	0	502	
11	0	0	0	0	500	
12	0	0	0	0	500	
13	0	0	0	0	501	
14	0	0	0	0	501	
15	0	0	0	0	502	
0	0	0	0	0	502	
1	0	0	0	0	502	
2	0	0	0	0	503	
3	0	0	0	0	503	
4	0	0	0	0	504	
5	0	0	0	0	505	
6	0	0	0	0	505	
7	0	0	0	0	505	
8	0	0	0	0	506	
9	0	0	0	0	507	
10	0	0	0	0	508	
11	0	0	0	0	508	
12	0	0	0	0	509	
13	0	0	0	0	509	
14	0	0	0	0	510	
15	0	0	0	0	510	
0	0	0	0	0	509	
1	0	0	0	0	509	
2	0	0	0	0	509	
3	0	0	0	0	509	
4	0	0	0	0	508	
5	0	0	0	0	508	
6	0	0	0	0	509	
7	0	0	0	0	510	
8	0	0	0	0	510	
9	0	0	0	0	510	
10	0	0	0	0	510	
11	0	0	0	0	512	
12	0	0	0	0	512	
13	0	0	0	0	515	
14	0	0	0	0	515	
15	0	0	0	0	516	
0	0	0	0	0	515	
1	0	0	0	0	514	
2	0	0	0	0	513	
3	0	0	0	0	511	
4	0	0	0	0	511	
5	0	0	0	0	510	
6	0	0	0	0	508	
7	0	0	0	0	508	
8	0	0	0	0	510	
9	0	0	0	0	512	
10	0	0	0	0	515	
11	0	0	0	0	519	
12	0	0	0	0	524	
13	0	0	0	0	528	
14	0	0	0	0	533	
15	0	0	0	0	540	
0	0	0	0	0	547	
1	0	0	0	0	554	
2	0	0	0	0	560	
3	0	0	0	0	570	
4	0	0	0	0	579	
5	0	0	0	0	589	
6	0	0	0	0	602	
7	0	0	0	0	617	
8	0	0	0	0	635	
9	0	0	0	0	655	
10	0	0	0	0	674	
11	0	0	0	0	696	
12	0	0	0	0	717	
13	0	0	0	0	739	
14	0	0	0	0	760	
15	0	0	0	0	779	
0	0	0	0	0	802	
1	0	0	0	0	828	
2	0	0	0	0	855	
3	0	0	0	0	881	
4	0	0	0	0	901	
5	0	0	0	0	920	
6	0	0	0	0	935	
7	0	0	0	0	941	
8	0	0	0	0	942	
9	0	0	0	0	939	
10	0	0	0	0	932	
11	0	0	0	0	921	
12	0	0	0	0	902	
13	0	0	0	0	875	
14	0	0	0	0	840	
15	0	0	0	0	801	
0	0	0	0	0	756	
1	0	0	0	0	711	
2	0	0	0	0	664	
3	0	0	0	0	615	
4	0	0	0	0	568	
5	0	0	0	0	522	
6	0	0	0	0	478	
7	0	0	0	0	436	
8	0	0	0	0	404	
9	0	0	0	0	382	
10	0	0	0	0	369	
11	0	0	0	0	365	
12	0	0	0	0	368	
13	0	0	0	0	375	
14	0	0	0	0	384	
15	0	0	0	0	391	
0	0	0	0	0	398	
1	0	0	0	0	406	
2	0	0	0	0	411	
3	0	0	0	0	417	
4	0	0	0	0	422	
5	0	0	0	0	429	
6	0	0	0	0	435	
7	0	0	0	0	440	
8	0	0	0	0	444	
9	0	0	0	0	447	
10	0	0	0	0	449	
11	0	0	0	0	453	
12	0	0	0	0	456	
13	0	0	0	0	458	
14	0	0	0	0	459	
15	0	0	0	0	460	
0	0	0	0	0	460	
1	0	0	0	0	460	
2	0	0	0	0	459	
3	0	0	0	0	460	
4	0	0	0	0	459	
5	0	0	0	0	458	
6	0	0	0	0	456	
7	0	0	0	0	457	
8	0	0	0	0	456	
9	0	0	0	0	456	
10	0	0	0	0	456	
11	0	0	0	0	458	
12	0	0	0	0	460	
13	0	0	0	0	460	
14	0	0	0	0	460	
15	0	0	0	0	463	
0	0	0	0	0	464	
1	0	0	0	0	465	
2	0	0	0	0	466	
3	0	0	0	0	468	
4	0	0	0	0	470	
5	0	0	0	0	471	
6	0	0	0	0	472	
7	0	0	0	0	471	
8	0	0	0	0	472	
9	0	0	0	0	474	
10	0	0	0	0	474	
11	0	0	0	0	476	
12	0	0	0	0	478	
13	0	0	0	0	480	
14	0	0	0	0	480	
15	0	0	0	0	480	
0	0	0	0	0	480	
1	0	0	0	0	479	
2	0	0	0	0	479	
3	0	0	0	0	480	
4	0	0	0	0	482	
5	0	0	0	0	481	
6	0	0	0	0	481	
7	0	0	0	0	481	
8	0	0	0	0	481	
9	0	0	0	0	482	
10	0	0	0	0	483	
11	0	0	0	0	484	
12	0	0	0	0	485	
13	0	0	0	0	485	
14	0	0	0	0	486	
15	0	0	0	0	487	
0	0	0	0	0	487	
1	0	0	0	0	488	
2	0	0	0	0	489	
3	0	0	0	0	489	
4	0	0	0	0	491	
5	0	0	0	0	491	
6	0	0	0	0	491	
7	0	0	0	0	491	
8	0	0	0	0	491	
9	0	0	0	0	491	
10	0	0	0	0	490	
11	0	0	0	0	490	
12	0	0	0	0	490	
13	0	0	0	0	490	
14	0	0	0	0	491	
15	0	0	0	0	491	
0	0	0	0	0	492	
1	0	0	0	0	494	
2	0	0	0	0	495	
3	0	0	0	0	496	
4	0	0	0	0	496	
5	0	0	0	0	496	
6	0	0	0	0	496	
7	0	0	0	0	497	
8	0	0	0	0	499	
9	0	0	0	0	499	
10	0	0	0	0	500	
11	0	0	0	0	502	
12	0	0	0	0	502	
13	0	0	0	0	502	
14	0	0	0	0	503	
15	0	0	0	0	503	
0	0	0	0	0	504	
1	0	0	0	0	504	
2	0	0	0	0	505	
3	0	0	0	0	504	
4	0	0	0	0	505	
5	0	0	0	0	506	
6	0	0	0	0	505	
7	0	0	0	0	506	
8	0	0	0	0	507	
9	0	0	0	0	507	
10	0	0	0	0	507	
11	0	0	0	0	507	
12	0	0	0	0	510	
13	0	0	0	0	511	
14	0	0	0	0	511	
15	0	0	0	0	511	
0	0	0	0	0	512	
1	0	0	0	0	513	
2	0	0	0	0	514	
3	0	0	0	0	515	
4	0	0	0	0	517	
5	0	0	0	0	517	
6	0	0	0	0	516	
7	0	0	0	0	514	
8	0	0	0	0	515	
9	0	0	0	0	516	
10	0	0	0	0	516	
11	0	0	0	0	516	
12	0	0	0	0	517	
13	0	0	0	0	518	
14	0	0	0	0	518	
15	0	0	0	0	519	
0	0	0	0	0	520	
1	0	0	0	0	521	
2	0	0	0	0	524	
3	0	0	0	0	525	
4	0	0	0	0	526	
5	0	0	0	0	527	
6	0	0	0	0	527	
7	0	0	0	0	527	
8	0	0	0	0	527	
9	0	0	0	0	528	
10	0	0	0	0	527	
11	0	0	0	0	528	
12	0	0	0	0	527	
13	0	0	0	0	527	
14	0	0	0	0	527	
15	0	0	0	0	529	
0	0	0	0	0	530	
1	0	0	0	0	531	
2	0	0	0	0	533	
3	0	0	0	0	533	
4	0	0	0	0	534	
5	0	0	0	0	536	
6	0	0	0	0	536	
7	0	0	0	0	537	
8	0	0	0	0	537	
9	0	0	0	0	539	
10	0	0	0	0	540	
11	0	0	0	0	541	
12	0	0	0	0	542	
13	0	0	0	0	543	
14	0	0	0	0	544	
15	0	0	0	0	545	
0	0	0	0	0	546	
1	0	0	0	0	547	
2	0	0	0	0	547	
3	0	0	0	0	547	
4	0	0	0	0	546	
5	0	0	0	0	547	
6	0	0	0	0	548	
7	0	0	0	0	548	
8	0	0	0	0	551	
9	0	0	0	0	551	
10	0	0	0	0	553	
11	0	0	0	0	553	
12	0	0	0	0	554	
13	0	0	0	0	555	
14	0	0	0	0	556	
15	0	0	0	0	558	
0	0	0	0	0	559	
1	0	0	0	0	560	
2	0	0	0	0	560	
3	0	0	0	0	561	
4	0	0	0	0	563	
5	0	0	0	0	564	
6	0	0	0	0	563	
7	0	0	0	0	564	
8	0	0	0	0	566	
9	0	0	0	0	567	
10	0	0	0	0	567	
11	0	0	0	0	567	
12	0	0	0	0	568	
13	0	0	0	0	567	
14	0	0	0	0	567	
15	0	0	0	0	570	
0	0	0	0	0	571	
1	0	0	0	0	571	
2	0	0	0	0	572	
3	0	0	0	0	572	
4	0	0	0	0	572	
5	0	0	0	0	572	
6	0	0	0	0	572	
7	0	0	0	0	572	
8	0	0	0	0	573	
9	0	0	0	0	574	
10	0	0	0	0	574	
11	0	0	0	0	575	
12	0	0	0	0	575	
13	0	0	0	0	576	
14	0	0	0	0	577	
15	0	0	0	0	576	
0	0	0	0	0	576	
1	0	0	0	0	576	
2	0	0	0	0	577	
3	0	0	0	0	577	
4	0	0	0	0	576	
5	0	0	0	0	577	
6	0	0	0	0	577	
7	0	0	0	0	577	
8	0	0	0	0	577	
9	0	0	0	0	577	
10	0	0	0	0	577	
11	0	0	0	0	576	
12	0	0	0	0	576	
13	0	0	0	0	576	
14	0	0	0	0	575	
15	0	0	0	0	573	
0	0	0	0	0	571	
1	0	0	0	0	570	
2	0	0	0	0	568	
3	0	0	0	0	567	
4	0	0	0	0	565	
5	0	0	0	0	566	
6	0	0	0	0	564	
7	0	0	0	0	562	
8	0	0	0	0	560	
9	0	0	0	0	558	
10	0	0	0	0	556	
11	0	0	0	0	554	
12	0	0	0	0	550	
13	0	0	0	0	548	
14	0	0	0	0	545	
15	0	0	0	0	543	
0	0	0	0	0	540	
1	0	0	0	0	537	
2	0	0	0	0	535	
3	0	0	0	0	533	
4	0	0	0	0	529	
5	0	0	0	0	526	
6	0	0	0	0	524	
7	0	0	0	0	521	
8	0	0	0	0	519	
9	0	0	0	0	515	
10	0	0	0	0	512	
11	0	0	0	0	510	
12	0	0	0	0	506	
13	0	0	0	0	504	
14	0	0	0	0	500	
15	0	0	0	0	496	
0	0	0	0	0	493	
1	0	0	0	0	489	
2	0	0	0	0	487	
3	0	0	0	0	481	
4	0	0	0	0	478	
5	0	0	0	0	475	
6	0	0	0	0	472	
7	0	0	0	0	468	
8	0	0	0	0	465	
9	0	0	0	0	463	
10	0	0	0	0	462	
11	0	0	0	0	461	
12	0	0	0	0	459	
13	0	0	0	0	457	
14	0	0	0	0	453	
15	0	0	0	0	451	
0	0	0	0	0	447	
1	0	0	0	0	444	
2	0	0	0	0	443	
3	0	0	0	0	442	
4	0	0	0	0	441	
5	0	0	0	0	440	
6	0	0	0	0	440	
7	0	0	0	0	437	
8	0	0	0	0	436	
9	0	0	0	0	435	
10	0	0	0	0	433	
11	0	0	0	0	432	
12	0	0	0	0	430	
13	0	0	0	0	429	
14	0	0	0	0	428	
15	0	0	0	0	427	
0	0	0	0	0	427	
1	0	0	0	0	428	
2	0	0	0	0	427	
3	0	0	0	0	427	
4	0	0	0	0	425	
5	0	0	0	0	427	
6	0	0	0	0	428	
7	0	0	0	0	429	
8	0	0	0	0	429	
9	0	0	0	0	429	
10	0	0	0	0	430	
11	0	0	0	0	430	
12	0	0	0	0	429	
13	0	0	0	0	428	
14	0	0	0	0	426	
15	0	0	0	0	426	
0	0	0	0	0	427	
1	0	0	0	0	429	
2	0	0	0	0	431	
3	0	0	0	0	431	
4	0	0	0	0	432	
5	0	0	0	0	432	
6	0	0	0	0	433	
7	0	0	0	0	435	
8	0	0	0	0	436	
9	0	0	0	0	436	
10	0	0	0	0	437	
11	0	0	0	0	438	
12	0	0	0	0	438	
13	0	0	0	0	439	
14	0	0	0	0	440	
15	0	0	0	0	440	
0	0	0	0	0	440	
1	0	0	0	0	440	
2	0	0	0	0	440	
3	0	0	0	0	441	
4	0	0	0	0	440	
5	0	0	0	0	442	
6	0	0	0	0	443	
7	0	0	0	0	444	
8	0	0	0	0	445	
9	0	0	0	0	447	
10	0	0	0	0	448	
11	0	0	0	0	449	
12	0	0	0	0	450	
13	0	0	0	0	451	
14	0	0	0	0	451	
15	0	0	0	0	453	
0	0	0	0	0	453	
1	0	0	0	0	454	
2	0	0	0	0	454	
3	0	0	0	0	455	
4	0	0	0	0	455	
5	0	0	0	0	455	
6	0	0	0	0	456	
7	0	0	0	0	459	
8	0	0	0	0	459	
9	0	0	0	0	462	
10	0	0	0	0	465	
11	0	0	0	0	466	
12	0	0	0	0	469	
13	0	0	0	0	470	
14	0	0	0	0	469	
15	0	0	0	0	469	
0	0	0	0	0	467	
1	0	0	0	0	468	
2	0	0	0	0	468	
3	0	0	0	0	469	
4	0	0	0	0	468	
5	0	0	0	0	468	
6	0	0	0	0	470	
7	0	0	0	0	470	
8	0	0	0	0	471	
9	0	0	0	0	472	
10	0	0	0	0	472	
11	0	0	0	0	472	
12	0	0	0	0	472	
13	0	0	0	0	473	
14	0	0	0	0	473	
15	0	0	0	0	474	
0	0	0	0	0	475	
1	0	0	0	0	475	
2	0	0	0	0	477	
3	0	0	0	0	479	
4	0	0	0	0	480	
5	0	0	0	0	480	
6	0	0	0	0	480	
7	0	0	0	0	480	
8	0	0	0	0	481	
9	0	0	0	0	481	
10	0	0	0	0	482	
11	0	0	0	0	484	
12	0	0	0	0	485	
13	0	0	0	0	486	
14	0	0	0	0	487	
15	0	0	0	0	487	
0	0	0	0	0	487	
1	0	0	0	0	488	
2	0	0	0	0	489	
3	0	0	0	0	489	
4	0	0	0	0	490	
5	0	0	0	0	489	
6	0	0	0	0	489	
7	0	0	0	0	489	
8	0	0	0	0	489	
9	0	0	0	0	491	
10	0	0	0	0	492	
11	0	0	0	0	492	
12	0	0	0	0	492	
13	0	0	0	0	494	
14	0	0	0	0	496	
15	0	0	0	0	496	
0	0	0	0	0	496	
1	0	0	0	0	496	
2	0	0	0	0	496	
3	0	0	0	0	496	
4	0	0	0	0	495	
5	0	0	0	0	494	
6	0	0	0	0	494	
7	0	0	0	0	495	
8	0	0	0	0	497	
9	0	0	0	0	497	
10	0	0	0	0	498	
11	0	0	0	0	500	
12	0	0	0	0	500	
13	0	0	0	0	501	
14	0	0	0	0	501	
15	0	0	0	0	503	
0	0	0	0	0	504	
1	0	0	0	0	504	
2	0	0	0	0	505	
3	0	0	0	0	506	
4	0	0	0	0	506	
5	0	0	0	0	508	
6	0	0	0	0	508	
7	0	0	0	0	509	
8	0	0	0	0	511	
9	0	0	0	0	512	
10	0	0	0	0	513	
11	0	0	0	0	513	
12	0	0	0	0	512	
13	0	0	0	0	512	
14	0	0	0	0	513	
15	0	0	0	0	514	
0	0	0	0	0	513	
1	0	0	0	0	512	
2	0	0	0	0	511	
3	0	0	0	0	511	
4	0	0	0	0	510	
5	0	0	0	0	512	
6	0	0	0	0	513	
7	0	0	0	0	512	
8	0	0	0	0	513	
9	0	0	0	0	512	
10	0	0	0	0	511	
11	0	0	0	0	511	
12	0	0	0	0	513	
13	0	0	0	0	514	
14	0	0	0	0	514	
15	0	0	0	0	515	
0	0	0	0	0	515	
1	0	0	0	0	515	
2	0	0	0	0	516	
3	0	0	0	0	517	
4	0	0	0	0	517	
5	0	0	0	0	518	
6	0	0	0	0	516	
7	0	0	0	0	516	
8	0	0	0	0	517	
9	0	0	0	0	517	
10	0	0	0	0	516	
11	0	0	0	0	517	
12	0	0	0	0	516	
13	0	0	0	0	516	
14	0	0	0	0	515	
15	0	0	0	0	515	
0	0	0	0	0	514	
1	0	0	0	0	514	
2	0	0	0	0	515	
3	0	0	0	0	515	
4	0	0	0	0	515	
5	0	0	0	0	514	
6	0	0	0	0	515	
7	0	0	0	0	516	
8	0	0	0	0	514	
9	0	0	0	0	514	
10	0	0	0	0	514	
11	0	0	0	0	514	
12	0	0	0	0	514	
13	0	0	0	0	513	
14	0	0	0	0	512	
15	0	0	0	0	512	
0	0	0	0	0	513	
1	0	0	0	0	515	
2	0	0	0	0	516	
3	0	0	0	0	516	
4	0	0	0	0	515	
5	0	0	0	0	515	
6	0	0	0	0	514	
7	0	0	0	0	512	
8	0	0	0	0	512	
9	0	0	0	0	512	
10	0	0	0	0	512	
11	0	0	0	0	512	
12	0	0	0	0	511	
13	0	0	0	0	511	
14	0	0	0	0	511	
15	0	0	0	0	511	
0	0	0	0	0	513	
1	0	0	0	0	513	
2	0	0	0	0	514	
3	0	0	0	0	513	
4	0	0	0	0	514	
5	0	0	0	0	513	
6	0	0	0	0	515	
7	0	0	0	0	516	
8	0	0	0	0	515	
9	0	0	0	0	513	
10	0	0	0	0	512	
11	0	0	0	0	511	
12	0	0	0	0	511	
13	0	0	0	0	511	
14	0	0	0	0	513	
15	0	0	0	0	513	
0	0	0	0	0	512	
1	0	0	0	0	511	
2	0	0	0	0	512	
3	0	0	0	0	511	
4	0	0	0	0	510	
5	0	0	0	0	508	
6	0	0	0	0	508	
7	0	0	0	0	509	
8	0	0	0	0	508	
9	0	0	0	0	508	
10	0	0	0	0	508	
11	0	0	0	0	509	
12	0	0	0	0	508	
13	0	0	0	0	508	
14	0	0	0	0	509	
15	0	0	0	0	510	
0	0	0	0	0	510	
1	0	0	0	0	511	
2	0	0	0	0	513	
3	0	0	0	0	514	
4	0	0	0	0	512	
5	0	0	0	0	512	
6	0	0	0	0	512	
7	0	0	0	0	513	
8	0	0	0	0	513	
9	0	0	0	0	510	
10	0	0	0	0	511	
11	0	0	0	0	510	
12	0	0	0	0	509	
13	0	0	0	0	511	
14	0	0	0	0	512	
15	0	0	0	0	513	
0	0	0	0	0	513	
1	0	0	0	0	512	
2	0	0	0	0	512	
3	0	0	0	0	513	
4	0	0	0	0	514	
5	0	0	0	0	515	
6	0	0	0	0	514	
7	0	0	0	0	512	
8	0	0	0	0	511	
9	0	0	0	0	510	
10	0	0	0	0	508	
11	0	0	0	0	508	
12	0	0	0	0	507	
13	0	0	0	0	507	
14	0	0	0	0	509	
15	0	0	0	0	509	
0	0	0	0	0	508	
1	0	0	0	0	508	
2	0	0	0	0	508	
3	0	0	0	0	511	
4	0	0	0	0	511	
5	0	0	0	0	510	
6	0	0	0	0	509	
7	0	0	0	0	508	
8	0	0	0	0	507	
9	0	0	0	0	505	
10	0	0	0	0	505	
11	0	0	0	0	506	
12	0	0	0	0	505	
13	0	0	0	0	504	
14	0	0	0	0	502	
15	0	0	0	0	501	
0	0	0	0	0	502	
1	0	0	0	0	504	
2	0	0	0	0	504	
3	0	0	0	0	504	
4	0	0	0	0	505	
5	0	0	0	0	505	
6	0	0	0	0	507	
7	0	0	0	0	505	
8	0	0	0	0	505	
9	0	0	0	0	505	
10	0	0	0	0	506	
11	0	0	0	0	504	
12	0	0	0	0	505	
13	0	0	0	0	506	
14	0	0	0	0	504	
15	0	0	0	0	503	
0	0	0	0	0	503	
1	0	0	0	0	504	
2	0	0	0	0	504	
3	0	0	0	0	506	
4	0	0	0	0	508	
5	0	0	0	0	508	
6	0	0	0	0	507	
7	0	0	0	0	508	
8	0	0	0	0	510	
9	0	0	0	0	509	
10	0	0	0	0	508	
11	0	0	0	0	511	
12	0	0	0	0	512	
13	0	0	0	0	513	
14	0	0	0	0	515	
15	0	0	0	0	515	
0	0	0	0	0	513	
1	0	0	0	0	513	
2	0	0	0	0	513	
3	0	0	0	0	514	
4	0	0	0	0	513	
5	0	0	0	0	512	
6	0	0	0	0	512	
7	0	0	0	0	514	
8	0	0	0	0	516	
9	0	0	0	0	516	
10	0	0	0	0	514	
11	0	0	0	0	515	
12	0	0	0	0	515	
13	0	0	0	0	514	
14	0	0	0	0	512	
15	0	0	0	0	512	
0	0	0	0	0	510	
1	0	0	0	0	510	
2	0	0	0	0	511	
3	0	0	0	0	510	
4	0	0	0	0	509	
5	0	0	0	0	508	
6	0	0	0	0	509	
7	0	0	0	0	511	
8	0	0	0	0	511	
9	0	0	0	0	511	
10	0	0	0	0	511	
11	0	0	0	0	512	
12	0	0	0	0	511	
13	0	0	0	0	511	
14	0	0	0	0	511	
15	0	0	0	0	512	
0	0	0	0	0	511	
1	0	0	0	0	510	
2	0	0	0	0	511	
3	0	0	0	0	513	
4	0	0	0	0	515	
5	0	0	0	0	517	
6	0	0	0	0	520	
7	0	0	0	0	523	
8	0	0	0	0	525	
9	0	0	0	0	526	
10	0	0	0	0	527	
11	0	0	0	0	528	
12	0	0	0	0	525	
13	0	0	0	0	524	
14	0	0	0	0	523	
15	0	0	0	0	524	
0	0	0	0	0	526	
1	0	0	0	0	527	
2	0	0	0	0	528	
3	0	0	0	0	530	
4	0	0	0	0	532	
5	0	0	0	0	535	
6	0	0	0	0	536	
7	0	0	0	0	536	
8	0	0	0	0	532	
9	0	0	0	0	530	
10	0	0	0	0	527	
11	0	0	0	0	525	
12	0	0	0	0	521	
13	0	0	0	0	519	
14	0	0	0	0	519	
15	0	0	0	0	519	
0	0	0	0	0	517	
1	0	0	0	0	515	
2	0	0	0	0	513	
3	0	0	0	0	513	
4	0	0	0	0	512	
5	0	0	0	0	516	
6	0	0	0	0	519	
7	0	0	0	0	522	
8	0	0	0	0	523	
9	0	0	0	0	527	
10	0	0	0	0	529	
11	0	0	0	0	527	
12	0	0	0	0	526	
13	0	0	0	0	524	
14	0	0	0	0	524	
15	0	0	0	0	524	
0	0	0	0	0	525	
1	0	0	0	0	525	
2	0	0	0	0	525	
3	0	0	0	0	525	
4	0	0	0	0	527	
5	0	0	0	0	528	
6	0	0	0	0	528	
7	0	0	0	0	529	
8	0	0	0	0	530	
9	0	0	0	0	529	
10	0	0	0	0	530	
11	0	0	0	0	532	
12	0	0	0	0	531	
13	0	0	0	0	528	
14	0	0	0	0	525	
15	0	0	0	0	526	
0	0	0	0	0	524	
1	0	0	0	0	524	
2	0	0	0	0	523	
3	0	0	0	0	520	
4	0	0	0	0	519	
5	0	0	0	0	517	
6	0	0	0	0	515	
7	0	0	0	0	512	
8	0	0	0	0	510	
9	0	0	0	0	510	
10	0	0	0	0	511	
11	0	0	0	0	513	
12	0	0	0	0	515	
13	0	0	0	0	515	
14	0	0	0	0	516	
15	0	0	0	0	515	
0	0	0	0	0	514	
1	0	0	0	0	515	
2	0	0	0	0	517	
3	0	0	0	0	517	
4	0	0	0	0	516	
5	0	0	0	0	516	
6	0	0	0	0	514	
7	0	0	0	0	513	
8	0	0	0	0	515	
9	0	0	0	0	516	
10	0	0	0	0	516	
11	0	0	0	0	517	
12	0	0	0	0	516	
13	0	0	0	0	518	
14	0	0	0	0	516	
15	0	0	0	0	513	
0	0	0	0	0	511	
1	0	0	0	0	507	
2	0	0	0	0	504	
3	0	0	0	0	504	
4	0	0	0	0	500	
5	0	0	0	0	502	
6	0	0	0	0	501	
7	0	0	0	0	505	
8	0	0	0	0	508	
9	0	0	0	0	509	
10	0	0	0	0	508	
11	0	0	0	0	508	
12	0	0	0	0	507	
13	0	0	0	0	506	
14	0	0	0	0	507	
15	0	0	0	0	508	
0	0	0	0	0	508	
1	0	0	0	0	508	
2	0	0	0	0	507	
3	0	0	0	0	506	
4	0	0	0	0	507	
5	0	0	0	0	507	
6	0	0	0	0	508	
7	0	0	0	0	508	
8	0	0	0	0	507	
9	0	0	0	0	508	
10	0	0	0	0	511	
11	0	0	0	0	514	
12	0	0	0	0	516	
13	0	0	0	0	518	
14	0	0	0	0	518	
15	0	0	0	0	516	
0	0	0	0	0	515	
1	0	0	0	0	514	
2	0	0	0	0	514	
3	0	0	0	0	513	
4	0	0	0	0	512	
5	0	0	0	0	513	
6	0	0	0	0	516	
7	0	0	0	0	517	
8	0	0	0	0	518	
9	0	0	0	0	519	
10	0	0	0	0	522	
11	0	0	0	0	523	
12	0	0	0	0	524	
13	0	0	0	0	523	
14	0	0	0	0	522	
15	0	0	0	0	523	
0	0	0	0	0	524	
1	0	0	0	0	524	
2	0	0	0	0	522	
3	0	0	0	0	519	
4	0	0	0	0	516	
5	0	0	0	0	513	
6	0	0	0	0	512	
7	0	0	0	0	511	
8	0	0	0	0	511	
9	0	0	0	0	513	
10	0	0	0	0	516	
11	0	0	0	0	522	
12	0	0	0	0	528	
13	0	0	0	0	536	
14	0	0	0	0	543	
15	0	0	0	0	550	
0	0	0	0	0	560	
1	0	0	0	0	569	
2	0	0	0	0	575	
3	0	0	0	0	580	
4	0	0	0	0	588	
5	0	0	0	0	600	
6	0	0	0	0	614	
7	0	0	0	0	630	
8	0	0	0	0	645	
9	0	0	0	0	662	
10	0	0	0	0	679	
11	0	0	0	0	699	
12	0	0	0	0	719	
13	0	0	0	0	739	
14	0	0	0	0	759	
15	0	0	0	0	782	
0	0	0	0	0	806	
1	0	0	0	0	830	
2	0	0	0	0	855	
3	0	0	0	0	877	
4	0	0	0	0	894	
5	0	0	0	0	905	
6	0	0	0	0	905	
7	0	0	0	0	902	
8	0	0	0	0	895	
9	0	0	0	0	885	
10	0	0	0	0	870	
11	0	0	0	0	851	
12	0	0	0	0	827	
13	0	0	0	0	798	
14	0	0	0	0	764	
15	0	0	0	0	727	
0	0	0	0	0	688	
1	0	0	0	0	649	
2	0	0	0	0	607	
3	0	0	0	0	565	
4	0	0	0	0	521	
5	0	0	0	0	480	
6	0	0	0	0	440	
7	0	0	0	0	408	
8	0	0	0	0	385	
9	0	0	0	0	372	
10	0	0	0	0	365	
11	0	0	0	0	366	
12	0	0	0	0	373	
13	0	0	0	0	384	
14	0	0	0	0	392	
15	0	0	0	0	396	
0	0	0	0	0	401	
1	0	0	0	0	408	
2	0	0	0	0	415	
3	0	0	0	0	422	
4	0	0	0	0	428	
5	0	0	0	0	435	
6	0	0	0	0	441	
7	0	0	0	0	446	
8	0	0	0	0	450	
9	0	0	0	0	452	
10	0	0	0	0	455	
11	0	0	0	0	455	
12	0	0	0	0	457	
13	0	0	0	0	459	
14	0	0	0	0	460	
15	0	0	0	0	461	
0	0	0	0	0	459	
1	0	0	0	0	461	
2	0	0	0	0	462	
3	0	0	0	0	465	
4	0	0	0	0	465	
5	0	0	0	0	463	
6	0	0	0	0	462	
7	0	0	0	0	462	
8	0	0	0	0	460	
9	0	0	0	0	459	
10	0	0	0	0	458	
11	0	0	0	0	460	
12	0	0	0	0	462	
13	0	0	0	0	461	
14	0	0	0	0	462	
15	0	0	0	0	460	
0	0	0	0	0	458	
1	0	0	0	0	458	
2	0	0	0	0	459	
3	0	0	0	0	462	
4	0	0	0	0	463	
5	0	0	0	0	468	
6	0	0	0	0	469	
7	0	0	0	0	469	
8	0	0	0	0	469	
9	0	0	0	0	472	
10	0	0	0	0	474	
11	0	0	0	0	478	
12	0	0	0	0	480	
13	0	0	0	0	481	
14	0	0	0	0	485	
15	0	0	0	0	487	
0	0	0	0	0	486	
1	0	0	0	0	487	
2	0	0	0	0	489	
3	0	0	0	0	490	
4	0	0	0	0	492	
5	0	0	0	0	493	
6	0	0	0	0	492	
7	0	0	0	0	494	
8	0	0	0	0	495	
9	0	0	0	0	496	
10	0	0	0	0	497	
11	0	0	0	0	496	
12	0	0	0	0	496	
13	0	0	0	0	495	
14	0	0	0	0	497	
15	0	0	0	0	499	
0	0	0	0	0	500	
1	0	0	0	0	500	
2	0	0	0	0	502	
3	0	0	0	0	504	
4	0	0	0	0	505	
5	0	0	0	0	504	
6	0	0	0	0	504	
7	0	0	0	0	502	
8	0	0	0	0	501	
9	0	0	0	0	502	
10	0	0	0	0	499	
11	0	0	0	0	499	
12	0	0	0	0	498	
13	0	0	0	0	497	
14	0	0	0	0	499	
15	0	0	0	0	504	
0	0	0	0	0	506	
1	0	0	0	0	508	
2	0	0	0	0	509	
3	0	0	0	0	509	
4	0	0	0	0	509	
5	0	0	0	0	510	
6	0	0	0	0	513	
7	0	0	0	0	515	
8	0	0	0	0	514	
9	0	0	0	0	515	
10	0	0	0	0	518	
11	0	0	0	0	516	
12	0	0	0	0	516	
13	0	0	0	0	517	
14	0	0	0	0	516	
15	0	0	0	0	516	
0	0	0	0	0	519	
1	0	0	0	0	521	
2	0	0	0	0	519	
3	0	0	0	0	522	
4	0	0	0	0	523	
5	0	0	0	0	523	
6	0	0	0	0	524	
7	0	0	0	0	525	
8	0	0	0	0	527	
9	0	0	0	0	528	
10	0	0	0	0	528	
11	0	0	0	0	529	
12	0	0	0	0	529	
13	0	0	0	0	529	
14	0	0	0	0	531	
15	0	0	0	0	529	
0	0	0	0	0	529	
1	0	0	0	0	531	
2	0	0	0	0	529	
3	0	0	0	0	528	
4	0	0	0	0	528	
5	0	0	0	0	528	
6	0	0	0	0	528	
7	0	0	0	0	528	
8	0	0	0	0	530	
9	0	0	0	0	531	
10	0	0	0	0	527	
11	0	0	0	0	523	
12	0	0	0	0	522	
13	0	0	0	0	521	
14	0	0	0	0	522	
15	0	0	0	0	524	
0	0	0	0	0	526	
1	0	0	0	0	527	
2	0	0	0	0	528	
3	0	0	0	0	531	
4	0	0	0	0	534	
5	0	0	0	0	533	
6	0	0	0	0	532	
7	0	0	0	0	535	
8	0	0	0	0	535	
9	0	0	0	0	534	
10	0	0	0	0	535	
11	0	0	0	0	537	
12	0	0	0	0	540	
13	0	0	0	0	541	
14	0	0	0	0	539	
15	0	0	0	0	537	
0	0	0	0	0	536	
1	0	0	0	0	537	
2	0	0	0	0	537	
3	0	0	0	0	537	
4	0	0	0	0	538	
5	0	0	0	0	539	
6	0	0	0	0	542	
7	0	0	0	0	547	
8	0	0	0	0	548	
9	0	0	0	0	547	
10	0	0	0	0	545	
11	0	0	0	0	547	
12	0	0	0	0	547	
13	0	0	0	0	550	
14	0	0	0	0	550	
15	0	0	0	0	551	
0	0	0	0	0	552	
1	0	0	0	0	552	
2	0	0	0	0	552	
3	0	0	0	0	553	
4	0	0	0	0	553	
5	0	0	0	0	553	
6	0	0	0	0	555	
7	0	0	0	0	558	
8	0	0	0	0	556	
9	0	0	0	0	555	
10	0	0	0	0	555	
11	0	0	0	0	556	
12	0	0	0	0	556	
13	0	0	0	0	555	
14	0	0	0	0	554	
15	0	0	0	0	556	
0	0	0	0	0	555	
1	0	0	0	0	556	
2	0	0	0	0	558	
3	0	0	0	0	560	
4	0	0	0	0	561	
5	0	0	0	0	560	
6	0	0	0	0	560	
7	0	0	0	0	561	
8	0	0	0	0	561	
9	0	0	0	0	562	
10	0	0	0	0	564	
11	0	0	0	0	566	
12	0	0	0	0	566	
13	0	0	0	0	565	
14	0	0	0	0	565	
15	0	0	0	0	566	
0	0	0	0	0	567	
1	0	0	0	0	567	
2	0	0	0	0	568	
3	0	0	0	0	570	
4	0	0	0	0	571	
5	0	0	0	0	571	
6	0	0	0	0	573	
7	0	0	0	0	575	
8	0	0	0	0	578	
9	0	0	0	0	577	
10	0	0	0	0	575	
11	0	0	0	0	575	
12	0	0	0	0	572	
13	0	0	0	0	572	
14	0	0	0	0	573	
15	0	0	0	0	572	
0	0	0	0	0	572	
1	0	0	0	0	574	
2	0	0	0	0	575	
3	0	0	0	0	574	
4	0	0	0	0	574	
5	0	0	0	0	577	
6	0	0	0	0	576	
7	0	0	0	0	575	
8	0	0	0	0	575	
9	0	0	0	0	574	
10	0	0	0	0	570	
11	0	0	0	0	563	
12	0	0	0	0	560	
13	0	0	0	0	559	
14	0	0	0	0	559	
15	0	0	0	0	560	
0	0	0	0	0	559	
1	0	0	0	0	557	
2	0	0	0	0	556	
3	0	0	0	0	557	
4	0	0	0	0	557	
5	0	0	0	0	555	
6	0	0	0	0	551	
7	0	0	0	0	545	
8	0	0	0	0	541	
9	0	0	0	0	540	
10	0	0	0	0	537	
11	0	0	0	0	537	
12	0	0	0	0	533	
13	0	0	0	0	532	
14	0	0	0	0	530	
15	0	0	0	0	525	
0	0	0	0	0	521	
1	0	0	0	0	518	
2	0	0	0	0	517	
3	0	0	0	0	515	
4	0	0	0	0	514	
5	0	0	0	0	512	
6	0	0	0	0	509	
7	0	0	0	0	509	
8	0	0	0	0	504	
9	0	0	0	0	500	
10	0	0	0	0	498	
11	0	0	0	0	494	
12	0	0	0	0	491	
13	0	0	0	0	487	
14	0	0	0	0	484	
15	0	0	0	0	483	
0	0	0	0	0	480	
1	0	0	0	0	476	
2	0	0	0	0	475	
3	0	0	0	0	472	
4	0	0	0	0	470	
5	0	0	0	0	468	
6	0	0	0	0	470	
7	0	0	0	0	472	
8	0	0	0	0	469	
9	0	0	0	0	469	
10	0	0	0	0	467	
11	0	0	0	0	466	
12	0	0	0	0	463	
13	0	0	0	0	457	
14	0	0	0	0	452	
15	0	0	0	0	449	
0	0	0	0	0	446	
1	0	0	0	0	443	
2	0	0	0	0	438	
3	0	0	0	0	435	
4	0	0	0	0	435	
5	0	0	0	0	433	
6	0	0	0	0	432	
7	0	0	0	0	431	
8	0	0	0	0	431	
9	0	0	0	0	432	
10	0	0	0	0	434	
11	0	0	0	0	432	
12	0	0	0	0	431	
13	0	0	0	0	432	
14	0	0	0	0	432	
15	0	0	0	0	432	
0	0	0	0	0	432	
1	0	0	0	0	433	
2	0	0	0	0	433	
3	0	0	0	0	434	
4	0	0	0	0	436	
5	0	0	0	0	438	
6	0	0	0	0	437	
7	0	0	0	0	433	
8	0	0	0	0	430	
9	0	0	0	0	426	
10	0	0	0	0	426	
11	0	0	0	0	425	
12	0	0	0	0	424	
13	0	0	0	0	423	
14	0	0	0	0	423	
15	0	0	0	0	425	
0	0	0	0	0	426	
1	0	0	0	0	427	
2	0	0	0	0	430	
3	0	0	0	0	432	
4	0	0	0	0	434	
5	0	0	0	0	434	
6	0	0	0	0	437	
7	0	0	0	0	439	
8	0	0	0	0	439	
9	0	0	0	0	441	
10	0	0	0	0	443	
11	0	0	0	0	441	
12	0	0	0	0	441	
13	0	0	0	0	440	
14	0	0	0	0	437	
15	0	0	0	0	438	
0	0	0	0	0	440	
1	0	0	0	0	440	
2	0	0	0	0	440	
3	0	0	0	0	437	
4	0	0	0	0	434	
5	0	0	0	0	435	
6	0	0	0	0	436	
7	0	0	0	0	444	
8	0	0	0	0	449	
9	0	0	0	0	452	
10	0	0	0	0	456	
11	0	0	0	0	461	
12	0	0	0	0	467	
13	0	0	0	0	469	
14	0	0	0	0	467	
15	0	0	0	0	469	
0	0	0	0	0	469	
1	0	0	0	0	467	
2	0	0	0	0	466	
3	0	0	0	0	463	
4	0	0	0	0	462	
5	0	0	0	0	464	
6	0	0	0	0	465	
7	0	0	0	0	465	
8	0	0	0	0	465	
9	0	0	0	0	462	
10	0	0	0	0	459	
11	0	0	0	0	459	
12	0	0	0	0	460	
13	0	0	0	0	461	
14	0	0	0	0	463	
15	0	0	0	0	465	
0	0	0	0	0	468	
1	0	0	0	0	467	
2	0	0	0	0	467	
3	0	0	0	0	469	
4	0	0	0	0	471	
5	0	0	0	0	472	
6	0	0	0	0	473	
7	0	0	0	0	474	
8	0	0	0	0	475	
9	0	0	0	0	477	
10	0	0	0	0	478	
11	0	0	0	0	481	
12	0	0	0	0	478	
13	0	0	0	0	480	
14	0	0	0	0	481	
15	0	0	0	0	481	
0	0	0	0	0	486	
1	0	0	0	0	487	
2	0	0	0	0	485	
3	0	0	0	0	483	
4	0	0	0	0	485	
5	0	0	0	0	489	
6	0	0	0	0	491	
7	0	0	0	0	491	
8	0	0	0	0	489	
9	0	0	0	0	490	
10	0	0	0	0	489	
11	0	0	0	0	490	
12	0	0	0	0	491	
13	0	0	0	0	493	
14	0	0	0	0	497	
15	0	0	0	0	496	
0	0	0	0	0	497	
1	0	0	0	0	500	
2	0	0	0	0	496	
3	0	0	0	0	494	
4	0	0	0	0	494	
5	0	0	0	0	495	
6	0	0	0	0	497	
7	0	0	0	0	498	
8	0	0	0	0	497	
9	0	0	0	0	499	
10	0	0	0	0	499	
11	0	0	0	0	500	
12	0	0	0	0	499	
13	0	0	0	0	500	
14	0	0	0	0	502	
15	0	0	0	0	502	
0	0	0	0	0	503	
1	0	0	0	0	507	
2	0	0	0	0	509	
3	0	0	0	0	507	
4	0	0	0	0	502	
5	0	0	0	0	500	
6	0	0	0	0	501	
7	0	0	0	0	505	
8	0	0	0	0	507	
9	0	0	0	0	505	
10	0	0	0	0	508	
11	0	0	0	0	513	
12	0	0	0	0	512	
13	0	0	0	0	508	
14	0	0	0	0	507	
15	0	0	0	0	505	
0	0	0	0	0	503	
1	0	0	0	0	502	
2	0	0	0	0	501	
3	0	0	0	0	500	
4	0	0	0	0	504	
5	0	0	0	0	505	
6	0	0	0	0	508	
7	0	0	0	0	509	
8	0	0	0	0	511	
9	0	0	0	0	512	
10	0	0	0	0	512	
11	0	0	0	0	514	
12	0	0	0	0	518	
13	0	0	0	0	517	
14	0	0	0	0	516	
15	0	0	0	0	513	
0	0	0	0	0	515	
1	0	0	0	0	518	
2	0	0	0	0	518	
3	0	0	0	0	520	
4	0	0	0	0	519	
5	0	0	0	0	520	
6	0	0	0	0	519	
7	0	0	0	0	518	
8	0	0	0	0	513	
9	0	0	0	0	508	
10	0	0	0	0	507	
11	0	0	0	0	507	
12	0	0	0	0	508	
13	0	0	0	0	508	
14	0	0	0	0	511	
15	0	0	0	0	513	
0	0	0	0	0	517	
1	0	0	0	0	520	
2	0	0	0	0	524	
3	0	0	0	0	525	
4	0	0	0	0	525	
5	0	0	0	0	529	
6	0	0	0	0	527	
7	0	0	0	0	523	
8	0	0	0	0	520	
9	0	0	0	0	519	
10	0	0	0	0	515	
11	0	0	0	0	515	
12	0	0	0	0	513	
13	0	0	0	0	515	
14	0	0	0	0	520	
15	0	0	0	0	521	
0	0	0	0	0	521	
1	0	0	0	0	518	
2	0	0	0	0	517	
3	0	0	0	0	520	
4	0	0	0	0	521	
5	0	0	0	0	519	
6	0	0	0	0	522	
7	0	0	0	0	522	
8	0	0	0	0	521	
9	0	0	0	0	520	
10	0	0	0	0	519	
11	0	0	0	0	518	
12	0	0	0	0	516	
13	0	0	0	0	512	
14	0	0	0	0	510	
15	0	0	0	0	511	
0	0	0	0	0	515	
1	0	0	0	0	518	
2	0	0	0	0	519	
3	0	0	0	0	522	
4	0	0	0	0	524	
5	0	0	0	0	526	
6	0	0	0	0	525	
7	0	0	0	0	527	
8	0	0	0	0	528	
9	0	0	0	0	526	
10	0	0	0	0	524	
11	0	0	0	0	522	
12	0	0	0	0	520	
13	0	0	0	0	518	
14	0	0	0	0	515	
15	0	0	0	0	511	
0	0	0	0	0	510	
1	0	0	0	0	511	
2	0	0	0	0	512	
3	0	0	0	0	514	
4	0	0	0	0	515	
5	0	0	0	0	515	
6	0	0	0	0	516	
7	0	0	0	0	518	
8	0	0	0	0	521	
9	0	0	0	0	524	
10	0	0	0	0	523	
11	0	0	0	0	521	
12	0	0	0	0	519	
13	0	0	0	0	520	
14	0	0	0	0	523	
15	0	0	0	0	523	
0	0	0	0	0	521	
1	0	0	0	0	520	
2	0	0	0	0	518	
3	0	0	0	0	514	
4	0	0	0	0	514	
5	0	0	0	0	514	
6	0	0	0	0	519	
7	0	0	0	0	522	
8	0	0	0	0	522	
9	0	0	0	0	518	
10	0	0	0	0	523	
11	0	0	0	0	522	
12	0	0	0	0	522	
13	0	0	0	0	522	
14	0	0	0	0	519	
15	0	0	0	0	516	
0	0	0	0	0	518	
1	0	0	0	0	519	
2	0	0	0	0	518	
3	0	0	0	0	520	
4	0	0	0	0	521	
5	0	0	0	0	517	
6	0	0	0	0	516	
7	0	0	0	0	518	
8	0	0	0	0	517	
9	0	0	0	0	517	
10	0	0	0	0	517	
11	0	0	0	0	516	
12	0	0	0	0	516	
13	0	0	0	0	515	
14	0	0	0	0	512	
15	0	0	0	0	511	
0	0	0	0	0	512	
1	0	0	0	0	513	
2	0	0	0	0	512	
3	0	0	0	0	510	
4	0	0	0	0	512	
5	0	0	0	0	513	
6	0	0	0	0	516	
7	0	0	0	0	518	
8	0	0	0	0	518	
9	0	0	0	0	517	
10	0	0	0	0	518	
11	0	0	0	0	519	
12	0	0	0	0	519	
13	0	0	0	0	518	
14	0	0	0	0	518	
15	0	0	0	0	516	
0	0	0	0	0	514	
1	0	0	0	0	512	
2	0	0	0	0	516	
3	0	0	0	0	519	
4	0	0	0	0	519	
5	0	0	0	0	522	
6	0	0	0	0	526	
7	0	0	0	0	529	
8	0	0	0	0	529	
9	0	0	0	0	525	
10	0	0	0	0	526	
11	0	0	0	0	527	
12	0	0	0	0	529	
13	0	0	0	0	529	
14	0	0	0	0	526	
15	0	0	0	0	523	
0	0	0	0	0	521	
1	0	0	0	0	521	
2	0	0	0	0	523	
3	0	0	0	0	524	
4	0	0	0	0	526	
5	0	0	0	0	526	
6	0	0	0	0	525	
7	0	0	0	0	529	
8	0	0	0	0	530	
9	0	0	0	0	536	
10	0	0	0	0	534	
11	0	0	0	0	534	
12	0	0	0	0	538	
13	0	0	0	0	542	
14	0	0	0	0	543	
15	0	0	0	0	544	
0	0	0	0	0	544	
1	0	0	0	0	546	
2	0	0	0	0	547	
3	0	0	0	0	548	
4	0	0	0	0	548	
5	0	0	0	0	550	
6	0	0	0	0	555	
7	0	0	0	0	556	
8	0	0	0	0	553	
9	0	0	0	0	546	
10	0	0	0	0	539	
11	0	0	0	0	533	
12	0	0	0	0	530	
13	0	0	0	0	527	
14	0	0	0	0	522	
15	0	0	0	0	522	
0	0	0	0	0	523	
1	0	0	0	0	523	
2	0	0	0	0	530	
3	0	0	0	0	532	
4	0	0	0	0	535	
5	0	0	0	0	536	
6	0	0	0	0	534	
7	0	0	0	0	534	
8	0	0	0	0	533	
9	0	0	0	0	531	
10	0	0	0	0	530	
11	0	0	0	0	528	
12	0	0	0	0	532	
13	0	0	0	0	531	
14	0	0	0	0	528	
15	0	0	0	0	524	
0	0	0	0	0	522	
1	0	0	0	0	521	
2	0	0	0	0	518	
3	0	0	0	0	521	
4	0	0	0	0	526	
5	0	0	0	0	527	
6	0	0	0	0	526	
7	0	0	0	0	527	
8	0	0	0	0	527	
9	0	0	0	0	524	
10	0	0	0	0	523	
11	0	0	0	0	522	
12	0	0	0	0	518	
13	0	0	0	0	519	
14	0	0	0	0	517	
15	0	0	0	0	516	
0	0	0	0	0	518	
1	0	0	0	0	512	
2	0	0	0	0	510	
3	0	0	0	0	511	
4	0	0	0	0	513	
5	0	0	0	0	514	
6	0	0	0	0	517	
7	0	0	0	0	518	
8	0	0	0	0	521	
9	0	0	0	0	520	
10	0	0	0	0	520	
11	0	0	0	0	519	
12	0	0	0	0	518	
13	0	0	0	0	516	
14	0	0	0	0	513	
15	0	0	0	0	513	
0	0	0	0	0	512	
1	0	0	0	0	511	
2	0	0	0	0	511	
3	0	0	0	0	511	
4	0	0	0	0	513	
5	0	0	0	0	514	
6	0	0	0	0	516	
7	0	0	0	0	516	
8	0	0	0	0	518	
9	0	0	0	0	519	
10	0	0	0	0	520	
11	0	0	0	0	520	
12	0	0	0	0	519	
13	0	0	0	0	519	
14	0	0	0	0	516	
15	0	0	0	0	514	
0	0	0	0	0	512	
1	0	0	0	0	509	
2	0	0	0	0	505	
3	0	0	0	0	509	
4	0	0	0	0	509	
5	0	0	0	0	510	
6	0	0	0	0	510	
7	0	0	0	0	510	
8	0	0	0	0	509	
9	0	0	0	0	509	
10	0	0	0	0	510	
11	0	0	0	0	510	
12	0	0	0	0	509	
13	0	0	0	0	510	
14	0	0	0	0	509	
15	0	0	0	0	510	
0	0	0	0	0	510	
1	0	0	0	0	513	
2	0	0	0	0	514	
3	0	0	0	0	512	
4	0	0	0	0	513	
5	0	0	0	0	515	
6	0	0	0	0	515	
7	0	0	0	0	516	
8	0	0	0	0	516	
9	0	0	0	0	517	
10	0	0	0	0	517	
11	0	0	0	0	518	
12	0	0	0	0	521	
13	0	0	0	0	521	
14	0	0	0	0	523	
15	0	0	0	0	524	
0	0	0	0	0	521	
1	0	0	0	0	520	
2	0	0	0	0	518	
3	0	0	0	0	519	
4	0	0	0	0	519	
5	0	0	0	0	518	
6	0	0	0	0	519	
7	0	0	0	0	523	
8	0	0	0	0	524	
9	0	0	0	0	524	
10	0	0	0	0	526	
11	0	0	0	0	528	
12	0	0	0	0	524	
13	0	0	0	0	522	
14	0	0	0	0	526	
15	0	0	0	0	522	
0	0	0	0	0	516	
1	0	0	0	0	512	
2	0	0	0	0	508	
3	0	0	0	0	506	
4	0	0	0	0	503	
5	0	0	0	0	504	
6	0	0	0	0	506	
7	0	0	0	0	507	
8	0	0	0	0	510	
9	0	0	0	0	511	
10	0	0	0	0	518	
11	0	0	0	0	522	
12	0	0	0	0	520	
13	0	0	0	0	526	
14	0	0	0	0	538	
15	0	0	0	0	547	
0	0	0	0	0	551	
1	0	0	0	0	561	
2	0	0	0	0	575	
3	0	0	0	0	584	
4	0	0	0	0	596	
5	0	0	0	0	609	
6	0	0	0	0	624	
7	0	0	0	0	640	
8	0	0	0	0	657	
9	0	0	0	0	675	
10	0	0	0	0	693	
11	0	0	0	0	708	
12	0	0	0	0	724	
13	0	0	0	0	742	
14	0	0	0	0	763	
15	0	0	0	0	784	
0	0	0	0	0	803	
1	0	0	0	0	819	
2	0	0	0	0	833	
3	0	0	0	0	847	
4	0	0	0	0	854	
5	0	0	0	0	856	
6	0	0	0	0	851	
7	0	0	0	0	845	
8	0	0	0	0	831	
9	0	0	0	0	814	
10	0	0	0	0	793	
11	0	0	0	0	769	
12	0	0	0	0	743	
13	0	0	0	0	717	
14	0	0	0	0	688	
15	0	0	0	0	655	
0	0	0	0	0	615	
1	0	0	0	0	571	
2	0	0	0	0	531	
3	0	0	0	0	497	
4	0	0	0	0	467	
5	0	0	0	0	441	
6	0	0	0	0	420	
7	0	0	0	0	408	
8	0	0	0	0	401	
9	0	0	0	0	400	
10	0	0	0	0	403	
11	0	0	0	0	413	
12	0	0	0	0	425	
13	0	0	0	0	432	
14	0	0	0	0	435	
15	0	0	0	0	438	
0	0	0	0	0	443	
1	0	0	0	0	451	
2	0	0	0	0	455	
3	0	0	0	0	457	
4	0	0	0	0	458	
5	0	0	0	0	462	
6	0	0	0	0	463	
7	0	0	0	0	461	
8	0	0	0	0	460	
9	0	0	0	0	461	
10	0	0	0	0	461	
11	0	0	0	0	461	
12	0	0	0	0	463	
13	0	0	0	0	467	
14	0	0	0	0	472	
15	0	0	0	0	473	
0	0	0	0	0	475	
1	0	0	0	0	480	
2	0	0	0	0	481	
3	0	0	0	0	482	
4	0	0	0	0	481	
5	0	0	0	0	482	
6	0	0	0	0	485	
7	0	0	0	0	486	
8	0	0	0	0	487	
9	0	0	0	0	487	
10	0	0	0	0	488	
11	0	0	0	0	483	
12	0	0	0	0	481	
13	0	0	0	0	484	
14	0	0	0	0	482	
15	0	0	0	0	480	
0	0	0	0	0	477	
1	0	0	0	0	479	
2	0	0	0	0	476	
3	0	0	0	0	476	
4	0	0	0	0	472	
5	0	0	0	0	471	
6	0	0	0	0	473	
7	0	0	0	0	478	
8	0	0	0	0	481	
9	0	0	0	0	480	
10	0	0	0	0	478	
11	0	0	0	0	477	
12	0	0	0	0	476	
13	0	0	0	0	474	
14	0	0	0	0	476	
15	0	0	0	0	479	
0	0	0	0	0	477	
1	0	0	0	0	474	
2	0	0	0	0	475	
3	0	0	0	0	476	
4	0	0	0	0	479	
5	0	0	0	0	480	
6	0	0	0	0	484	
7	0	0	0	0	485	
8	0	0	0	0	487	
9	0	0	0	0	486	
10	0	0	0	0	485	
11	0	0	0	0	484	
12	0	0	0	0	482	
13	0	0	0	0	487	
14	0	0	0	0	489	
15	0	0	0	0	490	
0	0	0	0	0	490	
1	0	0	0	0	489	
2	0	0	0	0	492	
3	0	0	0	0	494	
4	0	0	0	0	497	
5	0	0	0	0	496	
6	0	0	0	0	492	
7	0	0	0	0	492	
8	0	0	0	0	493	
9	0	0	0	0	495	
10	0	0	0	0	494	
11	0	0	0	0	494	
12	0	0	0	0	492	
13	0	0	0	0	492	
14	0	0	0	0	492	
15	0	0	0	0	494	
0	0	0	0	0	494	
1	0	0	0	0	496	
2	0	0	0	0	499	
3	0	0	0	0	506	
4	0	0	0	0	508	
5	0	0	0	0	511	
6	0	0	0	0	511	
7	0	0	0	0	509	
8	0	0	0	0	509	
9	0	0	0	0	508	
10	0	0	0	0	506	
11	0	0	0	0	503	
12	0	0	0	0	503	
13	0	0	0	0	503	
14	0	0	0	0	502	
15	0	0	0	0	502	
0	0	0	0	0	504	
1	0	0	0	0	507	
2	0	0	0	0	509	
3	0	0	0	0	509	
4	0	0	0	0	509	
5	0	0	0	0	507	
6	0	0	0	0	505	
7	0	0	0	0	508	
8	0	0	0	0	511	
9	0	0	0	0	512	
10	0	0	0	0	513	
11	0	0	0	0	513	
12	0	0	0	0	511	
13	0	0	0	0	514	
14	0	0	0	0	515	
15	0	0	0	0	519	
0	0	0	0	0	522	
1	0	0	0	0	521	
2	0	0	0	0	524	
3	0	0	0	0	526	
4	0	0	0	0	526	
5	0	0	0	0	526	
6	0	0	0	0	524	
7	0	0	0	0	523	
8	0	0	0	0	518	
9	0	0	0	0	518	
10	0	0	0	0	517	
11	0	0	0	0	514	
12	0	0	0	0	511	
13	0	0	0	0	510	
14	0	0	0	0	514	
15	0	0	0	0	515	
0	0	0	0	0	514	
1	0	0	0	0	514	
2	0	0	0	0	515	
3	0	0	0	0	517	
4	0	0	0	0	522	
5	0	0	0	0	523	
6	0	0	0	0	525	
7	0	0	0	0	523	
8	0	0	0	0	523	
9	0	0	0	0	527	
10	0	0	0	0	523	
11	0	0	0	0	520	
12	0	0	0	0	520	
13	0	0	0	0	522	
14	0	0	0	0	526	
15	0	0	0	0	527	
0	0	0	0	0	527	
1	0	0	0	0	528	
2	0	0	0	0	530	
3	0	0	0	0	529	
4	0	0	0	0	531	
5	0	0	0	0	534	
6	0	0	0	0	535	
7	0	0	0	0	534	
8	0	0	0	0	534	
9	0	0	0	0	536	
10	0	0	0	0	539	
11	0	0	0	0	539	
12	0	0	0	0	535	
13	0	0	0	0	535	
14	0	0	0	0	536	
15	0	0	0	0	535	
0	0	0	0	0	536	
1	0	0	0	0	540	
2	0	0	0	0	542	
3	0	0	0	0	545	
4	0	0	0	0	551	
5	0	0	0	0	552	
6	0	0	0	0	550	
7	0	0	0	0	548	
8	0	0	0	0	551	
9	0	0	0	0	551	
10	0	0	0	0	551	
11	0	0	0	0	548	
12	0	0	0	0	545	
13	0	0	0	0	544	
14	0	0	0	0	546	
15	0	0	0	0	548	
0	0	0	0	0	551	
1	0	0	0	0	556	
2	0	0	0	0	559	
3	0	0	0	0	557	
4	0	0	0	0	553	
5	0	0	0	0	553	
6	0	0	0	0	551	
7	0	0	0	0	552	
8	0	0	0	0	552	
9	0	0	0	0	554	
10	0	0	0	0	556	
11	0	0	0	0	555	
12	0	0	0	0	556	
13	0	0	0	0	559	
14	0	0	0	0	561	
15	0	0	0	0	562	
0	0	0	0	0	561	
1	0	0	0	0	563	
2	0	0	0	0	563	
3	0	0	0	0	565	
4	0	0	0	0	567	
5	0	0	0	0	569	
6	0	0	0	0	569	
7	0	0	0	0	572	
8	0	0	0	0	572	
9	0	0	0	0	571	
10	0	0	0	0	569	
11	0	0	0	0	566	
12	0	0	0	0	561	
13	0	0	0	0	560	
14	0	0	0	0	560	
15	0	0	0	0	558	
0	0	0	0	0	557	
1	0	0	0	0	558	
2	0	0	0	0	558	
3	0	0	0	0	558	
4	0	0	0	0	559	
5	0	0	0	0	559	
6	0	0	0	0	560	
7	0	0	0	0	561	
8	0	0	0	0	563	
9	0	0	0	0	563	
10	0	0	0	0	562	
11	0	0	0	0	563	
12	0	0	0	0	564	
13	0	0	0	0	564	
14	0	0	0	0	560	
15	0	0	0	0	558	
0	0	0	0	0	553	
1	0	0	0	0	547	
2	0	0	0	0	542	
3	0	0	0	0	538	
4	0	0	0	0	536	
5	0	0	0	0	537	
6	0	0	0	0	536	
7	0	0	0	0	537	
8	0	0	0	0	534	
9	0	0	0	0	532	
10	0	0	0	0	533	
11	0	0	0	0	532	
12	0	0	0	0	531	
13	0	0	0	0	527	
14	0	0	0	0	522	
15	0	0	0	0	522	
0	0	0	0	0	519	
1	0	0	0	0	517	
2	0	0	0	0	510	
3	0	0	0	0	505	
4	0	0	0	0	502	
5	0	0	0	0	499	
6	0	0	0	0	497	
7	0	0	0	0	496	
8	0	0	0	0	492	
9	0	0	0	0	487	
10	0	0	0	0	485	
11	0	0	0	0	483	
12	0	0	0	0	480	
13	0	0	0	0	476	
14	0	0	0	0	472	
15	0	0	0	0	471	
0	0	0	0	0	471	
1	0	0	0	0	472	
2	0	0	0	0	472	
3	0	0	0	0	470	
4	0	0	0	0	468	
5	0	0	0	0	465	
6	0	0	0	0	464	
7	0	0	0	0	462	
8	0	0	0	0	459	
9	0	0	0	0	456	
10	0	0	0	0	453	
11	0	0	0	0	451	
12	0	0	0	0	449	
13	0	0	0	0	446	
14	0	0	0	0	445	
15	0	0	0	0	441	
0	0	0	0	0	438	
1	0	0	0	0	437	
2	0	0	0	0	437	
3	0	0	0	0	437	
4	0	0	0	0	437	
5	0	0	0	0	435	
6	0	0	0	0	433	
7	0	0	0	0	436	
8	0	0	0	0	438	
9	0	0	0	0	439	
10	0	0	0	0	440	
11	0	0	0	0	441	
12	0	0	0	0	441	
13	0	0	0	0	441	
14	0	0	0	0	441	
15	0	0	0	0	441	
0	0	0	0	0	442	
1	0	0	0	0	443	
2	0	0	0	0	442	
3	0	0	0	0	442	
4	0	0	0	0	441	
5	0	0	0	0	441	
6	0	0	0	0	440	
7	0	0	0	0	438	
8	0	0	0	0	441	
9	0	0	0	0	444	
10	0	0	0	0	444	
11	0	0	0	0	445	
12	0	0	0	0	446	
13	0	0	0	0	444	
14	0	0	0	0	444	
15	0	0	0	0	444	
0	0	0	0	0	444	
1	0	0	0	0	444	
2	0	0	0	0	445	
3	0	0	0	0	448	
4	0	0	0	0	448	
5	0	0	0	0	448	
6	0	0	0	0	447	
7	0	0	0	0	447	
8	0	0	0	0	447	
9	0	0	0	0	447	
10	0	0	0	0	449	
11	0	0	0	0	452	
12	0	0	0	0	453	
13	0	0	0	0	453	
14	0	0	0	0	453	
15	0	0	0	0	452	
0	0	0	0	0	451	
1	0	0	0	0	451	
2	0	0	0	0	449	
3	0	0	0	0	451	
4	0	0	0	0	450	
5	0	0	0	0	450	
6	0	0	0	0	454	
7	0	0	0	0	457	
8	0	0	0	0	459	
9	0	0	0	0	459	
10	0	0	0	0	457	
11	0	0	0	0	456	
12	0	0	0	0	457	
13	0	0	0	0	459	
14	0	0	0	0	460	
15	0	0	0	0	461	
0	0	0	0	0	462	
1	0	0	0	0	465	
2	0	0	0	0	467	
3	0	0	0	0	467	
4	0	0	0	0	468	
5	0	0	0	0	472	
6	0	0	0	0	468	
7	0	0	0	0	470	
8	0	0	0	0	472	
9	0	0	0	0	473	
10	0	0	0	0	474	
11	0	0	0	0	475	
12	0	0	0	0	476	
13	0	0	0	0	477	
14	0	0	0	0	475	
15	0	0	0	0	476	
0	0	0	0	0	477	
1	0	0	0	0	476	
2	0	0	0	0	478	
3	0	0	0	0	480	
4	0	0	0	0	480	
5	0	0	0	0	478	
6	0	0	0	0	476	
7	0	0	0	0	477	
8	0	0	0	0	477	
9	0	0	0	0	479	
10	0	0	0	0	481	
11	0	0	0	0	486	
12	0	0	0	0	489	
13	0	0	0	0	491	
14	0	0	0	0	493	
15	0	0	0	0	494	
0	0	0	0	0	492	
1	0	0	0	0	491	
2	0	0	0	0	489	
3	0	0	0	0	490	
4	0	0	0	0	489	
5	0	0	0	0	485	
6	0	0	0	0	484	
7	0	0	0	0	483	
8	0	0	0	0	479	
9	0	0	0	0	480	
10	0	0	0	0	481	
11	0	0	0	0	481	
12	0	0	0	0	484	
13	0	0	0	0	487	
14	0	0	0	0	488	
15	0	0	0	0	493	
0	0	0	0	0	496	
1	0	0	0	0	498	
2	0	0	0	0	499	
3	0	0	0	0	498	
4	0	0	0	0	499	
5	0	0	0	0	500	
6	0	0	0	0	498	
7	0	0	0	0	496	
8	0	0	0	0	494	
9	0	0	0	0	493	
10	0	0	0	0	495	
11	0	0	0	0	492	
12	0	0	0	0	491	
13	0	0	0	0	492	
14	0	0	0	0	493	
15	0	0	0	0	493	
0	0	0	0	0	493	
1	0	0	0	0	493	
2	0	0	0	0	493	
3	0	0	0	0	492	
4	0	0	0	0	495	
5	0	0	0	0	496	
6	0	0	0	0	497	
7	0	0	0	0	496	
8	0	0	0	0	496	
9	0	0	0	0	496	
10	0	0	0	0	495	
11	0	0	0	0	495	
12	0	0	0	0	496	
13	0	0	0	0	499	
14	0	0	0	0	500	
15	0	0	0	0	503	
0	0	0	0	0	505	
1	0	0	0	0	505	
2	0	0	0	0	505	
3	0	0	0	0	504	
4	0	0	0	0	504	
5	0	0	0	0	504	
6	0	0	0	0	505	
7	0	0	0	0	505	
8	0	0	0	0	504	
9	0	0	0	0	505	
10	0	0	0	0	505	
11	0	0	0	0	504	
12	0	0	0	0	504	
13	0	0	0	0	505	
14	0	0	0	0	504	
15	0	0	0	0	505	
0	0	0	0	0	506	
1	0	0	0	0	507	
2	0	0	0	0	507	
3	0	0	0	0	508	
4	0	0	0	0	509	
5	0	0	0	0	509	
6	0	0	0	0	511	
7	0	0	0	0	512	
8	0	0	0	0	514	
9	0	0	0	0	514	
10	0	0	0	0	513	
11	0	0	0	0	514	
12	0	0	0	0	514	
13	0	0	0	0	515	
14	0	0	0	0	515	
15	0	0	0	0	515	
0	0	0	0	0	513	
1	0	0	0	0	512	
2	0	0	0	0	511	
3	0	0	0	0	510	
4	0	0	0	0	508	
5	0	0	0	0	508	
6	0	0	0	0	508	
7	0	0	0	0	507	
8	0	0	0	0	506	
9	0	0	0	0	506	
10	0	0	0	0	505	
11	0	0	0	0	504	
12	0	0	0	0	503	
13	0	0	0	0	504	
14	0	0	0	0	504	
15	0	0	0	0	507	
0	0	0	0	0	511	
1	0	0	0	0	509	
2	0	0	0	0	510	
3	0	0	0	0	511	
4	0	0	0	0	510	
5	0	0	0	0	510	
6	0	0	0	0	508	
7	0	0	0	0	507	
8	0	0	0	0	508	
9	0	0	0	0	509	
10	0	0	0	0	510	
11	0	0	0	0	510	
12	0	0	0	0	510	
13	0	0	0	0	511	
14	0	0	0	0	508	
15	0	0	0	0	507	
0	0	0	0	0	509	
1	0	0	0	0	511	
2	0	0	0	0	511	
3	0	0	0	0	511	
4	0	0	0	0	510	
5	0	0	0	0	508	
6	0	0	0	0	508	
7	0	0	0	0	507	
8	0	0	0	0	505	
9	0	0	0	0	504	
10	0	0	0	0	505	
11	0	0	0	0	506	
12	0	0	0	0	505	
13	0	0	0	0	505	
14	0	0	0	0	505	
15	0	0	0	0	507	
0	0	0	0	0	510	
1	0	0	0	0	511	
2	0	0	0	0	510	
3	0	0	0	0	509	
4	0	0	0	0	508	
5	0	0	0	0	509	
6	0	0	0	0	508	
7	0	0	0	0	508	
8	0	0	0	0	509	
9	0	0	0	0	510	
10	0	0	0	0	512	
11	0	0	0	0	511	
12	0	0	0	0	511	
13	0	0	0	0	513	
14	0	0	0	0	512	
15	0	0	0	0	511	
0	0	0	0	0	511	
1	0	0	0	0	512	
2	0	0	0	0	512	
3	0	0	0	0	513	
4	0	0	0	0	515	
5	0	0	0	0	515	
6	0	0	0	0	514	
7	0	0	0	0	515	
8	0	0	0	0	517	
9	0	0	0	0	517	
10	0	0	0	0	517	
11	0	0	0	0	518	
12	0	0	0	0	518	
13	0	0	0	0	517	
14	0	0	0	0	517	
15	0	0	0	0	517	
0	0	0	0	0	519	
1	0	0	0	0	519	
2	0	0	0	0	519	
3	0	0	0	0	520	
4	0	0	0	0	521	
5	0	0	0	0	524	
6	0	0	0	0	525	
7	0	0	0	0	526	
8	0	0	0	0	525	
9	0	0	0	0	525	
10	0	0	0	0	524	
11	0	0	0	0	523	
12	0	0	0	0	522	
13	0	0	0	0	521	
14	0	0	0	0	522	
15	0	0	0	0	524	
0	0	0	0	0	525	
1	0	0	0	0	524	
2	0	0	0	0	523	
3	0	0	0	0	523	
4	0	0	0	0	523	
5	0	0	0	0	524	
6	0	0	0	0	524	
7	0	0	0	0	522	
8	0	0	0	0	520	
9	0	0	0	0	519	
10	0	0	0	0	517	
11	0	0	0	0	514	
12	0	0	0	0	512	
13	0	0	0	0	510	
14	0	0	0	0	509	
15	0	0	0	0	509	
0	0	0	0	0	510	
1	0	0	0	0	511	
2	0	0	0	0	511	
3	0	0	0	0	513	
4	0	0	0	0	515	
5	0	0	0	0	516	
6	0	0	0	0	519	
7	0	0	0	0	520	
8	0	0	0	0	521	
9	0	0	0	0	522	
10	0	0	0	0	522	
11	0	0	0	0	524	
12	0	0	0	0	525	
13	0	0	0	0	525	
14	0	0	0	0	525	
15	0	0	0	0	524	
0	0	0	0	0	524	
1	0	0	0	0	524	
2	0	0	0	0	524	
3	0	0	0	0	523	
4	0	0	0	0	523	
5	0	0	0	0	524	
6	0	0	0	0	524	
7	0	0	0	0	526	
8	0	0	0	0	525	
9	0	0	0	0	523	
10	0	0	0	0	522	
11	0	0	0	0	519	
12	0	0	0	0	519	
13	0	0	0	0	516	
14	0	0	0	0	511	
15	0	0	0	0	506	
0	0	0	0	0	504	
1	0	0	0	0	503	
2	0	0	0	0	503	
3	0	0	0	0	502	
4	0	0	0	0	503	
5	0	0	0	0	504	
6	0	0	0	0	503	
7	0	0	0	0	502	
8	0	0	0	0	502	
9	0	0	0	0	504	
10	0	0	0	0	504	
11	0	0	0	0	507	
12	0	0	0	0	508	
13	0	0	0	0	508	
14	0	0	0	0	510	
15	0	0	0	0	509	
0	0	0	0	0	509	
1	0	0	0	0	510	
2	0	0	0	0	510	
3	0	0	0	0	511	
4	0	0	0	0	510	
5	0	0	0	0	509	
6	0	0	0	0	508	
7	0	0	0	0	505	
8	0	0	0	0	504	
9	0	0	0	0	503	
10	0	0	0	0	502	
11	0	0	0	0	502	
12	0	0	0	0	500	
13	0	0	0	0	499	
14	0	0	0	0	498	
15	0	0	0	0	499	
0	0	0	0	0	499	
1	0	0	0	0	498	
2	0	0	0	0	498	
3	0	0	0	0	496	
4	0	0	0	0	496	
5	0	0	0	0	498	
6	0	0	0	0	498	
7	0	0	0	0	499	
8	0	0	0	0	499	
9	0	0	0	0	500	
10	0	0	0	0	500	
11	0	0	0	0	500	
12	0	0	0	0	500	
13	0	0	0	0	500	
14	0	0	0	0	500	
15	0	0	0	0	500	
0	0	0	0	0	501	
1	0	0	0	0	501	
2	0	0	0	0	500	
3	0	0	0	0	501	
4	0	0	0	0	501	
5	0	0	0	0	502	
6	0	0	0	0	503	
7	0	0	0	0	504	
8	0	0	0	0	505	
9	0	0	0	0	507	
10	0	0	0	0	506	
11	0	0	0	0	507	
12	0	0	0	0	508	
13	0	0	0	0	508	
14	0	0	0	0	508	
15	0	0	0	0	506	
0	0	0	0	0	506	
1	0	0	0	0	505	
2	0	0	0	0	505	
3	0	0	0	0	507	
4	0	0	0	0	508	
5	0	0	0	0	509	
6	0	0	0	0	509	
7	0	0	0	0	510	
8	0	0	0	0	511	
9	0	0	0	0	510	
10	0	0	0	0	508	
11	0	0	0	0	508	
12	0	0	0	0	507	
13	0	0	0	0	505	
14	0	0	0	0	503	
15	0	0	0	0	502	
0	0	0	0	0	500	
1	0	0	0	0	499	
2	0	0	0	0	499	
3	0	0	0	0	500	
4	0	0	0	0	503	
5	0	0	0	0	505	
6	0	0	0	0	509	
7	0	0	0	0	512	
8	0	0	0	0	516	
9	0	0	0	0	522	
10	0	0	0	0	528	
11	0	0	0	0	532	
12	0	0	0	0	539	
13	0	0	0	0	545	
14	0	0	0	0	551	
15	0	0	0	0	560	
0	0	0	0	0	571	
1	0	0	0	0	583	
2	0	0	0	0	593	
3	0	0	0	0	607	
4	0	0	0	0	621	
5	0	0	0	0	639	
6	0	0	0	0	659	
7	0	0	0	0	676	
8	0	0	0	0	693	
9	0	0	0	0	712	
10	0	0	0	0	732	
11	0	0	0	0	754	
12	0	0	0	0	776	
13	0	0	0	0	796	
14	0	0	0	0	813	
15	0	0	0	0	828	
0	0	0	0	0	839	
1	0	0	0	0	843	
2	0	0	0	0	840	
3	0	0	0	0	832	
4	0	0	0	0	824	
5	0	0	0	0	814	
6	0	0	0	0	796	
7	0	0	0	0	776	
8	0	0	0	0	751	
9	0	0	0	0	727	
10	0	0	0	0	697	
11	0	0	0	0	665	
12	0	0	0	0	630	
13	0	0	0	0	590	
14	0	0	0	0	548	
15	0	0	0	0	508	
0	0	0	0	0	471	
1	0	0	0	0	439	
2	0	0	0	0	412	
3	0	0	0	0	393	
4	0	0	0	0	381	
5	0	0	0	0	375	
6	0	0	0	0	377	
7	0	0	0	0	382	
8	0	0	0	0	389	
9	0	0	0	0	397	
10	0	0	0	0	406	
11	0	0	0	0	413	
12	0	0	0	0	419	
13	0	0	0	0	425	
14	0	0	0	0	429	
15	0	0	0	0	434	
0	0	0	0	0	440	
1	0	0	0	0	446	
2	0	0	0	0	450	
3	0	0	0	0	453	
4	0	0	0	0	454	
5	0	0	0	0	455	
6	0	0	0	0	455	
7	0	0	0	0	456	
8	0	0	0	0	456	
9	0	0	0	0	457	
10	0	0	0	0	460	
11	0	0	0	0	461	
12	0	0	0	0	461	
13	0	0	0	0	462	
14	0	0	0	0	464	
15	0	0	0	0	465	
0	0	0	0	0	464	
1	0	0	0	0	464	
2	0	0	0	0	464	
3	0	0	0	0	463	
4	0	0	0	0	463	
5	0	0	0	0	461	
6	0	0	0	0	460	
7	0	0	0	0	461	
8	0	0	0	0	460	
9	0	0	0	0	462	
10	0	0	0	0	463	
11	0	0	0	0	466	
12	0	0	0	0	467	
13	0	0	0	0	468	
14	0	0	0	0	469	
15	0	0	0	0	471	
0	0	0	0	0	473	
1	0	0	0	0	473	
2	0	0	0	0	473	
3	0	0	0	0	475	
4	0	0	0	0	475	
5	0	0	0	0	477	
6	0	0	0	0	479	
7	0	0	0	0	479	
8	0	0	0	0	480	
9	0	0	0	0	481	
10	0	0	0	0	481	
11	0	0	0	0	480	
12	0	0	0	0	479	
13	0	0	0	0	479	
14	0	0	0	0	479	
15	0	0	0	0	479	
0	0	0	0	0	479	
1	0	0	0	0	478	
2	0	0	0	0	480	
3	0	0	0	0	479	
4	0	0	0	0	480	
5	0	0	0	0	481	
6	0	0	0	0	481	
7	0	0	0	0	481	
8	0	0	0	0	480	
9	0	0	0	0	482	
10	0	0	0	0	482	
11	0	0	0	0	481	
12	0	0	0	0	482	
13	0	0	0	0	483	
14	0	0	0	0	484	
15	0	0	0	0	486	
0	0	0	0	0	487	
1	0	0	0	0	487	
2	0	0	0	0	486	
3	0	0	0	0	486	
4	0	0	0	0	485	
5	0	0	0	0	485	
6	0	0	0	0	486	
7	0	0	0	0	487	
8	0	0	0	0	489	
9	0	0	0	0	490	
10	0	0	0	0	490	
11	0	0	0	0	490	
12	0	0	0	0	490	
13	0	0	0	0	491	
14	0	0	0	0	492	
15	0	0	0	0	494	
0	0	0	0	0	495	
1	0	0	0	0	496	
2	0	0	0	0	497	
3	0	0	0	0	499	
4	0	0	0	0	500	
5	0	0	0	0	501	
6	0	0	0	0	500	
7	0	0	0	0	500	
8	0	0	0	0	501	
9	0	0	0	0	501	
10	0	0	0	0	502	
11	0	0	0	0	501	
12	0	0	0	0	500	
13	0	0	0	0	501	
14	0	0	0	0	504	
15	0	0	0	0	505	
0	0	0	0	0	504	
1	0	0	0	0	503	
2	0	0	0	0	502	
3	0	0	0	0	501	
4	0	0	0	0	499	
5	0	0	0	0	498	
6	0	0	0	0	498	
7	0	0	0	0	499	
8	0	0	0	0	501	
9	0	0	0	0	504	
10	0	0	0	0	505	
11	0	0	0	0	507	
12	0	0	0	0	509	
13	0	0	0	0	510	
14	0	0	0	0	511	
15	0	0	0	0	512	
0	0	0	0	0	514	
1	0	0	0	0	516	
2	0	0	0	0	516	
3	0	0	0	0	517	
4	0	0	0	0	516	
5	0	0	0	0	517	
6	0	0	0	0	518	
7	0	0	0	0	516	
8	0	0	0	0	515	
9	0	0	0	0	515	
10	0	0	0	0	515	
11	0	0	0	0	515	
12	0	0	0	0	514	
13	0	0	0	0	516	
14	0	0	0	0	516	
15	0	0	0	0	518	
0	0	0	0	0	519	
1	0	0	0	0	519	
2	0	0	0	0	521	
3	0	0	0	0	523	
4	0	0	0	0	522	
5	0	0	0	0	521	
6	0	0	0	0	520	
7	0	0	0	0	521	
8	0	0	0	0	522	
9	0	0	0	0	523	
10	0	0	0	0	525	
11	0	0	0	0	525	
12	0	0	0	0	525	
13	0	0	0	0	524	
14	0	0	0	0	526	
15	0	0	0	0	528	
0	0	0	0	0	529	
1	0	0	0	0	531	
2	0	0	0	0	532	
3	0	0	0	0	533	
4	0	0	0	0	535	
5	0	0	0	0	535	
6	0	0	0	0	534	
7	0	0	0	0	532	
8	0	0	0	0	531	
9	0	0	0	0	530	
10	0	0	0	0	529	
11	0	0	0	0	529	
12	0	0	0	0	530	
13	0	0	0	0	531	
14	0	0	0	0	532	
15	0	0	0	0	533	
0	0	0	0	0	536	
1	0	0	0	0	537	
2	0	0	0	0	539	
3	0	0	0	0	541	
4	0	0	0	0	542	
5	0	0	0	0	543	
6	0	0	0	0	543	
7	0	0	0	0	543	
8	0	0	0	0	542	
9	0	0	0	0	543	
10	0	0	0	0	543	
11	0	0	0	0	543	
12	0	0	0	0	543	
13	0	0	0	0	543	
14	0	0	0	0	544	
15	0	0	0	0	545	
0	0	0	0	0	545	
1	0	0	0	0	547	
2	0	0	0	0	550	
3	0	0	0	0	551	
4	0	0	0	0	553	
5	0	0	0	0	554	
6	0	0	0	0	554	
7	0	0	0	0	555	
8	0	0	0	0	555	
9	0	0	0	0	556	
10	0	0	0	0	555	
11	0	0	0	0	555	
12	0	0	0	0	555	
13	0	0	0	0	556	
14	0	0	0	0	557	
15	0	0	0	0	558	
0	0	0	0	0	559	
1	0	0	0	0	560	
2	0	0	0	0	560	
3	0	0	0	0	560	
4	0	0	0	0	560	
5	0	0	0	0	562	
6	0	0	0	0	562	
7	0	0	0	0	561	
8	0	0	0	0	561	
9	0	0	0	0	560	
10	0	0	0	0	560	
11	0	0	0	0	561	
12	0	0	0	0	562	
13	0	0	0	0	564	
14	0	0	0	0	568	
15	0	0	0	0	572	
0	0	0	0	0	576	
1	0	0	0	0	579	
2	0	0	0	0	583	
3	0	0	0	0	586	
4	0	0	0	0	588	
5	0	0	0	0	591	
6	0	0	0	0	592	
7	0	0	0	0	592	
8	0	0	0	0	591	
9	0	0	0	0	591	
10	0	0	0	0	591	
11	0	0	0	0	590	
12	0	0	0	0	589	
13	0	0	0	0	586	
14	0	0	0	0	584	
15	0	0	0	0	582	
0	0	0	0	0	579	
1	0	0	0	0	575	
2	0	0	0	0	569	
3	0	0	0	0	565	
4	0	0	0	0	560	
5	0	0	0	0	555	
6	0	0	0	0	551	
7	0	0	0	0	546	
8	0	0	0	0	542	
9	0	0	0	0	537	
10	0	0	0	0	532	
11	0	0	0	0	527	
12	0	0	0	0	522	
13	0	0	0	0	516	
14	0	0	0	0	512	
15	0	0	0	0	507	
0	0	0	0	0	504	
1	0	0	0	0	500	
2	0	0	0	0	497	
3	0	0	0	0	494	
4	0	0	0	0	491	
5	0	0	0	0	488	
6	0	0	0	0	484	
7	0	0	0	0	480	
8	0	0	0	0	478	
9	0	0	0	0	474	
10	0	0	0	0	471	
11	0	0	0	0	468	
12	0	0	0	0	466	
13	0	0	0	0	463	
14	0	0	0	0	460	
15	0	0	0	0	456	
0	0	0	0	0	454	
1	0	0	0	0	452	
2	0	0	0	0	451	
3	0	0	0	0	449	
4	0	0	0	0	446	
5	0	0	0	0	444	
6	0	0	0	0	443	
7	0	0	0	0	442	
8	0	0	0	0	441	
9	0	0	0	0	440	
10	0	0	0	0	436	
11	0	0	0	0	435	
12	0	0	0	0	435	
13	0	0	0	0	434	
14	0	0	0	0	432	
15	0	0	0	0	430	
0	0	0	0	0	430	
1	0	0	0	0	428	
2	0	0	0	0	428	
3	0	0	0	0	428	
4	0	0	0	0	426	
5	0	0	0	0	426	
6	0	0	0	0	427	
7	0	0	0	0	426	
8	0	0	0	0	427	
9	0	0	0	0	427	
10	0	0	0	0	427	
11	0	0	0	0	428	
12	0	0	0	0	427	
13	0	0	0	0	427	
14	0	0	0	0	427	
15	0	0	0	0	427	
0	0	0	0	0	425	
1	0	0	0	0	425	
2	0	0	0	0	428	
3	0	0	0	0	429	
4	0	0	0	0	430	
5	0	0	0	0	432	
6	0	0	0	0	432	
7	0	0	0	0	432	
8	0	0	0	0	431	
9	0	0	0	0	429	
10	0	0	0	0	428	
11	0	0	0	0	428	
12	0	0	0	0	430	
13	0	0	0	0	430	
14	0	0	0	0	429	
15	0	0	0	0	429	
0	0	0	0	0	430	
1	0	0	0	0	430	
2	0	0	0	0	431	
3	0	0	0	0	433	
4	0	0	0	0	435	
5	0	0	0	0	435	
6	0	0	0	0	436	
7	0	0	0	0	437	
8	0	0	0	0	438	
9	0	0	0	0	439	
10	0	0	0	0	441	
11	0	0	0	0	443	
12	0	0	0	0	443	
13	0	0	0	0	444	
14	0	0	0	0	445	
15	0	0	0	0	445	
0	0	0	0	0	447	
1	0	0	0	0	447	
2	0	0	0	0	447	
3	0	0	0	0	449	
4	0	0	0	0	451	
5	0	0	0	0	452	
6	0	0	0	0	453	
7	0	0	0	0	454	
8	0	0	0	0	455	
9	0	0	0	0	456	
10	0	0	0	0	456	
11	0	0	0	0	456	
12	0	0	0	0	456	
13	0	0	0	0	457	
14	0	0	0	0	456	
15	0	0	0	0	457	
0	0	0	0	0	458	
1	0	0	0	0	460	
2	0	0	0	0	460	
3	0	0	0	0	461	
4	0	0	0	0	462	
5	0	0	0	0	463	
6	0	0	0	0	464	
7	0	0	0	0	466	
8	0	0	0	0	468	
9	0	0	0	0	470	
10	0	0	0	0	470	
11	0	0	0	0	471	
12	0	0	0	0	471	
13	0	0	0	0	472	
14	0	0	0	0	472	
15	0	0	0	0	472	
0	0	0	0	0	471	
1	0	0	0	0	471	
2	0	0	0	0	471	
3	0	0	0	0	472	
4	0	0	0	0	473	
5	0	0	0	0	475	
6	0	0	0	0	476	
7	0	0	0	0	479	
8	0	0	0	0	481	
9	0	0	0	0	482	
10	0	0	0	0	484	
11	0	0	0	0	487	
12	0	0	0	0	488	
13	0	0	0	0	489	
14	0	0	0	0	487	
15	0	0	0	0	486	
0	0	0	0	0	486	
1	0	0	0	0	485	
2	0	0	0	0	485	
3	0	0	0	0	486	
4	0	0	0	0	487	
5	0	0	0	0	489	
6	0	0	0	0	489	
7	0	0	0	0	490	
8	0	0	0	0	489	
9	0	0	0	0	489	
10	0	0	0	0	489	
11	0	0	0	0	489	
12	0	0	0	0	491	
13	0	0	0	0	491	
14	0	0	0	0	492	
15	0	0	0	0	493	
0	0	0	0	0	492	
1	0	0	0	0	492	
2	0	0	0	0	493	
3	0	0	0	0	494	
4	0	0	0	0	494	
5	0	0	0	0	493	
6	0	0	0	0	493	
7	0	0	0	0	493	
8	0	0	0	0	494	
9	0	0	0	0	495	
10	0	0	0	0	496	
11	0	0	0	0	496	
12	0	0	0	0	497	
13	0	0	0	0	499	
14	0	0	0	0	499	
15	0	0	0	0	499	
0	0	0	0	0	502	
1	0	0	0	0	503	
2	0	0	0	0	503	
3	0	0	0	0	504	
4	0	0	0	0	503	
5	0	0	0	0	503	
6	0	0	0	0	502	
7	0	0	0	0	501	
8	0	0	0	0	501	
9	0	0	0	0	501	
10	0	0	0	0	503	
11	0	0	0	0	504	
12	0	0	0	0	505	
13	0	0	0	0	506	
14	0	0	0	0	508	
15	0	0	0	0	508	
0	0	0	0	0	509	
1	0	0	0	0	509	
2	0	0	0	0	509	
3	0	0	0	0	507	
4	0	0	0	0	506	
5	0	0	0	0	505	
6	0	0	0	0	505	
7	0	0	0	0	505	
8	0	0	0	0	504	
9	0	0	0	0	504	
10	0	0	0	0	503	
11	0	0	0	0	504	
12	0	0	0	0	505	
13	0	0	0	0	506	
14	0	0	0	0	507	
15	0	0	0	0	507	
0	0	0	0	0	508	
1	0	0	0	0	509	
2	0	0	0	0	508	
3	0	0	0	0	508	
4	0	0	0	0	507	
5	0	0	0	0	508	
6	0	0	0	0	507	
7	0	0	0	0	508	
8	0	0	0	0	509	
9	0	0	0	0	509	
10	0	0	0	0	511	
11	0	0	0	0	512	
12	0	0	0	0	512	
13	0	0	0	0	512	
14	0	0	0	0	511	
15	0	0	0	0	510	
0	0	0	0	0	511	
1	0	0	0	0	511	
2	0	0	0	0	511	
3	0	0	0	0	509	
4	0	0	0	0	507	
5	0	0	0	0	505	
6	0	0	0	0	504	
7	0	0	0	0	504	
8	0	0	0	0	505	
9	0	0	0	0	505	
10	0	0	0	0	506	
11	0	0	0	0	507	
12	0	0	0	0	508	
13	0	0	0	0	510	
14	0	0	0	0	510	
15	0	0	0	0	510	
0	0	0	0	0	511	
1	0	0	0	0	511	
2	0	0	0	0	509	
3	0	0	0	0	509	
4	0	0	0	0	510	
5	0	0	0	0	510	
6	0	0	0	0	510	
7	0	0	0	0	510	
8	0	0	0	0	508	
9	0	0	0	0	508	
10	0	0	0	0	508	
11	0	0	0	0	509	
12	0	0	0	0	508	
13	0	0	0	0	509	
14	0	0	0	0	509	
15	0	0	0	0	509	
0	0	0	0	0	509	
1	0	0	0	0	509	
2	0	0	0	0	510	
3	0	0	0	0	510	
4	0	0	0	0	510	
5	0	0	0	0	510	
6	0	0	0	0	508	
7	0	0	0	0	508	
8	0	0	0	0	508	
9	0	0	0	0	507	
10	0	0	0	0	505	
11	0	0	0	0	506	
12	0	0	0	0	506	
13	0	0	0	0	509	
14	0	0	0	0	511	
15	0	0	0	0	513	
0	0	0	0	0	513	
1	0	0	0	0	513	
2	0	0	0	0	513	
3	0	0	0	0	511	
4	0	0	0	0	509	
5	0	0	0	0	508	
6	0	0	0	0	508	
7	0	0	0	0	508	
8	0	0	0	0	507	
9	0	0	0	0	505	
10	0	0	0	0	505	
11	0	0	0	0	506	
12	0	0	0	0	506	
13	0	0	0	0	506	
14	0	0	0	0	507	
15	0	0	0	0	507	
0	0	0	0	0	508	
1	0	0	0	0	509	
2	0	0	0	0	509	
3	0	0	0	0	510	
4	0	0	0	0	509	
5	0	0	0	0	508	
6	0	0	0	0	508	
7	0	0	0	0	507	
8	0	0	0	0	507	
9	0	0	0	0	506	
10	0	0	0	0	507	
11	0	0	0	0	508	
12	0	0	0	0	509	
13	0	0	0	0	509	
14	0	0	0	0	510	
15	0	0	0	0	511	
0	0	0	0	0	512	
1	0	0	0	0	512	
2	0	0	0	0	512	
3	0	0	0	0	512	
4	0	0	0	0	513	
5	0	0	0	0	514	
6	0	0	0	0	514	
7	0	0	0	0	513	
8	0	0	0	0	512	
9	0	0	0	0	513	
10	0	0	0	0	514	
11	0	0	0	0	514	
12	0	0	0	0	515	
13	0	0	0	0	515	
14	0	0	0	0	513	
15	0	0	0	0	513	
0	0	0	0	0	513	
1	0	0	0	0	514	
2	0	0	0	0	513	
3	0	0	0	0	513	
4	0	0	0	0	513	
5	0	0	0	0	512	
6	0	0	0	0	512	
7	0	0	0	0	512	
8	0	0	0	0	512	
9	0	0	0	0	512	
10	0	0	0	0	511	
11	0	0	0	0	510	
12	0	0	0	0	509	
13	0	0	0	0	509	
14	0	0	0	0	510	
15	0	0	0	0	510	
0	0	0	0	0	512	
1	0	0	0	0	512	
2	0	0	0	0	514	
3	0	0	0	0	515	
4	0	0	0	0	515	
5	0	0	0	0	516	
6	0	0	0	0	516	
7	0	0	0	0	516	
8	0	0	0	0	515	
9	0	0	0	0	515	
10	0	0	0	0	515	
11	0	0	0	0	515	
12	0	0	0	0	515	
13	0	0	0	0	515	
14	0	0	0	0	515	
15	0	0	0	0	514	
0	0	0	0	0	513	
1	0	0	0	0	514	
2	0	0	0	0	513	
3	0	0	0	0	512	
4	0	0	0	0	513	
5	0	0	0	0	513	
6	0	0	0	0	514	
7	0	0	0	0	513	
8	0	0	0	0	512	
9	0	0	0	0	511	
10	0	0	0	0	511	
11	0	0	0	0	513	
12	0	0	0	0	513	
13	0	0	0	0	514	
14	0	0	0	0	514	
15	0	0	0	0	513	
0	0	0	0	0	514	
1	0	0	0	0	514	
2	0	0	0	0	513	
3	0	0	0	0	513	
4	0	0	0	0	512	
5	0	0	0	0	512	
6	0	0	0	0	513	
7	0	0	0	0	513	
8	0	0	0	0	515	
9	0	0	0	0	515	
10	0	0	0	0	515	
11	0	0	0	0	515	
12	0	0	0	0	515	
13	0	0	0	0	515	
14	0	0	0	0	515	
15	0	0	0	0	516	
0	0	0	0	0	516	
1	0	0	0	0	517	
2	0	0	0	0	519	
3	0	0	0	0	520	
4	0	0	0	0	521	
5	0	0	0	0	522	
6	0	0	0	0	523	
7	0	0	0	0	524	
8	0	0	0	0	524	
9	0	0	0	0	524	
10	0	0	0	0	524	
11	0	0	0	0	524	
12	0	0	0	0	524	
13	0	0	0	0	524	
14	0	0	0	0	526	
15	0	0	0	0	529	
0	0	0	0	0	531	
1	0	0	0	0	533	
2	0	0	0	0	534	
3	0	0	0	0	537	
4	0	0	0	0	539	
5	0	0	0	0	540	
6	0	0	0	0	541	
7	0	0	0	0	541	
8	0	0	0	0	542	
9	0	0	0	0	543	
10	0	0	0	0	542	
11	0	0	0	0	540	
12	0	0	0	0	538	
13	0	0	0	0	536	
14	0	0	0	0	535	
15	0	0	0	0	533	
0	0	0	0	0	532	
1	0	0	0	0	531	
2	0	0	0	0	529	
3	0	0	0	0	528	
4	0	0	0	0	525	
5	0	0	0	0	524	
6	0	0	0	0	523	
7	0	0	0	0	524	
8	0	0	0	0	524	
9	0	0	0	0	525	
10	0	0	0	0	526	
11	0	0	0	0	528	
12	0	0	0	0	530	
13	0	0	0	0	531	
14	0	0	0	0	531	
15	0	0	0	0	531	
0	0	0	0	0	531	
1	0	0	0	0	532	
2	0	0	0	0	532	
3	0	0	0	0	533	
4	0	0	0	0	535	
5	0	0	0	0	536	
6	0	0	0	0	537	
7	0	0	0	0	538	
8	0	0	0	0	538	
9	0	0	0	0	538	
10	0	0	0	0	537	
11	0	0	0	0	536	
12	0	0	0	0	535	
13	0	0	0	0	533	
14	0	0	0	0	532	
15	0	0	0	0	529	
0	0	0	0	0	527	
1	0	0	0	0	525	
2	0	0	0	0	523	
3	0	0	0	0	522	
4	0	0	0	0	520	
5	0	0	0	0	519	
6	0	0	0	0	518	
7	0	0	0	0	515	
8	0	0	0	0	515	
9	0	0	0	0	514	
10	0	0	0	0	513	
11	0	0	0	0	514	
12	0	0	0	0	513	
13	0	0	0	0	513	
14	0	0	0	0	511	
15	0	0	0	0	511	
0	0	0	0	0	511	
1	0	0	0	0	510	
2	0	0	0	0	510	
3	0	0	0	0	511	
4	0	0	0	0	511	
5	0	0	0	0	513	
6	0	0	0	0	513	
7	0	0	0	0	514	
8	0	0	0	0	515	
9	0	0	0	0	517	
10	0	0	0	0	517	
11	0	0	0	0	517	
12	0	0	0	0	516	
13	0	0	0	0	515	
14	0	0	0	0	514	
15	0	0	0	0	512	
0	0	0	0	0	509	
1	0	0	0	0	508	
2	0	0	0	0	506	
3	0	0	0	0	504	
4	0	0	0	0	502	
5	0	0	0	0	503	
6	0	0	0	0	505	
7	0	0	0	0	505	
8	0	0	0	0	505	
9	0	0	0	0	505	
10	0	0	0	0	505	
11	0	0	0	0	504	
12	0	0	0	0	502	
13	0	0	0	0	502	
14	0	0	0	0	502	
15	0	0	0	0	500	
0	0	0	0	0	502	
1	0	0	0	0	503	
2	0	0	0	0	503	
3	0	0	0	0	503	
4	0	0	0	0	502	
5	0	0	0	0	502	
6	0	0	0	0	501	
7	0	0	0	0	501	
8	0	0	0	0	501	
9	0	0	0	0	501	
10	0	0	0	0	502	
11	0	0	0	0	503	
12	0	0	0	0	504	
13	0	0	0	0	506	
14	0	0	0	0	508	
15	0	0	0	0	509	
0	0	0	0	0	511	
1	0	0	0	0	513	
2	0	0	0	0	514	
3	0	0	0	0	514	
4	0	0	0	0	516	
5	0	0	0	0	517	
6	0	0	0	0	518	
7	0	0	0	0	520	
8	0	0	0	0	520	
9	0	0	0	0	520	
10	0	0	0	0	519	
11	0	0	0	0	519	
12	0	0	0	0	519	
13	0	0	0	0	518	
14	0	0	0	0	518	
15	0	0	0	0	516	
0	0	0	0	0	515	
1	0	0	0	0	515	
2	0	0	0	0	514	
3	0	0	0	0	512	
4	0	0	0	0	509	
5	0	0	0	0	506	
6	0	0	0	0	504	
7	0	0	0	0	503	
8	0	0	0	0	504	
9	0	0	0	0	506	
10	0	0	0	0	508	
11	0	0	0	0	512	
12	0	0	0	0	514	
13	0	0	0	0	519	
14	0	0	0	0	524	
15	0	0	0	0	530	
0	0	0	0	0	536	
1	0	0	0	0	544	
2	0	0	0	0	552	
3	0	0	0	0	561	
4	0	0	0	0	571	
5	0	0	0	0	583	
6	0	0	0	0	594	
7	0	0	0	0	607	
8	0	0	0	0	621	
9	0	0	0	0	639	
10	0	0	0	0	656	
11	0	0	0	0	675	
12	0	0	0	0	696	
13	0	0	0	0	718	
14	0	0	0	0	740	
15	0	0	0	0	762	
0	0	0	0	0	783	
1	0	0	0	0	806	
2	0	0	0	0	831	
3	0	0	0	0	860	
4	0	0	0	0	886	
5	0	0	0	0	909	
6	0	0	0	0	929	
7	0	0	0	0	940	
8	0	0	0	0	944	
9	0	0	0	0	943	
10	0	0	0	0	937	
11	0	0	0	0	928	
12	0	0	0	0	914	
13	0	0	0	0	892	
14	0	0	0	0	862	
15	0	0	0	0	827	
0	0	0	0	0	786	
1	0	0	0	0	740	
2	0	0	0	0	693	
3	0	0	0	0	646	
4	0	0	0	0	598	
5	0	0	0	0	553	
6	0	0	0	0	505	
7	0	0	0	0	462	
8	0	0	0	0	423	
9	0	0	0	0	394	
10	0	0	0	0	376	
11	0	0	0	0	366	
12	0	0	0	0	362	
13	0	0	0	0	366	
14	0	0	0	0	373	
15	0	0	0	0	381	
0	0	0	0	0	388	
1	0	0	0	0	393	
2	0	0	0	0	400	
3	0	0	0	0	406	
4	0	0	0	0	412	
5	0	0	0	0	418	
6	0	0	0	0	423	
7	0	0	0	0	429	
8	0	0	0	0	435	
9	0	0	0	0	443	
10	0	0	0	0	447	
11	0	0	0	0	451	
12	0	0	0	0	454	
13	0	0	0	0	455	
14	0	0	0	0	455	
15	0	0	0	0	455	
0	0	0	0	0	458	
1	0	0	0	0	463	
2	0	0	0	0	467	
3	0	0	0	0	470	
4	0	0	0	0	470	
5	0	0	0	0	471	
6	0	0	0	0	473	
7	0	0	0	0	475	
8	0	0	0	0	478	
9	0	0	0	0	480	
10	0	0	0	0	482	
11	0	0	0	0	483	
12	0	0	0	0	484	
13	0	0	0	0	487	
14	0	0	0	0	488	
15	0	0	0	0	491	
0	0	0	0	0	493	
1	0	0	0	0	494	
2	0	0	0	0	495	
3	0	0	0	0	496	
4	0	0	0	0	496	
5	0	0	0	0	496	
6	0	0	0	0	498	
7	0	0	0	0	501	
8	0	0	0	0	502	
9	0	0	0	0	501	
10	0	0	0	0	498	
11	0	0	0	0	495	
12	0	0	0	0	493	
13	0	0	0	0	492	
14	0	0	0	0	489	
15	0	0	0	0	488	
0	0	0	0	0	487	
1	0	0	0	0	484	
2	0	0	0	0	481	
3	0	0	0	0	480	
4	0	0	0	0	478	
5	0	0	0	0	476	
6	0	0	0	0	476	
7	0	0	0	0	474	
8	0	0	0	0	473	
9	0	0	0	0	472	
10	0	0	0	0	472	
11	0	0	0	0	471	
12	0	0	0	0	471	
13	0	0	0	0	472	
14	0	0	0	0	473	
15	0	0	0	0	472	
0	0	0	0	0	473	
1	0	0	0	0	474	
2	0	0	0	0	474	
3	0	0	0	0	474	
4	0	0	0	0	472	
5	0	0	0	0	472	
6	0	0	0	0	474	
7	0	0	0	0	479	
8	0	0	0	0	483	
9	0	0	0	0	488	
10	0	0	0	0	492	
11	0	0	0	0	496	
12	0	0	0	0	500	
13	0	0	0	0	504	
14	0	0	0	0	507	
15	0	0	0	0	510	
0	0	0	0	0	513	
1	0	0	0	0	516	
2	0	0	0	0	518	
3	0	0	0	0	519	
4	0	0	0	0	519	
5	0	0	0	0	519	
6	0	0	0	0	519	
7	0	0	0	0	518	
8	0	0	0	0	518	
9	0	0	0	0	519	
10	0	0	0	0	520	
11	0	0	0	0	521	
12	0	0	0	0	523	
13	0	0	0	0	523	
14	0	0	0	0	524	
15	0	0	0	0	524	
0	0	0	0	0	522	
1	0	0	0	0	523	
2	0	0	0	0	524	
3	0	0	0	0	525	
4	0	0	0	0	526	
5	0	0	0	0	527	
6	0	0	0	0	527	
7	0	0	0	0	527	
8	0	0	0	0	528	
9	0	0	0	0	529	
10	0	0	0	0	528	
11	0	0	0	0	529	
12	0	0	0	0	530	
13	0	0	0	0	530	
14	0	0	0	0	530	
15	0	0	0	0	531	
0	0	0	0	0	533	
1	0	0	0	0	534	
2	0	0	0	0	535	
3	0	0	0	0	536	
4	0	0	0	0	535	
5	0	0	0	0	536	
6	0	0	0	0	536	
7	0	0	0	0	537	
8	0	0	0	0	535	
9	0	0	0	0	535	
10	0	0	0	0	534	
11	0	0	0	0	534	
12	0	0	0	0	534	
13	0	0	0	0	535	
14	0	0	0	0	534	
15	0	0	0	0	536	
0	0	0	0	0	535	
1	0	0	0	0	536	
2	0	0	0	0	537	
3	0	0	0	0	540	
4	0	0	0	0	541	
5	0	0	0	0	542	
6	0	0	0	0	543	
7	0	0	0	0	542	
8	0	0	0	0	543	
9	0	0	0	0	544	
10	0	0	0	0	543	
11	0	0	0	0	542	
12	0	0	0	0	541	
13	0	0	0	0	542	
14	0	0	0	0	542	
15	0	0	0	0	542	
0	0	0	0	0	541	
1	0	0	0	0	540	
2	0	0	0	0	539	
3	0	0	0	0	537	
4	0	0	0	0	534	
5	0	0	0	0	532	
6	0	0	0	0	530	
7	0	0	0	0	527	
8	0	0	0	0	525	
9	0	0	0	0	521	
10	0	0	0	0	521	
11	0	0	0	0	519	
12	0	0	0	0	519	
13	0	0	0	0	519	
14	0	0	0	0	519	
15	0	0	0	0	518	
0	0	0	0	0	517	
1	0	0	0	0	516	
2	0	0	0	0	519	
3	0	0	0	0	520	
4	0	0	0	0	522	
5	0	0	0	0	523	
6	0	0	0	0	524	
7	0	0	0	0	524	
8	0	0	0	0	521	
9	0	0	0	0	524	
10	0	0	0	0	524	
11	0	0	0	0	524	
12	0	0	0	0	524	
13	0	0	0	0	524	
14	0	0	0	0	526	
15	0	0	0	0	526	
0	0	0	0	0	527	
1	0	0	0	0	528	
2	0	0	0	0	528	
3	0	0	0	0	530	
4	0	0	0	0	531	
5	0	0	0	0	533	
6	0	0	0	0	534	
7	0	0	0	0	535	
8	0	0	0	0	536	
9	0	0	0	0	536	
10	0	0	0	0	536	
11	0	0	0	0	537	
12	0	0	0	0	537	
13	0	0	0	0	539	
14	0	0	0	0	540	
15	0	0	0	0	541	
0	0	0	0	0	541	
1	0	0	0	0	543	
2	0	0	0	0	544	
3	0	0	0	0	545	
4	0	0	0	0	546	
5	0	0	0	0	547	
6	0	0	0	0	548	
7	0	0	0	0	548	
8	0	0	0	0	548	
9	0	0	0	0	550	
10	0	0	0	0	550	
11	0	0	0	0	550	
12	0	0	0	0	550	
13	0	0	0	0	549	
14	0	0	0	0	548	
15	0	0	0	0	549	
0	0	0	0	0	548	
1	0	0	0	0	548	
2	0	0	0	0	547	
3	0	0	0	0	549	
4	0	0	0	0	550	
5	0	0	0	0	550	
6	0	0	0	0	551	
7	0	0	0	0	551	
8	0	0	0	0	550	
9	0	0	0	0	551	
10	0	0	0	0	550	
11	0	0	0	0	550	
12	0	0	0	0	549	
13	0	0	0	0	550	
14	0	0	0	0	549	
15	0	0	0	0	548	
0	0	0	0	0	548	
1	0	0	0	0	547	
2	0	0	0	0	545	
3	0	0	0	0	543	
4	0	0	0	0	542	
5	0	0	0	0	542	
6	0	0	0	0	541	
7	0	0	0	0	541	
8	0	0	0	0	540	
9	0	0	0	0	539	
10	0	0	0	0	539	
11	0	0	0	0	539	
12	0	0	0	0	538	
13	0	0	0	0	537	
14	0	0	0	0	534	
15	0	0	0	0	530	
0	0	0	0	0	527	
1	0	0	0	0	525	
2	0	0	0	0	522	
3	0	0	0	0	519	
4	0	0	0	0	516	
5	0	0	0	0	514	
6	0	0	0	0	510	
7	0	0	0	0	505	
8	0	0	0	0	500	
9	0	0	0	0	496	
10	0	0	0	0	493	
11	0	0	0	0	491	
12	0	0	0	0	487	
13	0	0	0	0	484	
14	0	0	0	0	480	
15	0	0	0	0	477	
0	0	0	0	0	472	
1	0	0	0	0	468	
2	0	0	0	0	465	
3	0	0	0	0	465	
4	0	0	0	0	462	
5	0	0	0	0	460	
6	0	0	0	0	460	
7	0	0	0	0	458	
8	0	0	0	0	456	
9	0	0	0	0	455	
10	0	0	0	0	452	
11	0	0	0	0	449	
12	0	0	0	0	446	
13	0	0	0	0	444	
14	0	0	0	0	439	
15	0	0	0	0	438	
0	0	0	0	0	437	
1	0	0	0	0	437	
2	0	0	0	0	436	
3	0	0	0	0	434	
4	0	0	0	0	434	
5	0	0	0	0	434	
6	0	0	0	0	433	
7	0	0	0	0	432	
8	0	0	0	0	431	
9	0	0	0	0	431	
10	0	0	0	0	430	
11	0	0	0	0	428	
12	0	0	0	0	427	
13	0	0	0	0	427	
14	0	0	0	0	426	
15	0	0	0	0	425	
0	0	0	0	0	424	
1	0	0	0	0	423	
2	0	0	0	0	422	
3	0	0	0	0	423	
4	0	0	0	0	423	
5	0	0	0	0	423	
6	0	0	0	0	424	
7	0	0	0	0	423	
8	0	0	0	0	422	
9	0	0	0	0	423	
10	0	0	0	0	424	
11	0	0	0	0	424	
12	0	0	0	0	423	
13	0	0	0	0	425	
14	0	0	0	0	428	
15	0	0	0	0	429	
0	0	0	0	0	430	
1	0	0	0	0	431	
2	0	0	0	0	432	
3	0	0	0	0	432	
4	0	0	0	0	432	
5	0	0	0	0	431	
6	0	0	0	0	431	
7	0	0	0	0	432	
8	0	0	0	0	433	
9	0	0	0	0	434	
10	0	0	0	0	436	
11	0	0	0	0	437	
12	0	0	0	0	438	
13	0	0	0	0	439	
14	0	0	0	0	440	
15	0	0	0	0	442	
0	0	0	0	0	444	
1	0	0	0	0	448	
2	0	0	0	0	449	
3	0	0	0	0	448	
4	0	0	0	0	448	
5	0	0	0	0	450	
6	0	0	0	0	452	
7	0	0	0	0	454	
8	0	0	0	0	454	
9	0	0	0	0	454	
10	0	0	0	0	455	
11	0	0	0	0	458	
12	0	0	0	0	459	
13	0	0	0	0	459	
14	0	0	0	0	458	
15	0	0	0	0	459	
0	0	0	0	0	459	
1	0	0	0	0	457	
2	0	0	0	0	456	
3	0	0	0	0	457	
4	0	0	0	0	459	
5	0	0	0	0	462	
6	0	0	0	0	463	
7	0	0	0	0	464	
8	0	0	0	0	465	
9	0	0	0	0	464	
10	0	0	0	0	464	
11	0	0	0	0	466	
12	0	0	0	0	467	
13	0	0	0	0	467	
14	0	0	0	0	465	
15	0	0	0	0	465	
0	0	0	0	0	467	
1	0	0	0	0	468	
2	0	0	0	0	468	
3	0	0	0	0	467	
4	0	0	0	0	467	
5	0	0	0	0	469	
6	0	0	0	0	469	
7	0	0	0	0	468	
8	0	0	0	0	469	
9	0	0	0	0	471	
10	0	0	0	0	472	
11	0	0	0	0	472	
12	0	0	0	0	474	
13	0	0	0	0	477	
14	0	0	0	0	478	
15	0	0	0	0	479	
0	0	0	0	0	480	
1	0	0	0	0	479	
2	0	0	0	0	479	
3	0	0	0	0	481	
4	0	0	0	0	481	
5	0	0	0	0	480	
6	0	0	0	0	480	
7	0	0	0	0	480	
8	0	0	0	0	480	
9	0	0	0	0	482	
10	0	0	0	0	481	
11	0	0	0	0	480	
12	0	0	0	0	480	
13	0	0	0	0	481	
14	0	0	0	0	483	
15	0	0	0	0	485	
0	0	0	0	0	487	
1	0	0	0	0	486	
2	0	0	0	0	484	
3	0	0	0	0	484	
4	0	0	0	0	483	
5	0	0	0	0	485	
6	0	0	0	0	489	
7	0	0	0	0	491	
8	0	0	0	0	489	
9	0	0	0	0	489	
10	0	0	0	0	492	
11	0	0	0	0	494	
12	0	0	0	0	494	
13	0	0	0	0	495	
14	0	0	0	0	495	
15	0	0	0	0	495	
0	0	0	0	0	495	
1	0	0	0	0	495	
2	0	0	0	0	493	
3	0	0	0	0	491	
4	0	0	0	0	488	
5	0	0	0	0	488	
6	0	0	0	0	490	
7	0	0	0	0	490	
8	0	0	0	0	489	
9	0	0	0	0	490	
10	0	0	0	0	492	
11	0	0	0	0	495	
12	0	0	0	0	496	
13	0	0	0	0	495	
14	0	0	0	0	495	
15	0	0	0	0	495	
0	0	0	0	0	496	
1	0	0	0	0	495	
2	0	0	0	0	494	
3	0	0	0	0	493	
4	0	0	0	0	490	
5	0	0	0	0	489	
6	0	0	0	0	488	
7	0	0	0	0	487	
8	0	0	0	0	489	
9	0	0	0	0	492	
10	0	0	0	0	495	
11	0	0	0	0	495	
12	0	0	0	0	496	
13	0	0	0	0	498	
14	0	0	0	0	499	
15	0	0	0	0	498	
0	0	0	0	0	496	
1	0	0	0	0	499	
2	0	0	0	0	500	
3	0	0	0	0	500	
4	0	0	0	0	499	
5	0	0	0	0	498	
6	0	0	0	0	496	
7	0	0	0	0	494	
8	0	0	0	0	493	
9	0	0	0	0	493	
10	0	0	0	0	496	
11	0	0	0	0	498	
12	0	0	0	0	499	
13	0	0	0	0	499	
14	0	0	0	0	501	
15	0	0	0	0	502	
0	0	0	0	0	502	
1	0	0	0	0	503	
2	0	0	0	0	505	
3	0	0	0	0	508	
4	0	0	0	0	509	
5	0	0	0	0	508	
6	0	0	0	0	508	
7	0	0	0	0	509	
8	0	0	0	0	508	
9	0	0	0	0	508	
10	0	0	0	0	506	
11	0	0	0	0	506	
12	0	0	0	0	506	
13	0	0	0	0	505	
14	0	0	0	0	505	
15	0	0	0	0	507	
0	0	0	0	0	507	
1	0	0	0	0	508	
2	0	0	0	0	509	
3	0	0	0	0	509	
4	0	0	0	0	509	
5	0	0	0	0	510	
6	0	0	0	0	510	
7	0	0	0	0	509	
8	0	0	0	0	509	
9	0	0	0	0	509	
10	0	0	0	0	511	
11	0	0	0	0	511	
12	0	0	0	0	510	
13	0	0	0	0	510	
14	0	0	0	0	511	
15	0	0	0	0	512	
0	0	0	0	0	512	
1	0	0	0	0	517	
2	0	0	0	0	519	
3	0	0	0	0	516	
4	0	0	0	0	514	
5	0	0	0	0	511	
6	0	0	0	0	509	
7	0	0	0	0	508	
8	0	0	0	0	508	
9	0	0	0	0	509	
10	0	0	0	0	510	
11	0	0	0	0	510	
12	0	0	0	0	510	
13	0	0	0	0	509	
14	0	0	0	0	510	
15	0	0	0	0	508	
0	0	0	0	0	507	
1	0	0	0	0	506	
2	0	0	0	0	507	
3	0	0	0	0	508	
4	0	0	0	0	508	
5	0	0	0	0	505	
6	0	0	0	0	503	
7	0	0	0	0	501	
8	0	0	0	0	500	
9	0	0	0	0	500	
10	0	0	0	0	501	
11	0	0	0	0	501	
12	0	0	0	0	502	
13	0	0	0	0	504	
14	0	0	0	0	506	
15	0	0	0	0	509	
0	0	0	0	0	513	
1	0	0	0	0	513	
2	0	0	0	0	515	
3	0	0	0	0	514	
4	0	0	0	0	512	
5	0	0	0	0	509	
6	0	0	0	0	511	
7	0	0	0	0	511	
8	0	0	0	0	510	
9	0	0	0	0	509	
10	0	0	0	0	510	
11	0	0	0	0	512	
12	0	0	0	0	511	
13	0	0	0	0	510	
14	0	0	0	0	510	
15	0	0	0	0	513	
0	0	0	0	0	514	
1	0	0	0	0	515	
2	0	0	0	0	514	
3	0	0	0	0	517	
4	0	0	0	0	519	
5	0	0	0	0	520	
6	0	0	0	0	521	
7	0	0	0	0	520	
8	0	0	0	0	518	
9	0	0	0	0	516	
10	0	0	0	0	513	
11	0	0	0	0	513	
12	0	0	0	0	513	
13	0	0	0	0	515	
14	0	0	0	0	516	
15	0	0	0	0	516	
0	0	0	0	0	516	
1	0	0	0	0	518	
2	0	0	0	0	519	
3	0	0	0	0	520	
4	0	0	0	0	519	
5	0	0	0	0	519	
6	0	0	0	0	518	
7	0	0	0	0	518	
8	0	0	0	0	516	
9	0	0	0	0	515	
10	0	0	0	0	516	
11	0	0	0	0	517	
12	0	0	0	0	519	
13	0	0	0	0	516	
14	0	0	0	0	516	
15	0	0	0	0	517	
0	0	0	0	0	516	
1	0	0	0	0	516	
2	0	0	0	0	517	
3	0	0	0	0	518	
4	0	0	0	0	520	
5	0	0	0	0	521	
6	0	0	0	0	521	
7	0	0	0	0	521	
8	0	0	0	0	520	
9	0	0	0	0	521	
10	0	0	0	0	520	
11	0	0	0	0	521	
12	0	0	0	0	518	
13	0	0	0	0	515	
14	0	0	0	0	515	
15	0	0	0	0	515	
0	0	0	0	0	516	
1	0	0	0	0	518	
2	0	0	0	0	518	
3	0	0	0	0	520	
4	0	0	0	0	524	
5	0	0	0	0	527	
6	0	0	0	0	526	
7	0	0	0	0	524	
8	0	0	0	0	523	
9	0	0	0	0	522	
10	0	0	0	0	520	
11	0	0	0	0	519	
12	0	0	0	0	517	
13	0	0	0	0	515	
14	0	0	0	0	513	
15	0	0	0	0	511	
0	0	0	0	0	510	
1	0	0	0	0	509	
2	0	0	0	0	510	
3	0	0	0	0	511	
4	0	0	0	0	515	
5	0	0	0	0	518	
6	0	0	0	0	519	
7	0	0	0	0	519	
8	0	0	0	0	519	
9	0	0	0	0	518	
10	0	0	0	0	517	
11	0	0	0	0	515	
12	0	0	0	0	513	
13	0	0	0	0	512	
14	0	0	0	0	513	
15	0	0	0	0	516	
0	0	0	0	0	520	
1	0	0	0	0	524	
2	0	0	0	0	524	
3	0	0	0	0	523	
4	0	0	0	0	521	
5	0	0	0	0	522	
6	0	0	0	0	522	
7	0	0	0	0	521	
8	0	0	0	0	519	
9	0	0	0	0	517	
10	0	0	0	0	515	
11	0	0	0	0	511	
12	0	0	0	0	506	
13	0	0	0	0	506	
14	0	0	0	0	508	
15	0	0	0	0	509	
0	0	0	0	0	514	
1	0	0	0	0	517	
2	0	0	0	0	519	
3	0	0	0	0	523	
4	0	0	0	0	523	
5	0	0	0	0	525	
6	0	0	0	0	526	
7	0	0	0	0	529	
8	0	0	0	0	531	
9	0	0	0	0	532	
10	0	0	0	0	536	
11	0	0	0	0	538	
12	0	0	0	0	540	
13	0	0	0	0	538	
14	0	0	0	0	536	
15	0	0	0	0	534	
0	0	0	0	0	531	
1	0	0	0	0	529	
2	0	0	0	0	526	
3	0	0	0	0	520	
4	0	0	0	0	518	
5	0	0	0	0	517	
6	0	0	0	0	518	
7	0	0	0	0	517	
8	0	0	0	0	515	
9	0	0	0	0	516	
10	0	0	0	0	518	
11	0	0	0	0	520	
12	0	0	0	0	522	
13	0	0	0	0	525	
14	0	0	0	0	530	
15	0	0	0	0	534	
0	0	0	0	0	536	
1	0	0	0	0	537	
2	0	0	0	0	537	
3	0	0	0	0	540	
4	0	0	0	0	542	
5	0	0	0	0	545	
6	0	0	0	0	547	
7	0	0	0	0	544	
8	0	0	0	0	541	
9	0	0	0	0	540	
10	0	0	0	0	540	
11	0	0	0	0	537	
12	0	0	0	0	536	
13	0	0	0	0	535	
14	0	0	0	0	535	
15	0	0	0	0	535	
0	0	0	0	0	535	
1	0	0	0	0	535	
2	0	0	0	0	539	
3	0	0	0	0	542	
4	0	0	0	0	545	
5	0	0	0	0	547	
6	0	0	0	0	547	
7	0	0	0	0	551	
8	0	0	0	0	553	
9	0	0	0	0	556	
10	0	0	0	0	556	
11	0	0	0	0	555	
12	0	0	0	0	556	
13	0	0	0	0	552	
14	0	0	0	0	550	
15	0	0	0	0	548	
0	0	0	0	0	545	
1	0	0	0	0	545	
2	0	0	0	0	546	
3	0	0	0	0	543	
4	0	0	0	0	540	
5	0	0	0	0	540	
6	0	0	0	0	541	
7	0	0	0	0	540	
8	0	0	0	0	540	
9	0	0	0	0	540	
10	0	0	0	0	538	
11	0	0	0	0	537	
12	0	0	0	0	536	
13	0	0	0	0	540	
14	0	0	0	0	542	
15	0	0	0	0	540	
0	0	0	0	0	539	
1	0	0	0	0	540	
2	0	0	0	0	541	
3	0	0	0	0	542	
4	0	0	0	0	542	
5	0	0	0	0	545	
6	0	0	0	0	545	
7	0	0	0	0	544	
8	0	0	0	0	545	
9	0	0	0	0	545	
10	0	0	0	0	546	
11	0	0	0	0	546	
12	0	0	0	0	545	
13	0	0	0	0	543	
14	0	0	0	0	541	
15	0	0	0	0	541	
0	0	0	0	0	538	
1	0	0	0	0	536	
2	0	0	0	0	531	
3	0	0	0	0	527	
4	0	0	0	0	524	
5	0	0	0	0	521	
6	0	0	0	0	521	
7	0	0	0	0	522	
8	0	0	0	0	521	
9	0	0	0	0	520	
10	0	0	0	0	518	
11	0	0	0	0	519	
12	0	0	0	0	518	
13	0	0	0	0	518	
14	0	0	0	0	518	
15	0	0	0	0	516	
0	0	0	0	0	516	
1	0	0	0	0	519	
2	0	0	0	0	521	
3	0	0	0	0	523	
4	0	0	0	0	526	
5	0	0	0	0	524	
6	0	0	0	0	522	
7	0	0	0	0	526	
8	0	0	0	0	530	
9	0	0	0	0	531	
10	0	0	0	0	530	
11	0	0	0	0	530	
12	0	0	0	0	530	
13	0	0	0	0	528	
14	0	0	0	0	526	
15	0	0	0	0	523	
0	0	0	0	0	519	
1	0	0	0	0	515	
2	0	0	0	0	512	
3	0	0	0	0	512	
4	0	0	0	0	512	
5	0	0	0	0	513	
6	0	0	0	0	512	
7	0	0	0	0	512	
8	0	0	0	0	511	
9	0	0	0	0	512	
10	0	0	0	0	512	
11	0	0	0	0	510	
12	0	0	0	0	506	
13	0	0	0	0	503	
14	0	0	0	0	504	
15	0	0	0	0	508	
0	0	0	0	0	508	
1	0	0	0	0	507	
2	0	0	0	0	503	
3	0	0	0	0	502	
4	0	0	0	0	503	
5	0	0	0	0	505	
6	0	0	0	0	508	
7	0	0	0	0	508	
8	0	0	0	0	509	
9	0	0	0	0	513	
10	0	0	0	0	516	
11	0	0	0	0	517	
12	0	0	0	0	516	
13	0	0	0	0	515	
14	0	0	0	0	514	
15	0	0	0	0	512	
0	0	0	0	0	510	
1	0	0	0	0	508	
2	0	0	0	0	506	
3	0	0	0	0	504	
4	0	0	0	0	503	
5	0	0	0	0	506	
6	0	0	0	0	508	
7	0	0	0	0	510	
8	0	0	0	0	509	
9	0	0	0	0	509	
10	0	0	0	0	511	
11	0	0	0	0	515	
12	0	0	0	0	516	
13	0	0	0	0	517	
14	0	0	0	0	516	
15	0	0	0	0	516	
0	0	0	0	0	515	
1	0	0	0	0	515	
2	0	0	0	0	516	
3	0	0	0	0	517	
4	0	0	0	0	515	
5	0	0	0	0	512	
6	0	0	0	0	509	
7	0	0	0	0	508	
8	0	0	0	0	508	
9	0	0	0	0	509	
10	0	0	0	0	511	
11	0	0	0	0	514	
12	0	0	0	0	519	
13	0	0	0	0	527	
14	0	0	0	0	533	
15	0	0	0	0	539	
0	0	0	0	0	542	
1	0	0	0	0	543	
2	0	0	0	0	544	
3	0	0	0	0	550	
4	0	0	0	0	557	
5	0	0	0	0	564	
6	0	0	0	0	573	
7	0	0	0	0	580	
8	0	0	0	0	594	
9	0	0	0	0	607	
10	0	0	0	0	623	
11	0	0	0	0	641	
12	0	0	0	0	662	
13	0	0	0	0	688	
14	0	0	0	0	709	
15	0	0	0	0	732	
0	0	0	0	0	756	
1	0	0	0	0	779	
2	0	0	0	0	805	
3	0	0	0	0	829	
4	0	0	0	0	850	
5	0	0	0	0	871	
6	0	0	0	0	887	
7	0	0	0	0	895	
8	0	0	0	0	890	
9	0	0	0	0	888	
10	0	0	0	0	879	
11	0	0	0	0	871	
12	0	0	0	0	859	
13	0	0	0	0	835	
14	0	0	0	0	811	
15	0	0	0	0	784	
0	0	0	0	0	750	
1	0	0	0	0	711	
2	0	0	0	0	673	
3	0	0	0	0	635	
4	0	0	0	0	592	
5	0	0	0	0	546	
6	0	0	0	0	499	
7	0	0	0	0	455	
8	0	0	0	0	420	
9	0	0	0	0	395	
10	0	0	0	0	377	
11	0	0	0	0	369	
12	0	0	0	0	367	
13	0	0	0	0	371	
14	0	0	0	0	380	
15	0	0	0	0	387	
0	0	0	0	0	392	
1	0	0	0	0	397	
2	0	0	0	0	403	
3	0	0	0	0	409	
4	0	0	0	0	416	
5	0	0	0	0	422	
6	0	0	0	0	429	
7	0	0	0	0	439	
8	0	0	0	0	444	
9	0	0	0	0	448	
10	0	0	0	0	451	
11	0	0	0	0	456	
12	0	0	0	0	458	
13	0	0	0	0	460	
14	0	0	0	0	460	
15	0	0	0	0	462	
0	0	0	0	0	464	
1	0	0	0	0	467	
2	0	0	0	0	466	
3	0	0	0	0	468	
4	0	0	0	0	472	
5	0	0	0	0	469	
6	0	0	0	0	465	
7	0	0	0	0	464	
8	0	0	0	0	463	
9	0	0	0	0	463	
10	0	0	0	0	462	
11	0	0	0	0	463	
12	0	0	0	0	463	
13	0	0	0	0	462	
14	0	0	0	0	465	
15	0	0	0	0	467	
0	0	0	0	0	466	
1	0	0	0	0	467	
2	0	0	0	0	468	
3	0	0	0	0	470	
4	0	0	0	0	473	
5	0	0	0	0	478	
6	0	0	0	0	479	
7	0	0	0	0	481	
8	0	0	0	0	483	
9	0	0	0	0	481	
10	0	0	0	0	482	
11	0	0	0	0	481	
12	0	0	0	0	482	
13	0	0	0	0	484	
14	0	0	0	0	481	
15	0	0	0	0	481	
0	0	0	0	0	482	
1	0	0	0	0	483	
2	0	0	0	0	484	
3	0	0	0	0	485	
4	0	0	0	0	482	
5	0	0	0	0	480	
6	0	0	0	0	481	
7	0	0	0	0	484	
8	0	0	0	0	485	
9	0	0	0	0	483	
10	0	0	0	0	484	
11	0	0	0	0	485	
12	0	0	0	0	487	
13	0	0	0	0	490	
14	0	0	0	0	493	
15	0	0	0	0	492	
0	0	0	0	0	489	
1	0	0	0	0	488	
2	0	0	0	0	489	
3	0	0	0	0	492	
4	0	0	0	0	496	
5	0	0	0	0	497	
6	0	0	0	0	499	
7	0	0	0	0	500	
8	0	0	0	0	500	
9	0	0	0	0	499	
10	0	0	0	0	499	
11	0	0	0	0	502	
12	0	0	0	0	500	
13	0	0	0	0	499	
14	0	0	0	0	500	
15	0	0	0	0	499	
0	0	0	0	0	500	
1	0	0	0	0	499	
2	0	0	0	0	495	
3	0	0	0	0	496	
4	0	0	0	0	499	
5	0	0	0	0	498	
6	0	0	0	0	500	
7	0	0	0	0	502	
8	0	0	0	0	502	
9	0	0	0	0	501	
10	0	0	0	0	503	
11	0	0	0	0	506	
12	0	0	0	0	507	
13	0	0	0	0	508	
14	0	0	0	0	509	
15	0	0	0	0	510	
0	0	0	0	0	510	
1	0	0	0	0	510	
2	0	0	0	0	509	
3	0	0	0	0	508	
4	0	0	0	0	506	
5	0	0	0	0	506	
6	0	0	0	0	508	
7	0	0	0	0	513	
8	0	0	0	0	514	
9	0	0	0	0	516	
10	0	0	0	0	516	
11	0	0	0	0	514	
12	0	0	0	0	515	
13	0	0	0	0	518	
14	0	0	0	0	518	
15	0	0	0	0	522	
0	0	0	0	0	523	
1	0	0	0	0	521	
2	0	0	0	0	518	
3	0	0	0	0	518	
4	0	0	0	0	519	
5	0	0	0	0	521	
6	0	0	0	0	522	
7	0	0	0	0	523	
8	0	0	0	0	525	
9	0	0	0	0	524	
10	0	0	0	0	520	
11	0	0	0	0	519	
12	0	0	0	0	519	
13	0	0	0	0	519	
14	0	0	0	0	518	
15	0	0	0	0	519	
0	0	0	0	0	520	
1	0	0	0	0	520	
2	0	0	0	0	518	
3	0	0	0	0	518	
4	0	0	0	0	520	
5	0	0	0	0	524	
6	0	0	0	0	529	
7	0	0	0	0	531	
8	0	0	0	0	531	
9	0	0	0	0	536	
10	0	0	0	0	542	
11	0	0	0	0	543	
12	0	0	0	0	544	
13	0	0	0	0	542	
14	0	0	0	0	541	
15	0	0	0	0	539	
0	0	0	0	0	541	
1	0	0	0	0	543	
2	0	0	0	0	545	
3	0	0	0	0	548	
4	0	0	0	0	550	
5	0	0	0	0	549	
6	0	0	0	0	547	
7	0	0	0	0	545	
8	0	0	0	0	547	
9	0	0	0	0	549	
10	0	0	0	0	549	
11	0	0	0	0	548	
12	0	0	0	0	546	
13	0	0	0	0	544	
14	0	0	0	0	542	
15	0	0	0	0	540	
0	0	0	0	0	543	
1	0	0	0	0	546	
2	0	0	0	0	551	
3	0	0	0	0	552	
4	0	0	0	0	552	
5	0	0	0	0	555	
6	0	0	0	0	556	
7	0	0	0	0	556	
8	0	0	0	0	556	
9	0	0	0	0	555	
10	0	0	0	0	560	
11	0	0	0	0	564	
12	0	0	0	0	569	
13	0	0	0	0	571	
14	0	0	0	0	568	
15	0	0	0	0	566	
0	0	0	0	0	569	
1	0	0	0	0	574	
2	0	0	0	0	573	
3	0	0	0	0	571	
4	0	0	0	0	572	
5	0	0	0	0	571	
6	0	0	0	0	570	
7	0	0	0	0	570	
8	0	0	0	0	570	
9	0	0	0	0	572	
10	0	0	0	0	575	
11	0	0	0	0	578	
12	0	0	0	0	579	
13	0	0	0	0	579	
14	0	0	0	0	579	
15	0	0	0	0	577	
0	0	0	0	0	575	
1	0	0	0	0	575	
2	0	0	0	0	577	
3	0	0	0	0	582	
4	0	0	0	0	584	
5	0	0	0	0	584	
6	0	0	0	0	585	
7	0	0	0	0	585	
8	0	0	0	0	581	
9	0	0	0	0	579	
10	0	0	0	0	581	
11	0	0	0	0	582	
12	0	0	0	0	582	
13	0	0	0	0	583	
14	0	0	0	0	583	
15	0	0	0	0	584	
0	0	0	0	0	583	
1	0	0	0	0	579	
2	0	0	0	0	578	
3	0	0	0	0	574	
4	0	0	0	0	571	
5	0	0	0	0	573	
6	0	0	0	0	572	
7	0	0	0	0	571	
8	0	0	0	0	568	
9	0	0	0	0	568	
10	0	0	0	0	567	
11	0	0	0	0	567	
12	0	0	0	0	568	
13	0	0	0	0	568	
14	0	0	0	0	571	
15	0	0	0	0	571	
0	0	0	0	0	569	
1	0	0	0	0	568	
2	0	0	0	0	564	
3	0	0	0	0	565	
4	0	0	0	0	569	
5	0	0	0	0	571	
6	0	0	0	0	569	
7	0	0	0	0	564	
8	0	0	0	0	558	
9	0	0	0	0	556	
10	0	0	0	0	552	
11	0	0	0	0	554	
12	0	0	0	0	551	
13	0	0	0	0	550	
14	0	0	0	0	551	
15	0	0	0	0	549	
0	0	0	0	0	546	
1	0	0	0	0	540	
2	0	0	0	0	535	
3	0	0	0	0	534	
4	0	0	0	0	529	
5	0	0	0	0	526	
6	0	0	0	0	525	
7	0	0	0	0	527	
8	0	0	0	0	521	
9	0	0	0	0	514	
10	0	0	0	0	510	
11	0	0	0	0	505	
12	0	0	0	0	502	
13	0	0	0	0	497	
14	0	0	0	0	490	
15	0	0	0	0	485	
0	0	0	0	0	480	
1	0	0	0	0	480	
2	0	0	0	0	478	
3	0	0	0	0	474	
4	0	0	0	0	473	
5	0	0	0	0	469	
6	0	0	0	0	465	
7	0	0	0	0	463	
8	0	0	0	0	463	
9	0	0	0	0	466	
10	0	0	0	0	465	
11	0	0	0	0	466	
12	0	0	0	0	466	
13	0	0	0	0	466	
14	0	0	0	0	466	
15	0	0	0	0	463	
0	0	0	0	0	461	
1	0	0	0	0	461	
2	0	0	0	0	461	
3	0	0	0	0	460	
4	0	0	0	0	456	
5	0	0	0	0	452	
6	0	0	0	0	450	
7	0	0	0	0	449	
8	0	0	0	0	447	
9	0	0	0	0	445	
10	0	0	0	0	444	
11	0	0	0	0	441	
12	0	0	0	0	439	
13	0	0	0	0	438	
14	0	0	0	0	434	
15	0	0	0	0	431	
0	0	0	0	0	432	
1	0	0	0	0	430	
2	0	0	0	0	429	
3	0	0	0	0	427	
4	0	0	0	0	430	
5	0	0	0	0	431	
6	0	0	0	0	431	
7	0	0	0	0	432	
8	0	0	0	0	433	
9	0	0	0	0	433	
10	0	0	0	0	437	
11	0	0	0	0	439	
12	0	0	0	0	441	
13	0	0	0	0	440	
14	0	0	0	0	437	
15	0	0	0	0	439	
0	0	0	0	0	439	
1	0	0	0	0	439	
2	0	0	0	0	440	
3	0	0	0	0	441	
4	0	0	0	0	441	
5	0	0	0	0	440	
6	0	0	0	0	440	
7	0	0	0	0	443	
8	0	0	0	0	444	
9	0	0	0	0	446	
10	0	0	0	0	448	
11	0	0	0	0	449	
12	0	0	0	0	448	
13	0	0	0	0	449	
14	0	0	0	0	451	
15	0	0	0	0	450	
0	0	0	0	0	448	
1	0	0	0	0	447	
2	0	0	0	0	449	
3	0	0	0	0	451	
4	0	0	0	0	451	
5	0	0	0	0	455	
6	0	0	0	0	455	
7	0	0	0	0	455	
8	0	0	0	0	458	
9	0	0	0	0	460	
10	0	0	0	0	464	
11	0	0	0	0	467	
12	0	0	0	0	467	
13	0	0	0	0	468	
14	0	0	0	0	468	
15	0	0	0	0	468	
0	0	0	0	0	466	
1	0	0	0	0	462	
2	0	0	0	0	458	
3	0	0	0	0	455	
4	0	0	0	0	457	
5	0	0	0	0	458	
6	0	0	0	0	462	
7	0	0	0	0	466	
8	0	0	0	0	465	
9	0	0	0	0	464	
10	0	0	0	0	466	
11	0	0	0	0	472	
12	0	0	0	0	475	
13	0	0	0	0	474	
14	0	0	0	0	474	
15	0	0	0	0	475	
0	0	0	0	0	476	
1	0	0	0	0	479	
2	0	0	0	0	480	
3	0	0	0	0	479	
4	0	0	0	0	479	
5	0	0	0	0	480	
6	0	0	0	0	480	
7	0	0	0	0	479	
8	0	0	0	0	477	
9	0	0	0	0	476	
10	0	0	0	0	476	
11	0	0	0	0	475	
12	0	0	0	0	476	
13	0	0	0	0	478	
14	0	0	0	0	480	
15	0	0	0	0	480	
0	0	0	0	0	480	
1	0	0	0	0	479	
2	0	0	0	0	478	
3	0	0	0	0	476	
4	0	0	0	0	476	
5	0	0	0	0	480	
6	0	0	0	0	485	
7	0	0	0	0	488	
8	0	0	0	0	488	
9	0	0	0	0	491	
10	0	0	0	0	492	
11	0	0	0	0	496	
12	0	0	0	0	499	
13	0	0	0	0	499	
14	0	0	0	0	500	
15	0	0	0	0	502	
0	0	0	0	0	502	
1	0	0	0	0	499	
2	0	0	0	0	497	
3	0	0	0	0	500	
4	0	0	0	0	502	
5	0	0	0	0	500	
6	0	0	0	0	502	
7	0	0	0	0	504	
8	0	0	0	0	504	
9	0	0	0	0	501	
10	0	0	0	0	500	
11	0	0	0	0	498	
12	0	0	0	0	496	
13	0	0	0	0	497	
14	0	0	0	0	496	
15	0	0	0	0	495	
0	0	0	0	0	496	
1	0	0	0	0	496	
2	0	0	0	0	499	
3	0	0	0	0	500	
4	0	0	0	0	502	
5	0	0	0	0	503	
6	0	0	0	0	501	
7	0	0	0	0	498	
8	0	0	0	0	498	
9	0	0	0	0	498	
10	0	0	0	0	499	
11	0	0	0	0	499	
12	0	0	0	0	499	
13	0	0	0	0	499	
14	0	0	0	0	503	
15	0	0	0	0	503	
0	0	0	0	0	504	
1	0	0	0	0	509	
2	0	0	0	0	513	
3	0	0	0	0	512	
4	0	0	0	0	514	
5	0	0	0	0	515	
6	0	0	0	0	514	
7	0	0	0	0	517	
8	0	0	0	0	520	
9	0	0	0	0	519	
10	0	0	0	0	518	
11	0	0	0	0	517	
12	0	0	0	0	517	
13	0	0	0	0	517	
14	0	0	0	0	519	
15	0	0	0	0	518	
0	0	0	0	0	517	
1	0	0	0	0	516	
2	0	0	0	0	517	
3	0	0	0	0	519	
4	0	0	0	0	522	
5	0	0	0	0	523	
6	0	0	0	0	524	
7	0	0	0	0	525	
8	0	0	0	0	525	
9	0	0	0	0	526	
10	0	0	0	0	526	
11	0	0	0	0	525	
12	0	0	0	0	525	
13	0	0	0	0	520	
14	0	0	0	0	515	
15	0	0	0	0	514	
0	0	0	0	0	516	
1	0	0	0	0	518	
2	0	0	0	0	518	
3	0	0	0	0	514	
4	0	0	0	0	512	
5	0	0	0	0	511	
6	0	0	0	0	511	
7	0	0	0	0	514	
8	0	0	0	0	512	
9	0	0	0	0	507	
10	0	0	0	0	505	
11	0	0	0	0	504	
12	0	0	0	0	505	
13	0	0	0	0	505	
14	0	0	0	0	508	
15	0	0	0	0	509	
0	0	0	0	0	512	
1	0	0	0	0	515	
2	0	0	0	0	519	
3	0	0	0	0	521	
4	0	0	0	0	519	
5	0	0	0	0	516	
6	0	0	0	0	515	
7	0	0	0	0	516	
8	0	0	0	0	516	
9	0	0	0	0	519	
10	0	0	0	0	518	
11	0	0	0	0	517	
12	0	0	0	0	515	
13	0	0	0	0	516	
14	0	0	0	0	515	
15	0	0	0	0	511	
0	0	0	0	0	511	
1	0	0	0	0	513	
2	0	0	0	0	518	
3	0	0	0	0	517	
4	0	0	0	0	514	
5	0	0	0	0	512	
6	0	0	0	0	510	
7	0	0	0	0	511	
8	0	0	0	0	512	
9	0	0	0	0	512	
10	0	0	0	0	516	
11	0	0	0	0	519	
12	0	0	0	0	522	
13	0	0	0	0	523	
14	0	0	0	0	522	
15	0	0	0	0	522	
0	0	0	0	0	521	
1	0	0	0	0	523	
2	0	0	0	0	524	
3	0	0	0	0	522	
4	0	0	0	0	521	
5	0	0	0	0	518	
6	0	0	0	0	518	
7	0	0	0	0	513	
8	0	0	0	0	511	
9	0	0	0	0	511	
10	0	0	0	0	511	
11	0	0	0	0	511	
12	0	0	0	0	510	
13	0	0	0	0	509	
14	0	0	0	0	513	
15	0	0	0	0	518	
0	0	0	0	0	519	
1	0	0	0	0	518	
2	0	0	0	0	517	
3	0	0	0	0	515	
4	0	0	0	0	515	
5	0	0	0	0	516	
6	0	0	0	0	519	
7	0	0	0	0	519	
8	0	0	0	0	518	
9	0	0	0	0	517	
10	0	0	0	0	516	
11	0	0	0	0	512	
12	0	0	0	0	510	
13	0	0	0	0	511	
14	0	0	0	0	508	
15	0	0	0	0	510	
0	0	0	0	0	514	
1	0	0	0	0	514	
2	0	0	0	0	517	
3	0	0	0	0	515	
4	0	0	0	0	515	
5	0	0	0	0	515	
6	0	0	0	0	513	
7	0	0	0	0	512	
8	0	0	0	0	513	
9	0	0	0	0	514	
10	0	0	0	0	513	
11	0	0	0	0	511	
12	0	0	0	0	511	
13	0	0	0	0	510	
14	0	0	0	0	508	
15	0	0	0	0	507	
0	0	0	0	0	509	
1	0	0	0	0	510	
2	0	0	0	0	508	
3	0	0	0	0	508	
4	0	0	0	0	509	
5	0	0	0	0	510	
6	0	0	0	0	512	
7	0	0	0	0	515	
8	0	0	0	0	519	
9	0	0	0	0	519	
10	0	0	0	0	522	
11	0	0	0	0	521	
12	0	0	0	0	517	
13	0	0	0	0	515	
14	0	0	0	0	515	
15	0	0	0	0	517	
0	0	0	0	0	518	
1	0	0	0	0	515	
2	0	0	0	0	515	
3	0	0	0	0	516	
4	0	0	0	0	517	
5	0	0	0	0	517	
6	0	0	0	0	515	
7	0	0	0	0	520	
8	0	0	0	0	524	
9	0	0	0	0	525	
10	0	0	0	0	525	
11	0	0	0	0	526	
12	0	0	0	0	527	
13	0	0	0	0	524	
14	0	0	0	0	519	
15	0	0	0	0	516	
0	0	0	0	0	517	
1	0	0	0	0	520	
2	0	0	0	0	522	
3	0	0	0	0	522	
4	0	0	0	0	526	
5	0	0	0	0	528	
6	0	0	0	0	531	
7	0	0	0	0	535	
8	0	0	0	0	534	
9	0	0	0	0	532	
10	0	0	0	0	529	
11	0	0	0	0	526	
12	0	0	0	0	523	
13	0	0	0	0	521	
14	0	0	0	0	520	
15	0	0	0	0	521	
0	0	0	0	0	520	
1	0	0	0	0	521	
2	0	0	0	0	522	
3	0	0	0	0	522	
4	0	0	0	0	521	
5	0	0	0	0	523	
6	0	0	0	0	523	
7	0	0	0	0	524	
8	0	0	0	0	526	
9	0	0	0	0	526	
10	0	0	0	0	527	
11	0	0	0	0	527	
12	0	0	0	0	525	
13	0	0	0	0	524	
14	0	0	0	0	523	
15	0	0	0	0	519	
0	0	0	0	0	519	
1	0	0	0	0	522	
2	0	0	0	0	524	
3	0	0	0	0	526	
4	0	0	0	0	529	
5	0	0	0	0	530	
6	0	0	0	0	531	
7	0	0	0	0	532	
8	0	0	0	0	532	
9	0	0	0	0	531	
10	0	0	0	0	530	
11	0	0	0	0	531	
12	0	0	0	0	531	
13	0	0	0	0	532	
14	0	0	0	0	529	
15	0	0	0	0	527	
0	0	0	0	0	523	
1	0	0	0	0	520	
2	0	0	0	0	514	
3	0	0	0	0	513	
4	0	0	0	0	512	
5	0	0	0	0	509	
6	0	0	0	0	511	
7	0	0	0	0	516	
8	0	0	0	0	516	
9	0	0	0	0	515	
10	0	0	0	0	514	
11	0	0	0	0	516	
12	0	0	0	0	518	
13	0	0	0	0	518	
14	0	0	0	0	515	
15	0	0	0	0	512	
0	0	0	0	0	511	
1	0	0	0	0	512	
2	0	0	0	0	514	
3	0	0	0	0	515	
4	0	0	0	0	516	
5	0	0	0	0	516	
6	0	0	0	0	517	
7	0	0	0	0	519	
8	0	0	0	0	518	
9	0	0	0	0	520	
10	0	0	0	0	521	
11	0	0	0	0	520	
12	0	0	0	0	519	
13	0	0	0	0	518	
14	0	0	0	0	514	
15	0	0	0	0	512	
0	0	0	0	0	511	
1	0	0	0	0	510	
2	0	0	0	0	511	
3	0	0	0	0	512	
4	0	0	0	0	512	
5	0	0	0	0	508	
6	0	0	0	0	505	
7	0	0	0	0	505	
8	0	0	0	0	506	
9	0	0	0	0	508	
10	0	0	0	0	508	
11	0	0	0	0	509	
12	0	0	0	0	511	
13	0	0	0	0	512	
14	0	0	0	0	514	
15	0	0	0	0	513	
0	0	0	0	0	514	
1	0	0	0	0	512	
2	0	0	0	0	510	
3	0	0	0	0	510	
4	0	0	0	0	511	
5	0	0	0	0	515	
6	0	0	0	0	517	
7	0	0	0	0	517	
8	0	0	0	0	518	
9	0	0	0	0	519	
10	0	0	0	0	520	
11	0	0	0	0	521	
12	0	0	0	0	518	
13	0	0	0	0	520	
14	0	0	0	0	524	
15	0	0	0	0	524	
0	0	0	0	0	522	
1	0	0	0	0	519	
2	0	0	0	0	515	
3	0	0	0	0	513	
4	0	0	0	0	513	
5	0	0	0	0	513	
6	0	0	0	0	512	
7	0	0	0	0	513	
8	0	0	0	0	514	
9	0	0	0	0	514	
10	0	0	0	0	515	
11	0	0	0	0	516	
12	0	0	0	0	519	
13	0	0	0	0	518	
14	0	0	0	0	517	
15	0	0	0	0	516	
0	0	0	0	0	515	
1	0	0	0	0	514	
2	0	0	0	0	513	
3	0	0	0	0	513	
4	0	0	0	0	514	
5	0	0	0	0	513	
6	0	0	0	0	514	
7	0	0	0	0	513	
8	0	0	0	0	513	
9	0	0	0	0	515	
10	0	0	0	0	517	
11	0	0	0	0	521	
12	0	0	0	0	524	
13	0	0	0	0	530	
14	0	0	0	0	533	
15	0	0	0	0	537	
0	0	0	0	0	539	
1	0	0	0	0	542	
2	0	0	0	0	549	
3	0	0	0	0	557	
4	0	0	0	0	564	
5	0	0	0	0	571	
6	0	0	0	0	577	
7	0	0	0	0	587	
8	0	0	0	0	599	
9	0	0	0	0	611	
10	0	0	0	0	626	
11	0	0	0	0	642	
12	0	0	0	0	661	
13	0	0	0	0	681	
14	0	0	0	0	700	
15	0	0	0	0	716	
0	0	0	0	0	731	
1	0	0	0	0	748	
2	0	0	0	0	765	
3	0	0	0	0	781	
4	0	0	0	0	798	
5	0	0	0	0	812	
6	0	0	0	0	824	
7	0	0	0	0	833	
8	0	0	0	0	833	
9	0	0	0	0	831	
10	0	0	0	0	824	
11	0	0	0	0	818	
12	0	0	0	0	809	
13	0	0	0	0	793	
14	0	0	0	0	775	
15	0	0	0	0	751	
0	0	0	0	0	723	
1	0	0	0	0	692	
2	0	0	0	0	655	
3	0	0	0	0	617	
4	0	0	0	0	575	
5	0	0	0	0	532	
6	0	0	0	0	492	
7	0	0	0	0	455	
8	0	0	0	0	424	
9	0	0	0	0	400	
10	0	0	0	0	386	
11	0	0	0	0	378	
12	0	0	0	0	377	
13	0	0	0	0	380	
14	0	0	0	0	386	
15	0	0	0	0	393	
0	0	0	0	0	400	
1	0	0	0	0	406	
2	0	0	0	0	413	
3	0	0	0	0	418	
4	0	0	0	0	421	
5	0	0	0	0	425	
6	0	0	0	0	430	
7	0	0	0	0	436	
8	0	0	0	0	440	
9	0	0	0	0	444	
10	0	0	0	0	448	
11	0	0	0	0	451	
12	0	0	0	0	455	
13	0	0	0	0	459	
14	0	0	0	0	462	
15	0	0	0	0	464	
0	0	0	0	0	465	
1	0	0	0	0	466	
2	0	0	0	0	465	
3	0	0	0	0	466	
4	0	0	0	0	467	
5	0	0	0	0	467	
6	0	0	0	0	467	
7	0	0	0	0	465	
8	0	0	0	0	467	
9	0	0	0	0	470	
10	0	0	0	0	469	
11	0	0	0	0	466	
12	0	0	0	0	467	
13	0	0	0	0	468	
14	0	0	0	0	469	
15	0	0	0	0	471	
0	0	0	0	0	474	
1	0	0	0	0	475	
2	0	0	0	0	475	
3	0	0	0	0	475	
4	0	0	0	0	475	
5	0	0	0	0	476	
6	0	0	0	0	476	
7	0	0	0	0	477	
8	0	0	0	0	477	
9	0	0	0	0	476	
10	0	0	0	0	475	
11	0	0	0	0	474	
12	0	0	0	0	475	
13	0	0	0	0	476	
14	0	0	0	0	476	
15	0	0	0	0	476	
0	0	0	0	0	476	
1	0	0	0	0	478	
2	0	0	0	0	480	
3	0	0	0	0	481	
4	0	0	0	0	483	
5	0	0	0	0	483	
6	0	0	0	0	481	
7	0	0	0	0	481	
8	0	0	0	0	481	
9	0	0	0	0	481	
10	0	0	0	0	480	
11	0	0	0	0	481	
12	0	0	0	0	482	
13	0	0	0	0	483	
14	0	0	0	0	485	
15	0	0	0	0	486	
0	0	0	0	0	484	
1	0	0	0	0	483	
2	0	0	0	0	485	
3	0	0	0	0	486	
4	0	0	0	0	486	
5	0	0	0	0	485	
6	0	0	0	0	485	
7	0	0	0	0	486	
8	0	0	0	0	488	
9	0	0	0	0	488	
10	0	0	0	0	487	
11	0	0	0	0	486	
12	0	0	0	0	485	
13	0	0	0	0	488	
14	0	0	0	0	492	
15	0	0	0	0	495	
0	0	0	0	0	496	
1	0	0	0	0	497	
2	0	0	0	0	499	
3	0	0	0	0	500	
4	0	0	0	0	500	
5	0	0	0	0	500	
6	0	0	0	0	500	
7	0	0	0	0	500	
8	0	0	0	0	499	
9	0	0	0	0	499	
10	0	0	0	0	496	
11	0	0	0	0	495	
12	0	0	0	0	496	
13	0	0	0	0	496	
14	0	0	0	0	497	
15	0	0	0	0	499	
0	0	0	0	0	500	
1	0	0	0	0	499	
2	0	0	0	0	499	
3	0	0	0	0	501	
4	0	0	0	0	501	
5	0	0	0	0	501	
6	0	0	0	0	503	
7	0	0	0	0	504	
8	0	0	0	0	505	
9	0	0	0	0	504	
10	0	0	0	0	504	
11	0	0	0	0	504	
12	0	0	0	0	504	
13	0	0	0	0	507	
14	0	0	0	0	509	
15	0	0	0	0	509	
0	0	0	0	0	509	
1	0	0	0	0	508	
2	0	0	0	0	510	
3	0	0	0	0	511	
4	0	0	0	0	510	
5	0	0	0	0	511	
6	0	0	0	0	511	
7	0	0	0	0	511	
8	0	0	0	0	509	
9	0	0	0	0	508	
10	0	0	0	0	508	
11	0	0	0	0	507	
12	0	0	0	0	507	
13	0	0	0	0	509	
14	0	0	0	0	509	
15	0	0	0	0	511	
0	0	0	0	0	510	
1	0	0	0	0	512	
2	0	0	0	0	513	
3	0	0	0	0	515	
4	0	0	0	0	518	
5	0	0	0	0	519	
6	0	0	0	0	519	
7	0	0	0	0	519	
8	0	0	0	0	518	
9	0	0	0	0	520	
10	0	0	0	0	520	
11	0	0	0	0	521	
12	0	0	0	0	520	
13	0	0	0	0	520	
14	0	0	0	0	521	
15	0	0	0	0	523	
0	0	0	0	0	524	
1	0	0	0	0	526	
2	0	0	0	0	526	
3	0	0	0	0	525	
4	0	0	0	0	525	
5	0	0	0	0	526	
6	0	0	0	0	526	
7	0	0	0	0	527	
8	0	0	0	0	528	
9	0	0	0	0	529	
10	0	0	0	0	531	
11	0	0	0	0	532	
12	0	0	0	0	531	
13	0	0	0	0	531	
14	0	0	0	0	533	
15	0	0	0	0	535	
0	0	0	0	0	536	
1	0	0	0	0	537	
2	0	0	0	0	537	
3	0	0	0	0	537	
4	0	0	0	0	537	
5	0	0	0	0	537	
6	0	0	0	0	537	
7	0	0	0	0	538	
8	0	0	0	0	539	
9	0	0	0	0	538	
10	0	0	0	0	538	
11	0	0	0	0	538	
12	0	0	0	0	539	
13	0	0	0	0	538	
14	0	0	0	0	539	
15	0	0	0	0	542	
0	0	0	0	0	543	
1	0	0	0	0	546	
2	0	0	0	0	547	
3	0	0	0	0	548	
4	0	0	0	0	549	
5	0	0	0	0	549	
6	0	0	0	0	549	
7	0	0	0	0	549	
8	0	0	0	0	548	
9	0	0	0	0	549	
10	0	0	0	0	550	
11	0	0	0	0	551	
12	0	0	0	0	551	
13	0	0	0	0	552	
14	0	0	0	0	552	
15	0	0	0	0	552	
0	0	0	0	0	555	
1	0	0	0	0	556	
2	0	0	0	0	558	
3	0	0	0	0	560	
4	0	0	0	0	560	
5	0	0	0	0	561	
6	0	0	0	0	562	
7	0	0	0	0	564	
8	0	0	0	0	565	
9	0	0	0	0	565	
10	0	0	0	0	566	
11	0	0	0	0	564	
12	0	0	0	0	561	
13	0	0	0	0	559	
14	0	0	0	0	558	
15	0	0	0	0	557	
0	0	0	0	0	557	
1	0	0	0	0	556	
2	0	0	0	0	556	
3	0	0	0	0	556	
4	0	0	0	0	557	
5	0	0	0	0	557	
6	0	0	0	0	558	
7	0	0	0	0	559	
8	0	0	0	0	558	
9	0	0	0	0	558	
10	0	0	0	0	556	
11	0	0	0	0	554	
12	0	0	0	0	553	
13	0	0	0	0	551	
14	0	0	0	0	549	
15	0	0	0	0	548	
0	0	0	0	0	547	
1	0	0	0	0	546	
2	0	0	0	0	545	
3	0	0	0	0	546	
4	0	0	0	0	545	
5	0	0	0	0	545	
6	0	0	0	0	546	
7	0	0	0	0	544	
8	0	0	0	0	541	
9	0	0	0	0	538	
10	0	0	0	0	536	
11	0	0	0	0	531	
12	0	0	0	0	527	
13	0	0	0	0	525	
14	0	0	0	0	522	
15	0	0	0	0	518	
0	0	0	0	0	514	
1	0	0	0	0	511	
2	0	0	0	0	510	
3	0	0	0	0	509	
4	0	0	0	0	506	
5	0	0	0	0	504	
6	0	0	0	0	502	
7	0	0	0	0	500	
8	0	0	0	0	498	
9	0	0	0	0	494	
10	0	0	0	0	490	
11	0	0	0	0	487	
12	0	0	0	0	485	
13	0	0	0	0	483	
14	0	0	0	0	480	
15	0	0	0	0	478	
0	0	0	0	0	474	
1	0	0	0	0	472	
2	0	0	0	0	470	
3	0	0	0	0	467	
4	0	0	0	0	465	
5	0	0	0	0	463	
6	0	0	0	0	462	
7	0	0	0	0	460	
8	0	0	0	0	458	
9	0	0	0	0	457	
10	0	0	0	0	455	
11	0	0	0	0	454	
12	0	0	0	0	451	
13	0	0	0	0	450	
14	0	0	0	0	448	
15	0	0	0	0	447	
0	0	0	0	0	448	
1	0	0	0	0	446	
2	0	0	0	0	445	
3	0	0	0	0	448	
4	0	0	0	0	450	
5	0	0	0	0	454	
6	0	0	0	0	456	
7	0	0	0	0	459	
8	0	0	0	0	461	
9	0	0	0	0	463	
10	0	0	0	0	466	
11	0	0	0	0	467	
12	0	0	0	0	467	
13	0	0	0	0	468	
14	0	0	0	0	467	
15	0	0	0	0	468	
0	0	0	0	0	468	
1	0	0	0	0	469	
2	0	0	0	0	469	
3	0	0	0	0	469	
4	0	0	0	0	472	
5	0	0	0	0	473	
6	0	0	0	0	475	
7	0	0	0	0	475	
8	0	0	0	0	476	
9	0	0	0	0	478	
10	0	0	0	0	478	
11	0	0	0	0	480	
12	0	0	0	0	480	
13	0	0	0	0	480	
14	0	0	0	0	481	
15	0	0	0	0	481	
0	0	0	0	0	480	
1	0	0	0	0	476	
2	0	0	0	0	472	
3	0	0	0	0	470	
4	0	0	0	0	467	
5	0	0	0	0	463	
6	0	0	0	0	460	
7	0	0	0	0	457	
8	0	0	0	0	456	
9	0	0	0	0	454	
10	0	0	0	0	453	
11	0	0	0	0	452	
12	0	0	0	0	451	
13	0	0	0	0	451	
14	0	0	0	0	448	
15	0	0	0	0	447	
0	0	0	0	0	445	
1	0	0	0	0	445	
2	0	0	0	0	446	
3	0	0	0	0	447	
4	0	0	0	0	448	
5	0	0	0	0	447	
6	0	0	0	0	446	
7	0	0	0	0	446	
8	0	0	0	0	446	
9	0	0	0	0	448	
10	0	0	0	0	448	
11	0	0	0	0	448	
12	0	0	0	0	449	
13	0	0	0	0	449	
14	0	0	0	0	449	
15	0	0	0	0	449	
0	0	0	0	0	448	
1	0	0	0	0	448	
2	0	0	0	0	449	
3	0	0	0	0	449	
4	0	0	0	0	450	
5	0	0	0	0	450	
6	0	0	0	0	451	
7	0	0	0	0	452	
8	0	0	0	0	453	
9	0	0	0	0	454	
10	0	0	0	0	455	
11	0	0	0	0	455	
12	0	0	0	0	455	
13	0	0	0	0	456	
14	0	0	0	0	455	
15	0	0	0	0	455	
0	0	0	0	0	456	
1	0	0	0	0	456	
2	0	0	0	0	457	
3	0	0	0	0	459	
4	0	0	0	0	458	
5	0	0	0	0	458	
6	0	0	0	0	457	
7	0	0	0	0	457	
8	0	0	0	0	460	
9	0	0	0	0	462	
10	0	0	0	0	465	
11	0	0	0	0	467	
12	0	0	0	0	468	
13	0	0	0	0	471	
14	0	0	0	0	471	
15	0	0	0	0	472	
0	0	0	0	0	472	
1	0	0	0	0	473	
2	0	0	0	0	473	
3	0	0	0	0	473	
4	0	0	0	0	473	
5	0	0	0	0	474	
6	0	0	0	0	475	
7	0	0	0	0	476	
8	0	0	0	0	477	
9	0	0	0	0	478	
10	0	0	0	0	479	
11	0	0	0	0	480	
12	0	0	0	0	481	
13	0	0	0	0	482	
14	0	0	0	0	483	
15	0	0	0	0	484	
0	0	0	0	0	486	
1	0	0	0	0	486	
2	0	0	0	0	486	
3	0	0	0	0	486	
4	0	0	0	0	484	
5	0	0	0	0	486	
6	0	0	0	0	487	
7	0	0	0	0	488	
8	0	0	0	0	491	
9	0	0	0	0	491	
10	0	0	0	0	491	
11	0	0	0	0	492	
12	0	0	0	0	493	
13	0	0	0	0	495	
14	0	0	0	0	496	
15	0	0	0	0	498	
0	0	0	0	0	497	
1	0	0	0	0	497	
2	0	0	0	0	499	
3	0	0	0	0	499	
4	0	0	0	0	500	
5	0	0	0	0	500	
6	0	0	0	0	502	
7	0	0	0	0	503	
8	0	0	0	0	503	
9	0	0	0	0	504	
10	0	0	0	0	505	
11	0	0	0	0	504	
12	0	0	0	0	505	
13	0	0	0	0	505	
14	0	0	0	0	507	
15	0	0	0	0	508	
0	0	0	0	0	507	
1	0	0	0	0	507	
2	0	0	0	0	506	
3	0	0	0	0	505	
4	0	0	0	0	505	
5	0	0	0	0	505	
6	0	0	0	0	505	
7	0	0	0	0	504	
8	0	0	0	0	503	
9	0	0	0	0	503	
10	0	0	0	0	504	
11	0	0	0	0	505	
12	0	0	0	0	505	
13	0	0	0	0	507	
14	0	0	0	0	507	
15	0	0	0	0	507	
0	0	0	0	0	508	
1	0	0	0	0	508	
2	0	0	0	0	510	
3	0	0	0	0	510	
4	0	0	0	0	509	
5	0	0	0	0	508	
6	0	0	0	0	507	
7	0	0	0	0	506	
8	0	0	0	0	504	
9	0	0	0	0	503	
10	0	0	0	0	503	
11	0	0	0	0	504	
12	0	0	0	0	505	
13	0	0	0	0	506	
14	0	0	0	0	507	
15	0	0	0	0	507	
0	0	0	0	0	507	
1	0	0	0	0	507	
2	0	0	0	0	507	
3	0	0	0	0	506	
4	0	0	0	0	505	
5	0	0	0	0	503	
6	0	0	0	0	501	
7	0	0	0	0	501	
8	0	0	0	0	500	
9	0	0	0	0	501	
10	0	0	0	0	501	
11	0	0	0	0	502	
12	0	0	0	0	503	
13	0	0	0	0	504	
14	0	0	0	0	507	
15	0	0	0	0	509	
0	0	0	0	0	508	
1	0	0	0	0	508	
2	0	0	0	0	508	
3	0	0	0	0	509	
4	0	0	0	0	508	
5	0	0	0	0	508	
6	0	0	0	0	507	
7	0	0	0	0	505	
8	0	0	0	0	507	
9	0	0	0	0	507	
10	0	0	0	0	507	
11	0	0	0	0	507	
12	0	0	0	0	507	
13	0	0	0	0	508	
14	0	0	0	0	507	
15	0	0	0	0	507	
0	0	0	0	0	506	
1	0	0	0	0	504	
2	0	0	0	0	504	
3	0	0	0	0	504	
4	0	0	0	0	505	
5	0	0	0	0	507	
6	0	0	0	0	507	
7	0	0	0	0	507	
8	0	0	0	0	506	
9	0	0	0	0	506	
10	0	0	0	0	506	
11	0	0	0	0	507	
12	0	0	0	0	508	
13	0	0	0	0	508	
14	0	0	0	0	509	
15	0	0	0	0	510	
0	0	0	0	0	510	
1	0	0	0	0	511	
2	0	0	0	0	511	
3	0	0	0	0	511	
4	0	0	0	0	510	
5	0	0	0	0	508	
6	0	0	0	0	508	
7	0	0	0	0	507	
8	0	0	0	0	505	
9	0	0	0	0	504	
10	0	0	0	0	503	
11	0	0	0	0	504	
12	0	0	0	0	504	
13	0	0	0	0	505	
14	0	0	0	0	506	
15	0	0	0	0	507	
0	0	0	0	0	507	
1	0	0	0	0	508	
2	0	0	0	0	509	
3	0	0	0	0	510	
4	0	0	0	0	509	
5	0	0	0	0	509	
6	0	0	0	0	507	
7	0	0	0	0	508	
8	0	0	0	0	508	
9	0	0	0	0	507	
10	0	0	0	0	508	
11	0	0	0	0	508	
12	0	0	0	0	508	
13	0	0	0	0	508	
14	0	0	0	0	507	
15	0	0	0	0	507	
0	0	0	0	0	508	
1	0	0	0	0	509	
2	0	0	0	0	509	
3	0	0	0	0	511	
4	0	0	0	0	512	
5	0	0	0	0	511	
6	0	0	0	0	511	
7	0	0	0	0	511	
8	0	0	0	0	509	
9	0	0	0	0	509	
10	0	0	0	0	507	
11	0	0	0	0	507	
12	0	0	0	0	507	
13	0	0	0	0	505	
14	0	0	0	0	505	
15	0	0	0	0	504	
0	0	0	0	0	504	
1	0	0	0	0	505	
2	0	0	0	0	504	
3	0	0	0	0	505	
4	0	0	0	0	506	
5	0	0	0	0	506	
6	0	0	0	0	507	
7	0	0	0	0	506	
8	0	0	0	0	505	
9	0	0	0	0	505	
10	0	0	0	0	504	
11	0	0	0	0	504	
12	0	0	0	0	503	
13	0	0	0	0	504	
14	0	0	0	0	503	
15	0	0	0	0	504	
0	0	0	0	0	504	
1	0	0	0	0	504	
2	0	0	0	0	506	
3	0	0	0	0	506	
4	0	0	0	0	506	
5	0	0	0	0	506	
6	0	0	0	0	504	
7	0	0	0	0	503	
8	0	0	0	0	502	
9	0	0	0	0	503	
10	0	0	0	0	503	
11	0	0	0	0	503	
12	0	0	0	0	505	
13	0	0	0	0	504	
14	0	0	0	0	505	
15	0	0	0	0	508	
0	0	0	0	0	508	
1	0	0	0	0	510	
2	0	0	0	0	510	
3	0	0	0	0	510	
4	0	0	0	0	510	
5	0	0	0	0	510	
6	0	0	0	0	510	
7	0	0	0	0	508	
8	0	0	0	0	507	
9	0	0	0	0	506	
10	0	0	0	0	504	
11	0	0	0	0	505	
12	0	0	0	0	505	
13	0	0	0	0	506	
14	0	0	0	0	506	
15	0	0	0	0	505	
0	0	0	0	0	507	
1	0	0	0	0	509	
2	0	0	0	0	511	
3	0	0	0	0	512	
4	0	0	0	0	510	
5	0	0	0	0	509	
6	0	0	0	0	508	
7	0	0	0	0	510	
8	0	0	0	0	511	
9	0	0	0	0	510	
10	0	0	0	0	510	
11	0	0	0	0	508	
12	0	0	0	0	508	
13	0	0	0	0	509	
14	0	0	0	0	509	
15	0	0	0	0	510	
0	0	0	0	0	509	
1	0	0	0	0	511	
2	0	0	0	0	512	
3	0	0	0	0	512	
4	0	0	0	0	514	
5	0	0	0	0	515	
6	0	0	0	0	516	
7	0	0	0	0	516	
8	0	0	0	0	516	
9	0	0	0	0	517	
10	0	0	0	0	515	
11	0	0	0	0	515	
12	0	0	0	0	515	
13	0	0	0	0	515	
14	0	0	0	0	515	
15	0	0	0	0	514	
0	0	0	0	0	513	
1	0	0	0	0	514	
2	0	0	0	0	513	
3	0	0	0	0	515	
4	0	0	0	0	515	
5	0	0	0	0	516	
6	0	0	0	0	516	
7	0	0	0	0	516	
8	0	0	0	0	516	
9	0	0	0	0	516	
10	0	0	0	0	516	
11	0	0	0	0	517	
12	0	0	0	0	517	
13	0	0	0	0	519	
14	0	0	0	0	519	
15	0	0	0	0	519	
0	0	0	0	0	519	
1	0	0	0	0	521	
2	0	0	0	0	524	
3	0	0	0	0	525	
4	0	0	0	0	527	
5	0	0	0	0	529	
6	0	0	0	0	531	
7	0	0	0	0	533	
8	0	0	0	0	534	
9	0	0	0	0	536	
10	0	0	0	0	538	
11	0	0	0	0	540	
12	0	0	0	0	543	
13	0	0	0	0	543	
14	0	0	0	0	543	
15	0	0	0	0	541	
0	0	0	0	0	538	
1	0	0	0	0	536	
2	0	0	0	0	534	
3	0	0	0	0	533	
4	0	0	0	0	531	
5	0	0	0	0	529	
6	0	0	0	0	528	
7	0	0	0	0	526	
8	0	0	0	0	524	
9	0	0	0	0	523	
10	0	0	0	0	519	
11	0	0	0	0	517	
12	0	0	0	0	518	
13	0	0	0	0	518	
14	0	0	0	0	519	
15	0	0	0	0	522	
0	0	0	0	0	523	
1	0	0	0	0	525	
2	0	0	0	0	526	
3	0	0	0	0	527	
4	0	0	0	0	528	
5	0	0	0	0	528	
6	0	0	0	0	528	
7	0	0	0	0	531	
8	0	0	0	0	531	
9	0	0	0	0	532	
10	0	0	0	0	532	
11	0	0	0	0	531	
12	0	0	0	0	531	
13	0	0	0	0	531	
14	0	0	0	0	529	
15	0	0	0	0	528	
0	0	0	0	0	527	
1	0	0	0	0	527	
2	0	0	0	0	527	
3	0	0	0	0	526	
4	0	0	0	0	526	
5	0	0	0	0	524	
6	0	0	0	0	521	
7	0	0	0	0	518	
8	0	0	0	0	516	
9	0	0	0	0	515	
10	0	0	0	0	513	
11	0	0	0	0	512	
12	0	0	0	0	511	
13	0	0	0	0	508	
14	0	0	0	0	507	
15	0	0	0	0	506	
0	0	0	0	0	504	
1	0	0	0	0	503	
2	0	0	0	0	503	
3	0	0	0	0	503	
4	0	0	0	0	504	
5	0	0	0	0	505	
6	0	0	0	0	506	
7	0	0	0	0	507	
8	0	0	0	0	508	
9	0	0	0	0	509	
10	0	0	0	0	510	
11	0	0	0	0	512	
12	0	0	0	0	512	
13	0	0	0	0	513	
14	0	0	0	0	512	
15	0	0	0	0	514	
0	0	0	0	0	514	
1	0	0	0	0	513	
2	0	0	0	0	513	
3	0	0	0	0	513	
4	0	0	0	0	512	
5	0	0	0	0	512	
6	0	0	0	0	510	
7	0	0	0	0	510	
8	0	0	0	0	508	
9	0	0	0	0	507	
10	0	0	0	0	504	
11	0	0	0	0	503	
12	0	0	0	0	503	
13	0	0	0	0	502	
14	0	0	0	0	502	
15	0	0	0	0	502	
0	0	0	0	0	500	
1	0	0	0	0	499	
2	0	0	0	0	498	
3	0	0	0	0	498	
4	0	0	0	0	499	
5	0	0	0	0	499	
6	0	0	0	0	500	
7	0	0	0	0	499	
8	0	0	0	0	499	
9	0	0	0	0	500	
10	0	0	0	0	501	
11	0	0	0	0	502	
12	0	0	0	0	504	
13	0	0	0	0	505	
14	0	0	0	0	505	
15	0	0	0	0	504	
0	0	0	0	0	505	
1	0	0	0	0	506	
2	0	0	0	0	505	
3	0	0	0	0	505	
4	0	0	0	0	504	
5	0	0	0	0	505	
6	0	0	0	0	504	
7	0	0	0	0	505	
8	0	0	0	0	506	
9	0	0	0	0	507	
10	0	0	0	0	509	
11	0	0	0	0	509	
12	0	0	0	0	509	
13	0	0	0	0	511	
14	0	0	0	0	512	
15	0	0	0	0	513	
0	0	0	0	0	512	
1	0	0	0	0	512	
2	0	0	0	0	512	
3	0	0	0	0	510	
4	0	0	0	0	510	
5	0	0	0	0	508	
6	0	0	0	0	511	
7	0	0	0	0	513	
8	0	0	0	0	514	
9	0	0	0	0	517	
10	0	0	0	0	519	
11	0	0	0	0	521	
12	0	0	0	0	523	
13	0	0	0	0	525	
14	0	0	0	0	527	
15	0	0	0	0	530	
0	0	0	0	0	533	
1	0	0	0	0	535	
2	0	0	0	0	536	
3	0	0	0	0	538	
4	0	0	0	0	542	
5	0	0	0	0	547	
6	0	0	0	0	552	
7	0	0	0	0	559	
8	0	0	0	0	565	
9	0	0	0	0	573	
10	0	0	0	0	582	
11	0	0	0	0	592	
12	0	0	0	0	602	
13	0	0	0	0	614	
14	0	0	0	0	629	
15	0	0	0	0	646	
0	0	0	0	0	664	
1	0	0	0	0	683	
2	0	0	0	0	701	
3	0	0	0	0	721	
4	0	0	0	0	742	
5	0	0	0	0	762	
6	0	0	0	0	782	
7	0	0	0	0	805	
8	0	0	0	0	830	
9	0	0	0	0	856	
10	0	0	0	0	880	
11	0	0	0	0	899	
12	0	0	0	0	916	
13	0	0	0	0	924	
14	0	0	0	0	923	
15	0	0	0	0	918	
0	0	0	0	0	908	
1	0	0	0	0	896	
2	0	0	0	0	878	
3	0	0	0	0	852	
4	0	0	0	0	822	
5	0	0	0	0	785	
6	0	0	0	0	744	
7	0	0	0	0	699	
8	0	0	0	0	655	
9	0	0	0	0	610	
10	0	0	0	0	564	
11	0	0	0	0	521	
12	0	0	0	0	476	
13	0	0	0	0	436	
14	0	0	0	0	401	
15	0	0	0	0	375	
0	0	0	0	0	359	
1	0	0	0	0	351	
2	0	0	0	0	350	
3	0	0	0	0	355	
4	0	0	0	0	361	
5	0	0	0	0	369	
6	0	0	0	0	377	
7	0	0	0	0	384	
8	0	0	0	0	389	
9	0	0	0	0	393	
10	0	0	0	0	400	
11	0	0	0	0	408	
12	0	0	0	0	415	
13	0	0	0	0	423	
14	0	0	0	0	430	
15	0	0	0	0	435	
0	0	0	0	0	439	
1	0	0	0	0	443	
2	0	0	0	0	446	
3	0	0	0	0	448	
4	0	0	0	0	449	
5	0	0	0	0	450	
6	0	0	0	0	449	
7	0	0	0	0	449	
8	0	0	0	0	449	
9	0	0	0	0	451	
10	0	0	0	0	451	
11	0	0	0	0	453	
12	0	0	0	0	454	
13	0	0	0	0	454	
14	0	0	0	0	455	
15	0	0	0	0	456	
0	0	0	0	0	455	
1	0	0	0	0	455	
2	0	0	0	0	455	
3	0	0	0	0	456	
4	0	0	0	0	455	
5	0	0	0	0	456	
6	0	0	0	0	455	
7	0	0	0	0	455	
8	0	0	0	0	455	
9	0	0	0	0	455	
10	0	0	0	0	455	
11	0	0	0	0	455	
12	0	0	0	0	455	
13	0	0	0	0	457	
14	0	0	0	0	456	
15	0	0	0	0	457	
0	0	0	0	0	457	
1	0	0	0	0	458	
2	0	0	0	0	459	
3	0	0	0	0	459	
4	0	0	0	0	460	
5	0	0	0	0	460	
6	0	0	0	0	460	
7	0	0	0	0	463	
8	0	0	0	0	464	
9	0	0	0	0	464	
10	0	0	0	0	464	
11	0	0	0	0	463	
12	0	0	0	0	463	
13	0	0	0	0	464	
14	0	0	0	0	466	
15	0	0	0	0	468	
0	0	0	0	0	468	
1	0	0	0	0	469	
2	0	0	0	0	471	
3	0	0	0	0	473	
4	0	0	0	0	473	
5	0	0	0	0	473	
6	0	0	0	0	474	
7	0	0	0	0	474	
8	0	0	0	0	475	
9	0	0	0	0	476	
10	0	0	0	0	476	
11	0	0	0	0	476	
12	0	0	0	0	476	
13	0	0	0	0	477	
14	0	0	0	0	477	
15	0	0	0	0	477	
0	0	0	0	0	478	
1	0	0	0	0	477	
2	0	0	0	0	478	
3	0	0	0	0	480	
4	0	0	0	0	480	
5	0	0	0	0	481	
6	0	0	0	0	482	
7	0	0	0	0	483	
8	0	0	0	0	484	
9	0	0	0	0	485	
10	0	0	0	0	487	
11	0	0	0	0	488	
12	0	0	0	0	490	
13	0	0	0	0	492	
14	0	0	0	0	493	
15	0	0	0	0	495	
0	0	0	0	0	497	
1	0	0	0	0	499	
2	0	0	0	0	498	
3	0	0	0	0	496	
4	0	0	0	0	496	
5	0	0	0	0	495	
6	0	0	0	0	495	
7	0	0	0	0	495	
8	0	0	0	0	495	
9	0	0	0	0	495	
10	0	0	0	0	496	
11	0	0	0	0	498	
12	0	0	0	0	499	
13	0	0	0	0	500	
14	0	0	0	0	503	
15	0	0	0	0	505	
0	0	0	0	0	508	
1	0	0	0	0	509	
2	0	0	0	0	508	
3	0	0	0	0	509	
4	0	0	0	0	509	
5	0	0	0	0	508	
6	0	0	0	0	508	
7	0	0	0	0	509	
8	0	0	0	0	511	
9	0	0	0	0	512	
10	0	0	0	0	513	
11	0	0	0	0	513	
12	0	0	0	0	513	
13	0	0	0	0	514	
14	0	0	0	0	514	
15	0	0	0	0	515	
0	0	0	0	0	517	
1	0	0	0	0	518	
2	0	0	0	0	519	
3	0	0	0	0	518	
4	0	0	0	0	517	
5	0	0	0	0	517	
6	0	0	0	0	517	
7	0	0	0	0	518	
8	0	0	0	0	516	
9	0	0	0	0	516	
10	0	0	0	0	516	
11	0	0	0	0	515	
12	0	0	0	0	514	
13	0	0	0	0	513	
14	0	0	0	0	515	
15	0	0	0	0	516	
0	0	0	0	0	516	
1	0	0	0	0	519	
2	0	0	0	0	520	
3	0	0	0	0	523	
4	0	0	0	0	524	
5	0	0	0	0	527	
6	0	0	0	0	529	
7	0	0	0	0	529	
8	0	0	0	0	530	
9	0	0	0	0	530	
10	0	0	0	0	530	
11	0	0	0	0	531	
12	0	0	0	0	529	
13	0	0	0	0	530	
14	0	0	0	0	531	
15	0	0	0	0	531	
0	0	0	0	0	533	
1	0	0	0	0	533	
2	0	0	0	0	534	
3	0	0	0	0	535	
4	0	0	0	0	536	
5	0	0	0	0	538	
6	0	0	0	0	540	
7	0	0	0	0	543	
8	0	0	0	0	544	
9	0	0	0	0	545	
10	0	0	0	0	546	
11	0	0	0	0	545	
12	0	0	0	0	545	
13	0	0	0	0	547	
14	0	0	0	0	547	
15	0	0	0	0	550	
0	0	0	0	0	551	
1	0	0	0	0	553	
2	0	0	0	0	555	
3	0	0	0	0	556	
4	0	0	0	0	558	
5	0	0	0	0	558	
6	0	0	0	0	559	
7	0	0	0	0	561	
8	0	0	0	0	561	
9	0	0	0	0	562	
10	0	0	0	0	561	
11	0	0	0	0	562	
12	0	0	0	0	563	
13	0	0	0	0	564	
14	0	0	0	0	565	
15	0	0	0	0	566	
0	0	0	0	0	566	
1	0	0	0	0	567	
2	0	0	0	0	567	
3	0	0	0	0	567	
4	0	0	0	0	568	
5	0	0	0	0	571	
6	0	0	0	0	572	
7	0	0	0	0	573	
8	0	0	0	0	575	
9	0	0	0	0	575	
10	0	0	0	0	575	
11	0	0	0	0	575	
12	0	0	0	0	574	
13	0	0	0	0	575	
14	0	0	0	0	575	
15	0	0	0	0	576	
0	0	0	0	0	577	
1	0	0	0	0	577	
2	0	0	0	0	577	
3	0	0	0	0	577	
4	0	0	0	0	579	
5	0	0	0	0	579	
6	0	0	0	0	580	
7	0	0	0	0	579	
8	0	0	0	0	577	
9	0	0	0	0	576	
10	0	0	0	0	575	
11	0	0	0	0	575	
12	0	0	0	0	574	
13	0	0	0	0	573	
14	0	0	0	0	572	
15	0	0	0	0	572	
0	0	0	0	0	572	
1	0	0	0	0	572	
2	0	0	0	0	572	
3	0	0	0	0	573	
4	0	0	0	0	572	
5	0	0	0	0	571	
6	0	0	0	0	571	
7	0	0	0	0	570	
8	0	0	0	0	571	
9	0	0	0	0	570	
10	0	0	0	0	568	
11	0	0	0	0	567	
12	0	0	0	0	562	
13	0	0	0	0	560	
14	0	0	0	0	556	
15	0	0	0	0	552	
0	0	0	0	0	549	
1	0	0	0	0	547	
2	0	0	0	0	544	
3	0	0	0	0	544	
4	0	0	0	0	542	
5	0	0	0	0	542	
6	0	0	0	0	540	
7	0	0	0	0	539	
8	0	0	0	0	537	
9	0	0	0	0	534	
10	0	0	0	0	530	
11	0	0	0	0	525	
12	0	0	0	0	521	
13	0	0	0	0	518	
14	0	0	0	0	515	
15	0	0	0	0	513	
0	0	0	0	0	511	
1	0	0	0	0	508	
2	0	0	0	0	505	
3	0	0	0	0	501	
4	0	0	0	0	498	
5	0	0	0	0	496	
6	0	0	0	0	494	
7	0	0	0	0	490	
8	0	0	0	0	485	
9	0	0	0	0	481	
10	0	0	0	0	477	
11	0	0	0	0	475	
12	0	0	0	0	473	
13	0	0	0	0	470	
14	0	0	0	0	468	
15	0	0	0	0	465	
0	0	0	0	0	464	
1	0	0	0	0	462	
2	0	0	0	0	459	
3	0	0	0	0	457	
4	0	0	0	0	455	
5	0	0	0	0	454	
6	0	0	0	0	451	
7	0	0	0	0	449	
8	0	0	0	0	448	
9	0	0	0	0	445	
10	0	0	0	0	443	
11	0	0	0	0	442	
12	0	0	0	0	440	
13	0	0	0	0	440	
14	0	0	0	0	439	
15	0	0	0	0	438	
0	0	0	0	0	437	
1	0	0	0	0	435	
2	0	0	0	0	435	
3	0	0	0	0	434	
4	0	0	0	0	434	
5	0	0	0	0	434	
6	0	0	0	0	434	
7	0	0	0	0	435	
8	0	0	0	0	435	
9	0	0	0	0	436	
10	0	0	0	0	436	
11	0	0	0	0	436	
12	0	0	0	0	438	
13	0	0	0	0	437	
14	0	0	0	0	437	
15	0	0	0	0	437	
0	0	0	0	0	438	
1	0	0	0	0	438	
2	0	0	0	0	438	
3	0	0	0	0	437	
4	0	0	0	0	437	
5	0	0	0	0	437	
6	0	0	0	0	440	
7	0	0	0	0	441	
8	0	0	0	0	442	
9	0	0	0	0	443	
10	0	0	0	0	444	
11	0	0	0	0	444	
12	0	0	0	0	443	
13	0	0	0	0	443	
14	0	0	0	0	444	
15	0	0	0	0	444	
0	0	0	0	0	444	
1	0	0	0	0	444	
2	0	0	0	0	443	
3	0	0	0	0	442	
4	0	0	0	0	441	
5	0	0	0	0	443	
6	0	0	0	0	443	
7	0	0	0	0	444	
8	0	0	0	0	445	
9	0	0	0	0	444	
10	0	0	0	0	445	
11	0	0	0	0	446	
12	0	0	0	0	447	
13	0	0	0	0	447	
14	0	0	0	0	447	
15	0	0	0	0	448	
0	0	0	0	0	446	
1	0	0	0	0	446	
2	0	0	0	0	445	
3	0	0	0	0	444	
4	0	0	0	0	443	
5	0	0	0	0	443	
6	0	0	0	0	443	
7	0	0	0	0	444	
8	0	0	0	0	444	
9	0	0	0	0	445	
10	0	0	0	0	446	
11	0	0	0	0	448	
12	0	0	0	0	449	
13	0	0	0	0	451	
14	0	0	0	0	453	
15	0	0	0	0	454	
0	0	0	0	0	454	
1	0	0	0	0	454	
2	0	0	0	0	454	
3	0	0	0	0	454	
4	0	0	0	0	454	
5	0	0	0	0	454	
6	0	0	0	0	454	
7	0	0	0	0	454	
8	0	0	0	0	456	
9	0	0	0	0	457	
10	0	0	0	0	457	
11	0	0	0	0	459	
12	0	0	0	0	459	
13	0	0	0	0	460	
14	0	0	0	0	461	
15	0	0	0	0	462	
0	0	0	0	0	462	
1	0	0	0	0	463	
2	0	0	0	0	465	
3	0	0	0	0	465	
4	0	0	0	0	466	
5	0	0	0	0	467	
6	0	0	0	0	465	
7	0	0	0	0	465	
8	0	0	0	0	466	
9	0	0	0	0	468	
10	0	0	0	0	470	
11	0	0	0	0	471	
12	0	0	0	0	472	
13	0	0	0	0	473	
14	0	0	0	0	475	
15	0	0	0	0	475	
0	0	0	0	0	476	
1	0	0	0	0	476	
2	0	0	0	0	476	
3	0	0	0	0	478	
4	0	0	0	0	478	
5	0	0	0	0	476	
6	0	0	0	0	475	
7	0	0	0	0	476	
8	0	0	0	0	477	
9	0	0	0	0	477	
10	0	0	0	0	478	
11	0	0	0	0	480	
12	0	0	0	0	480	
13	0	0	0	0	482	
14	0	0	0	0	484	
15	0	0	0	0	486	
0	0	0	0	0	487	
1	0	0	0	0	487	
2	0	0	0	0	487	
3	0	0	0	0	487	
4	0	0	0	0	487	
5	0	0	0	0	489	
6	0	0	0	0	489	
7	0	0	0	0	490	
8	0	0	0	0	490	
9	0	0	0	0	491	
10	0	0	0	0	492	
11	0	0	0	0	492	
12	0	0	0	0	494	
13	0	0	0	0	496	
14	0	0	0	0	497	
15	0	0	0	0	499	
0	0	0	0	0	498	
1	0	0	0	0	499	
2	0	0	0	0	497	
3	0	0	0	0	497	
4	0	0	0	0	497	
5	0	0	0	0	498	
6	0	0	0	0	499	
7	0	0	0	0	498	
8	0	0	0	0	497	
9	0	0	0	0	498	
10	0	0	0	0	498	
11	0	0	0	0	499	
12	0	0	0	0	499	
13	0	0	0	0	499	
14	0	0	0	0	502	
15	0	0	0	0	502	
0	0	0	0	0	503	
1	0	0	0	0	504	
2	0	0	0	0	504	
3	0	0	0	0	504	
4	0	0	0	0	502	
5	0	0	0	0	503	
6	0	0	0	0	504	
7	0	0	0	0	505	
8	0	0	0	0	507	
9	0	0	0	0	506	
10	0	0	0	0	508	
11	0	0	0	0	510	
12	0	0	0	0	511	
13	0	0	0	0	512	
14	0	0	0	0	514	
15	0	0	0	0	516	
0	0	0	0	0	518	
1	0	0	0	0	519	
2	0	0	0	0	520	
3	0	0	0	0	519	
4	0	0	0	0	520	
5	0	0	0	0	519	
6	0	0	0	0	518	
7	0	0	0	0	516	
8	0	0	0	0	514	
9	0	0	0	0	512	
10	0	0	0	0	510	
11	0	0	0	0	508	
12	0	0	0	0	509	
13	0	0	0	0	508	
14	0	0	0	0	510	
15	0	0	0	0	511	
0	0	0	0	0	511	
1	0	0	0	0	513	
2	0	0	0	0	512	
3	0	0	0	0	513	
4	0	0	0	0	513	
5	0	0	0	0	513	
6	0	0	0	0	514	
7	0	0	0	0	513	
8	0	0	0	0	512	
9	0	0	0	0	511	
10	0	0	0	0	509	
11	0	0	0	0	509	
12	0	0	0	0	508	
13	0	0	0	0	510	
14	0	0	0	0	511	
15	0	0	0	0	511	
0	0	0	0	0	512	
1	0	0	0	0	511	
2	0	0	0	0	511	
3	0	0	0	0	512	
4	0	0	0	0	511	
5	0	0	0	0	512	
6	0	0	0	0	510	
7	0	0	0	0	510	
8	0	0	0	0	510	
9	0	0	0	0	511	
10	0	0	0	0	511	
11	0	0	0	0	510	
12	0	0	0	0	511	
13	0	0	0	0	512	
14	0	0	0	0	512	
15	0	0	0	0	512	
0	0	0	0	0	511	
1	0	0	0	0	511	
2	0	0	0	0	510	
3	0	0	0	0	509	
4	0	0	0	0	509	
5	0	0	0	0	510	
6	0	0	0	0	511	
7	0	0	0	0	512	
8	0	0	0	0	512	
9	0	0	0	0	513	
10	0	0	0	0	512	
11	0	0	0	0	512	
12	0	0	0	0	514	
13	0	0	0	0	514	
14	0	0	0	0	514	
15	0	0	0	0	513	
0	0	0	0	0	514	
1	0	0	0	0	515	
2	0	0	0	0	514	
3	0	0	0	0	513	
4	0	0	0	0	511	
5	0	0	0	0	510	
6	0	0	0	0	510	
7	0	0	0	0	510	
8	0	0	0	0	510	
9	0	0	0	0	508	
10	0	0	0	0	508	
11	0	0	0	0	507	
12	0	0	0	0	506	
13	0	0	0	0	505	
14	0	0	0	0	505	
15	0	0	0	0	506	
0	0	0	0	0	507	
1	0	0	0	0	507	
2	0	0	0	0	507	
3	0	0	0	0	509	
4	0	0	0	0	511	
5	0	0	0	0	512	
6	0	0	0	0	512	
7	0	0	0	0	513	
8	0	0	0	0	514	
9	0	0	0	0	515	
10	0	0	0	0	515	
11	0	0	0	0	515	
12	0	0	0	0	516	
13	0	0	0	0	517	
14	0	0	0	0	518	
15	0	0	0	0	519	
0	0	0	0	0	518	
1	0	0	0	0	518	
2	0	0	0	0	518	
3	0	0	0	0	518	
4	0	0	0	0	516	
5	0	0	0	0	514	
6	0	0	0	0	513	
7	0	0	0	0	513	
8	0	0	0	0	515	
9	0	0	0	0	515	
10	0	0	0	0	515	
11	0	0	0	0	518	
12	0	0	0	0	519	
13	0	0	0	0	520	
14	0	0	0	0	519	
15	0	0	0	0	519	
0	0	0	0	0	519	
1	0	0	0	0	520	
2	0	0	0	0	520	
3	0	0	0	0	520	
4	0	0	0	0	520	
5	0	0	0	0	521	
6	0	0	0	0	520	
7	0	0	0	0	519	
8	0	0	0	0	517	
9	0	0	0	0	515	
10	0	0	0	0	515	
11	0	0	0	0	515	
12	0	0	0	0	515	
13	0	0	0	0	515	
14	0	0	0	0	515	
15	0	0	0	0	516	
0	0	0	0	0	517	
1	0	0	0	0	517	
2	0	0	0	0	517	
3	0	0	0	0	516	
4	0	0	0	0	518	
5	0	0	0	0	519	
6	0	0	0	0	519	
7	0	0	0	0	520	
8	0	0	0	0	520	
9	0	0	0	0	520	
10	0	0	0	0	519	
11	0	0	0	0	521	
12	0	0	0	0	522	
13	0	0	0	0	523	
14	0	0	0	0	524	
15	0	0	0	0	525	
0	0	0	0	0	524	
1	0	0	0	0	523	
2	0	0	0	0	522	
3	0	0	0	0	522	
4	0	0	0	0	521	
5	0	0	0	0	519	
6	0	0	0	0	518	
7	0	0	0	0	519	
8	0	0	0	0	519	
9	0	0	0	0	518	
10	0	0	0	0	517	
11	0	0	0	0	515	
12	0	0	0	0	515	
13	0	0	0	0	515	
14	0	0	0	0	515	
15	0	0	0	0	515	
0	0	0	0	0	516	
1	0	0	0	0	516	
2	0	0	0	0	518	
3	0	0	0	0	518	
4	0	0	0	0	517	
5	0	0	0	0	517	
6	0	0	0	0	519	
7	0	0	0	0	521	
8	0	0	0	0	523	
9	0	0	0	0	523	
10	0	0	0	0	523	
11	0	0	0	0	523	
12	0	0	0	0	523	
13	0	0	0	0	523	
14	0	0	0	0	521	
15	0	0	0	0	520	
0	0	0	0	0	519	
1	0	0	0	0	519	
2	0	0	0	0	519	
3	0	0	0	0	520	
4	0	0	0	0	520	
5	0	0	0	0	521	
6	0	0	0	0	521	
7	0	0	0	0	521	
8	0	0	0	0	521	
9	0	0	0	0	520	
10	0	0	0	0	518	
11	0	0	0	0	518	
12	0	0	0	0	518	
13	0	0	0	0	518	
14	0	0	0	0	519	
15	0	0	0	0	519	
0	0	0	0	0	521	
1	0	0	0	0	520	
2	0	0	0	0	520	
3	0	0	0	0	521	
4	0	0	0	0	521	
5	0	0	0	0	523	
6	0	0	0	0	522	
7	0	0	0	0	522	
8	0	0	0	0	521	
9	0	0	0	0	521	
10	0	0	0	0	522	
11	0	0	0	0	523	
12	0	0	0	0	523	
13	0	0	0	0	522	
14	0	0	0	0	520	
15	0	0	0	0	521	
0	0	0	0	0	521	
1	0	0	0	0	519	
2	0	0	0	0	519	
3	0	0	0	0	520	
4	0	0	0	0	520	
5	0	0	0	0	518	
6	0	0	0	0	519	
7	0	0	0	0	519	
8	0	0	0	0	518	
9	0	0	0	0	517	
10	0	0	0	0	517	
11	0	0	0	0	519	
12	0	0	0	0	520	
13	0	0	0	0	519	
14	0	0	0	0	520	
15	0	0	0	0	519	
0	0	0	0	0	519	
1	0	0	0	0	519	
2	0	0	0	0	519	
3	0	0	0	0	519	
4	0	0	0	0	519	
5	0	0	0	0	519	
6	0	0	0	0	519	
7	0	0	0	0	520	
8	0	0	0	0	521	
9	0	0	0	0	521	
10	0	0	0	0	522	
11	0	0	0	0	525	
12	0	0	0	0	524	
13	0	0	0	0	524	
14	0	0	0	0	526	
15	0	0	0	0	526	
0	0	0	0	0	527	
1	0	0	0	0	529	
2	0	0	0	0	531	
3	0	0	0	0	532	
4	0	0	0	0	530	
5	0	0	0	0	531	
6	0	0	0	0	531	
7	0	0	0	0	535	
8	0	0	0	0	537	
9	0	0	0	0	540	
10	0	0	0	0	542	
11	0	0	0	0	543	
12	0	0	0	0	544	
13	0	0	0	0	543	
14	0	0	0	0	542	
15	0	0	0	0	540	
0	0	0	0	0	537	
1	0	0	0	0	536	
2	0	0	0	0	534	
3	0	0	0	0	531	
4	0	0	0	0	528	
5	0	0	0	0	527	
6	0	0	0	0	526	
7	0	0	0	0	525	
8	0	0	0	0	526	
9	0	0	0	0	525	
10	0	0	0	0	522	
11	0	0	0	0	522	
12	0	0	0	0	523	
13	0	0	0	0	528	
14	0	0	0	0	531	
15	0	0	0	0	532	
0	0	0	0	0	531	
1	0	0	0	0	530	
2	0	0	0	0	529	
3	0	0	0	0	529	
4	0	0	0	0	529	
5	0	0	0	0	530	
6	0	0	0	0	526	
7	0	0	0	0	524	
8	0	0	0	0	523	
9	0	0	0	0	523	
10	0	0	0	0	519	
11	0	0	0	0	515	
12	0	0	0	0	516	
13	0	0	0	0	516	
14	0	0	0	0	515	
15	0	0	0	0	518	
0	0	0	0	0	517	
1	0	0	0	0	517	
2	0	0	0	0	517	
3	0	0	0	0	516	
4	0	0	0	0	516	
5	0	0	0	0	515	
6	0	0	0	0	516	
7	0	0	0	0	513	
8	0	0	0	0	510	
9	0	0	0	0	509	
10	0	0	0	0	507	
11	0	0	0	0	505	
12	0	0	0	0	502	
13	0	0	0	0	502	
14	0	0	0	0	502	
15	0	0	0	0	502	
0	0	0	0	0	502	
1	0	0	0	0	505	
2	0	0	0	0	505	
3	0	0	0	0	505	
4	0	0	0	0	504	
5	0	0	0	0	504	
6	0	0	0	0	504	
7	0	0	0	0	504	
8	0	0	0	0	505	
9	0	0	0	0	507	
10	0	0	0	0	508	
11	0	0	0	0	508	
12	0	0	0	0	509	
13	0	0	0	0	510	
14	0	0	0	0	511	
15	0	0	0	0	512	
0	0	0	0	0	511	
1	0	0	0	0	511	
2	0	0	0	0	513	
3	0	0	0	0	515	
4	0	0	0	0	514	
5	0	0	0	0	512	
6	0	0	0	0	510	
7	0	0	0	0	509	
8	0	0	0	0	507	
9	0	0	0	0	506	
10	0	0	0	0	505	
11	0	0	0	0	503	
12	0	0	0	0	504	
13	0	0	0	0	502	
14	0	0	0	0	502	
15	0	0	0	0	502	
0	0	0	0	0	502	
1	0	0	0	0	501	
2	0	0	0	0	499	
3	0	0	0	0	496	
4	0	0	0	0	495	
5	0	0	0	0	494	
6	0	0	0	0	495	
7	0	0	0	0	495	
8	0	0	0	0	496	
9	0	0	0	0	499	
10	0	0	0	0	501	
11	0	0	0	0	503	
12	0	0	0	0	504	
13	0	0	0	0	507	
14	0	0	0	0	508	
15	0	0	0	0	508	
0	0	0	0	0	509	
1	0	0	0	0	508	
2	0	0	0	0	507	
3	0	0	0	0	509	
4	0	0	0	0	510	
5	0	0	0	0	512	
6	0	0	0	0	511	
7	0	0	0	0	511	
8	0	0	0	0	512	
9	0	0	0	0	514	
10	0	0	0	0	515	
11	0	0	0	0	513	
12	0	0	0	0	515	
13	0	0	0	0	515	
14	0	0	0	0	514	
15	0	0	0	0	515	
0	0	0	0	0	514	
1	0	0	0	0	515	
2	0	0	0	0	514	
3	0	0	0	0	511	
4	0	0	0	0	512	
5	0	0	0	0	511	
6	0	0	0	0	509	
7	0	0	0	0	509	
8	0	0	0	0	507	
9	0	0	0	0	504	
10	0	0	0	0	499	
11	0	0	0	0	498	
12	0	0	0	0	497	
13	0	0	0	0	497	
14	0	0	0	0	500	
15	0	0	0	0	502	
0	0	0	0	0	506	
1	0	0	0	0	512	
2	0	0	0	0	515	
3	0	0	0	0	521	
4	0	0	0	0	527	
5	0	0	0	0	535	
6	0	0	0	0	542	
7	0	0	0	0	548	
8	0	0	0	0	558	
9	0	0	0	0	568	
10	0	0	0	0	580	
11	0	0	0	0	593	
12	0	0	0	0	607	
13	0	0	0	0	623	
14	0	0	0	0	640	
15	0	0	0	0	659	
0	0	0	0	0	678	
1	0	0	0	0	699	
2	0	0	0	0	721	
3	0	0	0	0	740	
4	0	0	0	0	759	
5	0	0	0	0	780	
6	0	0	0	0	802	
7	0	0	0	0	827	
8	0	0	0	0	851	
9	0	0	0	0	875	
10	0	0	0	0	895	
11	0	0	0	0	911	
12	0	0	0	0	919	
13	0	0	0	0	917	
14	0	0	0	0	911	
15	0	0	0	0	903	
0	0	0	0	0	893	
1	0	0	0	0	878	
2	0	0	0	0	856	
3	0	0	0	0	831	
4	0	0	0	0	800	
5	0	0	0	0	762	
6	0	0	0	0	724	
7	0	0	0	0	681	
8	0	0	0	0	638	
9	0	0	0	0	593	
10	0	0	0	0	546	
11	0	0	0	0	499	
12	0	0	0	0	451	
13	0	0	0	0	412	
14	0	0	0	0	383	
15	0	0	0	0	364	
0	0	0	0	0	353	
1	0	0	0	0	351	
2	0	0	0	0	356	
3	0	0	0	0	366	
4	0	0	0	0	374	
5	0	0	0	0	382	
6	0	0	0	0	390	
7	0	0	0	0	399	
8	0	0	0	0	408	
9	0	0	0	0	414	
10	0	0	0	0	423	
11	0	0	0	0	429	
12	0	0	0	0	435	
13	0	0	0	0	441	
14	0	0	0	0	444	
15	0	0	0	0	446	
0	0	0	0	0	449	
1	0	0	0	0	452	
2	0	0	0	0	452	
3	0	0	0	0	452	
4	0	0	0	0	453	
5	0	0	0	0	454	
6	0	0	0	0	455	
7	0	0	0	0	454	
8	0	0	0	0	454	
9	0	0	0	0	454	
10	0	0	0	0	452	
11	0	0	0	0	454	
12	0	0	0	0	457	
13	0	0	0	0	457	
14	0	0	0	0	460	
15	0	0	0	0	462	
0	0	0	0	0	465	
1	0	0	0	0	465	
2	0	0	0	0	465	
3	0	0	0	0	469	
4	0	0	0	0	469	
5	0	0	0	0	471	
6	0	0	0	0	472	
7	0	0	0	0	472	
8	0	0	0	0	471	
9	0	0	0	0	470	
10	0	0	0	0	468	
11	0	0	0	0	467	
12	0	0	0	0	467	
13	0	0	0	0	468	
14	0	0	0	0	467	
15	0	0	0	0	468	
0	0	0	0	0	470	
1	0	0	0	0	468	
2	0	0	0	0	470	
3	0	0	0	0	471	
4	0	0	0	0	471	
5	0	0	0	0	470	
6	0	0	0	0	472	
7	0	0	0	0	478	
8	0	0	0	0	478	
9	0	0	0	0	480	
10	0	0	0	0	484	
11	0	0	0	0	486	
12	0	0	0	0	487	
13	0	0	0	0	489	
14	0	0	0	0	491	
15	0	0	0	0	491	
0	0	0	0	0	491	
1	0	0	0	0	492	
2	0	0	0	0	491	
3	0	0	0	0	492	
4	0	0	0	0	493	
5	0	0	0	0	492	
6	0	0	0	0	488	
7	0	0	0	0	484	
8	0	0	0	0	482	
9	0	0	0	0	482	
10	0	0	0	0	480	
11	0	0	0	0	480	
12	0	0	0	0	480	
13	0	0	0	0	482	
14	0	0	0	0	484	
15	0	0	0	0	483	
0	0	0	0	0	484	
1	0	0	0	0	484	
2	0	0	0	0	486	
3	0	0	0	0	491	
4	0	0	0	0	494	
5	0	0	0	0	496	
6	0	0	0	0	497	
7	0	0	0	0	499	
8	0	0	0	0	499	
9	0	0	0	0	500	
10	0	0	0	0	502	
11	0	0	0	0	500	
12	0	0	0	0	499	
13	0	0	0	0	500	
14	0	0	0	0	501	
15	0	0	0	0	503	
0	0	0	0	0	505	
1	0	0	0	0	508	
2	0	0	0	0	509	
3	0	0	0	0	507	
4	0	0	0	0	505	
5	0	0	0	0	504	
6	0	0	0	0	506	
7	0	0	0	0	508	
8	0	0	0	0	508	
9	0	0	0	0	508	
10	0	0	0	0	507	
11	0	0	0	0	510	
12	0	0	0	0	512	
13	0	0	0	0	513	
14	0	0	0	0	514	
15	0	0	0	0	515	
0	0	0	0	0	519	
1	0	0	0	0	521	
2	0	0	0	0	523	
3	0	0	0	0	524	
4	0	0	0	0	524	
5	0	0	0	0	527	
6	0	0	0	0	528	
7	0	0	0	0	529	
8	0	0	0	0	531	
9	0	0	0	0	533	
10	0	0	0	0	535	
11	0	0	0	0	535	
12	0	0	0	0	534	
13	0	0	0	0	532	
14	0	0	0	0	530	
15	0	0	0	0	529	
0	0	0	0	0	528	
1	0	0	0	0	528	
2	0	0	0	0	527	
3	0	0	0	0	526	
4	0	0	0	0	526	
5	0	0	0	0	526	
6	0	0	0	0	522	
7	0	0	0	0	523	
8	0	0	0	0	526	
9	0	0	0	0	529	
10	0	0	0	0	531	
11	0	0	0	0	529	
12	0	0	0	0	527	
13	0	0	0	0	525	
14	0	0	0	0	523	
15	0	0	0	0	524	
0	0	0	0	0	524	
1	0	0	0	0	524	
2	0	0	0	0	526	
3	0	0	0	0	526	
4	0	0	0	0	525	
5	0	0	0	0	524	
6	0	0	0	0	527	
7	0	0	0	0	528	
8	0	0	0	0	530	
9	0	0	0	0	534	
10	0	0	0	0	533	
11	0	0	0	0	536	
12	0	0	0	0	535	
13	0	0	0	0	535	
14	0	0	0	0	537	
15	0	0	0	0	540	
0	0	0	0	0	543	
1	0	0	0	0	546	
2	0	0	0	0	547	
3	0	0	0	0	550	
4	0	0	0	0	550	
5	0	0	0	0	547	
6	0	0	0	0	547	
7	0	0	0	0	551	
8	0	0	0	0	553	
9	0	0	0	0	553	
10	0	0	0	0	556	
11	0	0	0	0	557	
12	0	0	0	0	558	
13	0	0	0	0	553	
14	0	0	0	0	549	
15	0	0	0	0	549	
0	0	0	0	0	547	
1	0	0	0	0	547	
2	0	0	0	0	548	
3	0	0	0	0	548	
4	0	0	0	0	547	
5	0	0	0	0	550	
6	0	0	0	0	552	
7	0	0	0	0	553	
8	0	0	0	0	556	
9	0	0	0	0	560	
10	0	0	0	0	564	
11	0	0	0	0	567	
12	0	0	0	0	569	
13	0	0	0	0	571	
14	0	0	0	0	574	
15	0	0	0	0	574	
0	0	0	0	0	574	
1	0	0	0	0	573	
2	0	0	0	0	572	
3	0	0	0	0	574	
4	0	0	0	0	574	
5	0	0	0	0	576	
6	0	0	0	0	577	
7	0	0	0	0	577	
8	0	0	0	0	578	
9	0	0	0	0	580	
10	0	0	0	0	581	
11	0	0	0	0	581	
12	0	0	0	0	581	
13	0	0	0	0	582	
14	0	0	0	0	583	
15	0	0	0	0	585	
0	0	0	0	0	586	
1	0	0	0	0	584	
2	0	0	0	0	585	
3	0	0	0	0	583	
4	0	0	0	0	582	
5	0	0	0	0	582	
6	0	0	0	0	580	
7	0	0	0	0	580	
8	0	0	0	0	581	
9	0	0	0	0	584	
10	0	0	0	0	587	
11	0	0	0	0	590	
12	0	0	0	0	588	
13	0	0	0	0	584	
14	0	0	0	0	584	
15	0	0	0	0	582	
0	0	0	0	0	578	
1	0	0	0	0	578	
2	0	0	0	0	577	
3	0	0	0	0	575	
4	0	0	0	0	577	
5	0	0	0	0	576	
6	0	0	0	0	577	
7	0	0	0	0	578	
8	0	0	0	0	582	
9	0	0	0	0	580	
10	0	0	0	0	575	
11	0	0	0	0	575	
12	0	0	0	0	572	
13	0	0	0	0	572	
14	0	0	0	0	571	
15	0	0	0	0	566	
0	0	0	0	0	562	
1	0	0	0	0	558	
2	0	0	0	0	557	
3	0	0	0	0	555	
4	0	0	0	0	550	
5	0	0	0	0	547	
6	0	0	0	0	543	
7	0	0	0	0	541	
8	0	0	0	0	536	
9	0	0	0	0	534	
10	0	0	0	0	532	
11	0	0	0	0	528	
12	0	0	0	0	526	
13	0	0	0	0	525	
14	0	0	0	0	520	
15	0	0	0	0	514	
0	0	0	0	0	508	
1	0	0	0	0	503	
2	0	0	0	0	499	
3	0	0	0	0	496	
4	0	0	0	0	493	
5	0	0	0	0	489	
6	0	0	0	0	487	
7	0	0	0	0	485	
8	0	0	0	0	483	
9	0	0	0	0	479	
10	0	0	0	0	472	
11	0	0	0	0	469	
12	0	0	0	0	467	
13	0	0	0	0	464	
14	0	0	0	0	462	
15	0	0	0	0	460	
0	0	0	0	0	459	
1	0	0	0	0	458	
2	0	0	0	0	455	
3	0	0	0	0	454	
4	0	0	0	0	451	
5	0	0	0	0	451	
6	0	0	0	0	451	
7	0	0	0	0	449	
8	0	0	0	0	449	
9	0	0	0	0	448	
10	0	0	0	0	448	
11	0	0	0	0	448	
12	0	0	0	0	447	
13	0	0	0	0	446	
14	0	0	0	0	443	
15	0	0	0	0	444	
0	0	0	0	0	445	
1	0	0	0	0	444	
2	0	0	0	0	444	
3	0	0	0	0	443	
4	0	0	0	0	441	
5	0	0	0	0	439	
6	0	0	0	0	440	
7	0	0	0	0	440	
8	0	0	0	0	438	
9	0	0	0	0	436	
10	0	0	0	0	434	
11	0	0	0	0	435	
12	0	0	0	0	434	
13	0	0	0	0	434	
14	0	0	0	0	434	
15	0	0	0	0	432	
0	0	0	0	0	429	
1	0	0	0	0	431	
2	0	0	0	0	432	
3	0	0	0	0	430	
4	0	0	0	0	430	
5	0	0	0	0	432	
6	0	0	0	0	433	
7	0	0	0	0	432	
8	0	0	0	0	430	
9	0	0	0	0	433	
10	0	0	0	0	436	
11	0	0	0	0	441	
12	0	0	0	0	444	
13	0	0	0	0	448	
14	0	0	0	0	449	
15	0	0	0	0	449	
0	0	0	0	0	448	
1	0	0	0	0	448	
2	0	0	0	0	446	
3	0	0	0	0	447	
4	0	0	0	0	446	
5	0	0	0	0	446	
6	0	0	0	0	444	
7	0	0	0	0	442	
8	0	0	0	0	440	
9	0	0	0	0	441	
10	0	0	0	0	443	
11	0	0	0	0	444	
12	0	0	0	0	446	
13	0	0	0	0	448	
14	0	0	0	0	447	
15	0	0	0	0	448	
0	0	0	0	0	449	
1	0	0	0	0	450	
2	0	0	0	0	452	
3	0	0	0	0	453	
4	0	0	0	0	456	
5	0	0	0	0	455	
6	0	0	0	0	455	
7	0	0	0	0	458	
8	0	0	0	0	459	
9	0	0	0	0	462	
10	0	0	0	0	463	
11	0	0	0	0	468	
12	0	0	0	0	468	
13	0	0	0	0	468	
14	0	0	0	0	466	
15	0	0	0	0	463	
0	0	0	0	0	464	
1	0	0	0	0	467	
2	0	0	0	0	467	
3	0	0	0	0	468	
4	0	0	0	0	466	
5	0	0	0	0	467	
6	0	0	0	0	465	
7	0	0	0	0	465	
8	0	0	0	0	468	
9	0	0	0	0	470	
10	0	0	0	0	472	
11	0	0	0	0	472	
12	0	0	0	0	471	
13	0	0	0	0	471	
14	0	0	0	0	471	
15	0	0	0	0	473	
0	0	0	0	0	474	
1	0	0	0	0	473	
2	0	0	0	0	474	
3	0	0	0	0	477	
4	0	0	0	0	480	
5	0	0	0	0	479	
6	0	0	0	0	479	
7	0	0	0	0	482	
8	0	0	0	0	484	
9	0	0	0	0	484	
10	0	0	0	0	481	
11	0	0	0	0	480	
12	0	0	0	0	482	
13	0	0	0	0	486	
14	0	0	0	0	491	
15	0	0	0	0	495	
0	0	0	0	0	495	
1	0	0	0	0	494	
2	0	0	0	0	496	
3	0	0	0	0	498	
4	0	0	0	0	498	
5	0	0	0	0	496	
6	0	0	0	0	493	
7	0	0	0	0	491	
8	0	0	0	0	492	
9	0	0	0	0	494	
10	0	0	0	0	494	
11	0	0	0	0	496	
12	0	0	0	0	497	
13	0	0	0	0	500	
14	0	0	0	0	500	
15	0	0	0	0	502	
0	0	0	0	0	504	
1	0	0	0	0	504	
2	0	0	0	0	503	
3	0	0	0	0	505	
4	0	0	0	0	505	
5	0	0	0	0	504	
6	0	0	0	0	500	
7	0	0	0	0	501	
8	0	0	0	0	504	
9	0	0	0	0	505	
10	0	0	0	0	508	
11	0	0	0	0	507	
12	0	0	0	0	505	
13	0	0	0	0	504	
14	0	0	0	0	503	
15	0	0	0	0	504	
0	0	0	0	0	505	
1	0	0	0	0	510	
2	0	0	0	0	510	
3	0	0	0	0	508	
4	0	0	0	0	509	
5	0	0	0	0	512	
6	0	0	0	0	513	
7	0	0	0	0	515	
8	0	0	0	0	518	
9	0	0	0	0	518	
10	0	0	0	0	518	
11	0	0	0	0	521	
12	0	0	0	0	521	
13	0	0	0	0	524	
14	0	0	0	0	526	
15	0	0	0	0	527	
0	0	0	0	0	528	
1	0	0	0	0	526	
2	0	0	0	0	522	
3	0	0	0	0	518	
4	0	0	0	0	517	
5	0	0	0	0	518	
6	0	0	0	0	518	
7	0	0	0	0	518	
8	0	0	0	0	520	
9	0	0	0	0	520	
10	0	0	0	0	518	
11	0	0	0	0	515	
12	0	0	0	0	515	
13	0	0	0	0	516	
14	0	0	0	0	517	
15	0	0	0	0	521	
0	0	0	0	0	523	
1	0	0	0	0	523	
2	0	0	0	0	525	
3	0	0	0	0	526	
4	0	0	0	0	527	
5	0	0	0	0	527	
6	0	0	0	0	521	
7	0	0	0	0	517	
8	0	0	0	0	514	
9	0	0	0	0	516	
10	0	0	0	0	517	
11	0	0	0	0	516	
12	0	0	0	0	515	
13	0	0	0	0	513	
14	0	0	0	0	511	
15	0	0	0	0	511	
0	0	0	0	0	510	
1	0	0	0	0	510	
2	0	0	0	0	511	
3	0	0	0	0	512	
4	0	0	0	0	512	
5	0	0	0	0	510	
6	0	0	0	0	510	
7	0	0	0	0	509	
8	0	0	0	0	508	
9	0	0	0	0	509	
10	0	0	0	0	511	
11	0	0	0	0	513	
12	0	0	0	0	513	
13	0	0	0	0	514	
14	0	0	0	0	514	
15	0	0	0	0	513	
0	0	0	0	0	512	
1	0	0	0	0	513	
2	0	0	0	0	514	
3	0	0	0	0	513	
4	0	0	0	0	511	
5	0	0	0	0	508	
6	0	0	0	0	507	
7	0	0	0	0	509	
8	0	0	0	0	508	
9	0	0	0	0	507	
10	0	0	0	0	509	
11	0	0	0	0	511	
12	0	0	0	0	512	
13	0	0	0	0	516	
14	0	0	0	0	516	
15	0	0	0	0	518	
0	0	0	0	0	518	
1	0	0	0	0	518	
2	0	0	0	0	514	
3	0	0	0	0	513	
4	0	0	0	0	511	
5	0	0	0	0	508	
6	0	0	0	0	508	
7	0	0	0	0	508	
8	0	0	0	0	507	
9	0	0	0	0	507	
10	0	0	0	0	506	
11	0	0	0	0	507	
12	0	0	0	0	504	
13	0	0	0	0	499	
14	0	0	0	0	496	
15	0	0	0	0	496	
0	0	0	0	0	496	
1	0	0	0	0	496	
2	0	0	0	0	496	
3	0	0	0	0	496	
4	0	0	0	0	497	
5	0	0	0	0	500	
6	0	0	0	0	504	
7	0	0	0	0	507	
8	0	0	0	0	509	
9	0	0	0	0	509	
10	0	0	0	0	512	
11	0	0	0	0	512	
12	0	0	0	0	510	
13	0	0	0	0	508	
14	0	0	0	0	506	
15	0	0	0	0	504	
0	0	0	0	0	505	
1	0	0	0	0	507	
2	0	0	0	0	508	
3	0	0	0	0	507	
4	0	0	0	0	508	
5	0	0	0	0	511	
6	0	0	0	0	512	
7	0	0	0	0	514	
8	0	0	0	0	515	
9	0	0	0	0	518	
10	0	0	0	0	519	
11	0	0	0	0	517	
12	0	0	0	0	515	
13	0	0	0	0	513	
14	0	0	0	0	510	
15	0	0	0	0	509	
0	0	0	0	0	509	
1	0	0	0	0	510	
2	0	0	0	0	511	
3	0	0	0	0	512	
4	0	0	0	0	513	
5	0	0	0	0	512	
6	0	0	0	0	514	
7	0	0	0	0	516	
8	0	0	0	0	518	
9	0	0	0	0	518	
10	0	0	0	0	516	
11	0	0	0	0	512	
12	0	0	0	0	511	
13	0	0	0	0	513	
14	0	0	0	0	513	
15	0	0	0	0	511	
0	0	0	0	0	512	
1	0	0	0	0	514	
2	0	0	0	0	515	
3	0	0	0	0	514	
4	0	0	0	0	512	
5	0	0	0	0	511	
6	0	0	0	0	512	
7	0	0	0	0	513	
8	0	0	0	0	515	
9	0	0	0	0	516	
10	0	0	0	0	517	
11	0	0	0	0	518	
12	0	0	0	0	519	
13	0	0	0	0	519	
14	0	0	0	0	513	
15	0	0	0	0	513	
0	0	0	0	0	513	
1	0	0	0	0	512	
2	0	0	0	0	511	
3	0	0	0	0	511	
4	0	0	0	0	512	
5	0	0	0	0	514	
6	0	0	0	0	519	
7	0	0	0	0	523	
8	0	0	0	0	527	
9	0	0	0	0	527	
10	0	0	0	0	527	
11	0	0	0	0	525	
12	0	0	0	0	523	
13	0	0	0	0	521	
14	0	0	0	0	521	
15	0	0	0	0	519	
0	0	0	0	0	519	
1	0	0	0	0	518	
2	0	0	0	0	515	
3	0	0	0	0	514	
4	0	0	0	0	514	
5	0	0	0	0	517	
6	0	0	0	0	518	
7	0	0	0	0	518	
8	0	0	0	0	520	
9	0	0	0	0	520	
10	0	0	0	0	522	
11	0	0	0	0	525	
12	0	0	0	0	525	
13	0	0	0	0	528	
14	0	0	0	0	528	
15	0	0	0	0	527	
0	0	0	0	0	526	
1	0	0	0	0	524	
2	0	0	0	0	523	
3	0	0	0	0	524	
4	0	0	0	0	524	
5	0	0	0	0	526	
6	0	0	0	0	526	
7	0	0	0	0	527	
8	0	0	0	0	530	
9	0	0	0	0	535	
10	0	0	0	0	537	
11	0	0	0	0	539	
12	0	0	0	0	542	
13	0	0	0	0	540	
14	0	0	0	0	539	
15	0	0	0	0	539	
0	0	0	0	0	537	
1	0	0	0	0	535	
2	0	0	0	0	529	
3	0	0	0	0	526	
4	0	0	0	0	524	
5	0	0	0	0	523	
6	0	0	0	0	524	
7	0	0	0	0	523	
8	0	0	0	0	523	
9	0	0	0	0	521	
10	0	0	0	0	523	
11	0	0	0	0	526	
12	0	0	0	0	525	
13	0	0	0	0	523	
14	0	0	0	0	522	
15	0	0	0	0	521	
0	0	0	0	0	519	
1	0	0	0	0	516	
2	0	0	0	0	513	
3	0	0	0	0	511	
4	0	0	0	0	512	
5	0	0	0	0	516	
6	0	0	0	0	519	
7	0	0	0	0	523	
8	0	0	0	0	527	
9	0	0	0	0	531	
10	0	0	0	0	532	
11	0	0	0	0	534	
12	0	0	0	0	538	
13	0	0	0	0	539	
14	0	0	0	0	538	
15	0	0	0	0	538	
0	0	0	0	0	535	
1	0	0	0	0	534	
2	0	0	0	0	535	
3	0	0	0	0	537	
4	0	0	0	0	539	
5	0	0	0	0	533	
6	0	0	0	0	531	
7	0	0	0	0	529	
8	0	0	0	0	525	
9	0	0	0	0	526	
10	0	0	0	0	530	
11	0	0	0	0	533	
12	0	0	0	0	534	
13	0	0	0	0	532	
14	0	0	0	0	528	
15	0	0	0	0	526	
0	0	0	0	0	526	
1	0	0	0	0	523	
2	0	0	0	0	521	
3	0	0	0	0	516	
4	0	0	0	0	514	
5	0	0	0	0	513	
6	0	0	0	0	513	
7	0	0	0	0	508	
8	0	0	0	0	505	
9	0	0	0	0	506	
10	0	0	0	0	506	
11	0	0	0	0	508	
12	0	0	0	0	510	
13	0	0	0	0	513	
14	0	0	0	0	514	
15	0	0	0	0	514	
0	0	0	0	0	513	
1	0	0	0	0	513	
2	0	0	0	0	514	
3	0	0	0	0	513	
4	0	0	0	0	513	
5	0	0	0	0	512	
6	0	0	0	0	509	
7	0	0	0	0	509	
8	0	0	0	0	508	
9	0	0	0	0	503	
10	0	0	0	0	502	
11	0	0	0	0	503	
12	0	0	0	0	504	
13	0	0	0	0	504	
14	0	0	0	0	504	
15	0	0	0	0	504	
0	0	0	0	0	506	
1	0	0	0	0	508	
2	0	0	0	0	504	
3	0	0	0	0	503	
4	0	0	0	0	504	
5	0	0	0	0	504	
6	0	0	0	0	508	
7	0	0	0	0	512	
8	0	0	0	0	514	
9	0	0	0	0	515	
10	0	0	0	0	516	
11	0	0	0	0	516	
12	0	0	0	0	512	
13	0	0	0	0	509	
14	0	0	0	0	506	
15	0	0	0	0	507	
0	0	0	0	0	511	
1	0	0	0	0	511	
2	0	0	0	0	512	
3	0	0	0	0	512	
4	0	0	0	0	509	
5	0	0	0	0	507	
6	0	0	0	0	507	
7	0	0	0	0	506	
8	0	0	0	0	506	
9	0	0	0	0	509	
10	0	0	0	0	512	
11	0	0	0	0	512	
12	0	0	0	0	513	
13	0	0	0	0	511	
14	0	0	0	0	510	
15	0	0	0	0	512	
0	0	0	0	0	514	
1	0	0	0	0	516	
2	0	0	0	0	517	
3	0	0	0	0	516	
4	0	0	0	0	515	
5	0	0	0	0	515	
6	0	0	0	0	513	
7	0	0	0	0	513	
8	0	0	0	0	510	
9	0	0	0	0	511	
10	0	0	0	0	511	
11	0	0	0	0	510	
12	0	0	0	0	509	
13	0	0	0	0	508	
14	0	0	0	0	508	
15	0	0	0	0	509	
0	0	0	0	0	512	
1	0	0	0	0	512	
2	0	0	0	0	509	
3	0	0	0	0	508	
4	0	0	0	0	506	
5	0	0	0	0	504	
6	0	0	0	0	502	
7	0	0	0	0	499	
8	0	0	0	0	501	
9	0	0	0	0	506	
10	0	0	0	0	513	
11	0	0	0	0	525	
12	0	0	0	0	533	
13	0	0	0	0	537	
14	0	0	0	0	540	
15	0	0	0	0	548	
0	0	0	0	0	553	
1	0	0	0	0	559	
2	0	0	0	0	568	
3	0	0	0	0	573	
4	0	0	0	0	581	
5	0	0	0	0	593	
6	0	0	0	0	606	
7	0	0	0	0	621	
8	0	0	0	0	636	
9	0	0	0	0	652	
10	0	0	0	0	666	
11	0	0	0	0	687	
12	0	0	0	0	710	
13	0	0	0	0	730	
14	0	0	0	0	749	
15	0	0	0	0	768	
0	0	0	0	0	790	
1	0	0	0	0	810	
2	0	0	0	0	826	
3	0	0	0	0	840	
4	0	0	0	0	848	
5	0	0	0	0	849	
6	0	0	0	0	849	
7	0	0	0	0	842	
8	0	0	0	0	835	
9	0	0	0	0	825	
10	0	0	0	0	807	
11	0	0	0	0	787	
12	0	0	0	0	763	
13	0	0	0	0	739	
14	0	0	0	0	711	
15	0	0	0	0	673	
0	0	0	0	0	636	
1	0	0	0	0	595	
2	0	0	0	0	555	
3	0	0	0	0	515	
4	0	0	0	0	478	
5	0	0	0	0	448	
6	0	0	0	0	426	
7	0	0	0	0	408	
8	0	0	0	0	395	
9	0	0	0	0	385	
10	0	0	0	0	384	
11	0	0	0	0	387	
12	0	0	0	0	391	
13	0	0	0	0	399	
14	0	0	0	0	407	
15	0	0	0	0	415	
0	0	0	0	0	421	
1	0	0	0	0	429	
2	0	0	0	0	439	
3	0	0	0	0	445	
4	0	0	0	0	451	
5	0	0	0	0	455	
6	0	0	0	0	460	
7	0	0	0	0	465	
8	0	0	0	0	470	
9	0	0	0	0	474	
10	0	0	0	0	477	
11	0	0	0	0	478	
12	0	0	0	0	479	
13	0	0	0	0	480	
14	0	0	0	0	482	
15	0	0	0	0	483	
0	0	0	0	0	485	
1	0	0	0	0	486	
2	0	0	0	0	485	
3	0	0	0	0	484	
4	0	0	0	0	486	
5	0	0	0	0	487	
6	0	0	0	0	484	
7	0	0	0	0	481	
8	0	0	0	0	478	
9	0	0	0	0	474	
10	0	0	0	0	473	
11	0	0	0	0	473	
12	0	0	0	0	472	
13	0	0	0	0	472	
14	0	0	0	0	471	
15	0	0	0	0	472	
0	0	0	0	0	474	
1	0	0	0	0	474	
2	0	0	0	0	474	
3	0	0	0	0	475	
4	0	0	0	0	478	
5	0	0	0	0	480	
6	0	0	0	0	481	
7	0	0	0	0	480	
8	0	0	0	0	479	
9	0	0	0	0	480	
10	0	0	0	0	480	
11	0	0	0	0	482	
12	0	0	0	0	483	
13	0	0	0	0	482	
14	0	0	0	0	483	
15	0	0	0	0	484	
0	0	0	0	0	487	
1	0	0	0	0	487	
2	0	0	0	0	486	
3	0	0	0	0	488	
4	0	0	0	0	491	
5	0	0	0	0	491	
6	0	0	0	0	495	
7	0	0	0	0	498	
8	0	0	0	0	499	
9	0	0	0	0	500	
10	0	0	0	0	501	
11	0	0	0	0	502	
12	0	0	0	0	502	
13	0	0	0	0	502	
14	0	0	0	0	503	
15	0	0	0	0	504	
0	0	0	0	0	504	
1	0	0	0	0	504	
2	0	0	0	0	502	
3	0	0	0	0	499	
4	0	0	0	0	495	
5	0	0	0	0	494	
6	0	0	0	0	493	
7	0	0	0	0	493	
8	0	0	0	0	494	
9	0	0	0	0	495	
10	0	0	0	0	495	
11	0	0	0	0	495	
12	0	0	0	0	495	
13	0	0	0	0	497	
14	0	0	0	0	501	
15	0	0	0	0	504	
0	0	0	0	0	505	
1	0	0	0	0	506	
2	0	0	0	0	508	
3	0	0	0	0	511	
4	0	0	0	0	511	
5	0	0	0	0	510	
6	0	0	0	0	509	
7	0	0	0	0	508	
8	0	0	0	0	505	
9	0	0	0	0	503	
10	0	0	0	0	502	
11	0	0	0	0	504	
12	0	0	0	0	504	
13	0	0	0	0	503	
14	0	0	0	0	504	
15	0	0	0	0	504	
0	0	0	0	0	505	
1	0	0	0	0	507	
2	0	0	0	0	508	
3	0	0	0	0	510	
4	0	0	0	0	510	
5	0	0	0	0	514	
6	0	0	0	0	519	
7	0	0	0	0	518	
8	0	0	0	0	520	
9	0	0	0	0	521	
10	0	0	0	0	521	
11	0	0	0	0	521	
12	0	0	0	0	518	
13	0	0	0	0	515	
14	0	0	0	0	512	
15	0	0	0	0	511	
0	0	0	0	0	511	
1	0	0	0	0	513	
2	0	0	0	0	516	
3	0	0	0	0	515	
4	0	0	0	0	514	
5	0	0	0	0	513	
6	0	0	0	0	513	
7	0	0	0	0	514	
8	0	0	0	0	513	
9	0	0	0	0	513	
10	0	0	0	0	514	
11	0	0	0	0	515	
12	0	0	0	0	518	
13	0	0	0	0	519	
14	0	0	0	0	519	
15	0	0	0	0	522	
0	0	0	0	0	523	
1	0	0	0	0	524	
2	0	0	0	0	527	
3	0	0	0	0	528	
4	0	0	0	0	529	
5	0	0	0	0	531	
6	0	0	0	0	533	
7	0	0	0	0	535	
8	0	0	0	0	534	
9	0	0	0	0	535	
10	0	0	0	0	535	
11	0	0	0	0	535	
12	0	0	0	0	533	
13	0	0	0	0	532	
14	0	0	0	0	533	
15	0	0	0	0	532	
0	0	0	0	0	534	
1	0	0	0	0	534	
2	0	0	0	0	538	
3	0	0	0	0	541	
4	0	0	0	0	542	
5	0	0	0	0	542	
6	0	0	0	0	544	
7	0	0	0	0	548	
8	0	0	0	0	549	
9	0	0	0	0	550	
10	0	0	0	0	550	
11	0	0	0	0	549	
12	0	0	0	0	550	
13	0	0	0	0	547	
14	0	0	0	0	544	
15	0	0	0	0	545	
0	0	0	0	0	545	
1	0	0	0	0	544	
2	0	0	0	0	544	
3	0	0	0	0	543	
4	0	0	0	0	542	
5	0	0	0	0	542	
6	0	0	0	0	543	
7	0	0	0	0	547	
8	0	0	0	0	551	
9	0	0	0	0	555	
10	0	0	0	0	556	
11	0	0	0	0	558	
12	0	0	0	0	559	
13	0	0	0	0	561	
14	0	0	0	0	562	
15	0	0	0	0	561	
0	0	0	0	0	563	
1	0	0	0	0	564	
2	0	0	0	0	564	
3	0	0	0	0	567	
4	0	0	0	0	568	
5	0	0	0	0	569	
6	0	0	0	0	568	
7	0	0	0	0	569	
8	0	0	0	0	571	
9	0	0	0	0	572	
10	0	0	0	0	573	
11	0	0	0	0	576	
12	0	0	0	0	577	
13	0	0	0	0	578	
14	0	0	0	0	577	
15	0	0	0	0	578	
0	0	0	0	0	577	
1	0	0	0	0	576	
2	0	0	0	0	578	
3	0	0	0	0	577	
4	0	0	0	0	578	
5	0	0	0	0	578	
6	0	0	0	0	576	
7	0	0	0	0	576	
8	0	0	0	0	575	
9	0	0	0	0	576	
10	0	0	0	0	579	
11	0	0	0	0	580	
12	0	0	0	0	581	
13	0	0	0	0	582	
14	0	0	0	0	579	
15	0	0	0	0	578	
0	0	0	0	0	577	
1	0	0	0	0	576	
2	0	0	0	0	574	
3	0	0	0	0	572	
4	0	0	0	0	572	
5	0	0	0	0	572	
6	0	0	0	0	574	
7	0	0	0	0	571	
8	0	0	0	0	571	
9	0	0	0	0	570	
10	0	0	0	0	568	
11	0	0	0	0	568	
12	0	0	0	0	567	
13	0	0	0	0	568	
14	0	0	0	0	570	
15	0	0	0	0	570	
0	0	0	0	0	571	
1	0	0	0	0	569	
2	0	0	0	0	567	
3	0	0	0	0	561	
4	0	0	0	0	556	
5	0	0	0	0	553	
6	0	0	0	0	552	
7	0	0	0	0	551	
8	0	0	0	0	545	
9	0	0	0	0	541	
10	0	0	0	0	540	
11	0	0	0	0	536	
12	0	0	0	0	532	
13	0	0	0	0	529	
14	0	0	0	0	527	
15	0	0	0	0	523	
0	0	0	0	0	518	
1	0	0	0	0	518	
2	0	0	0	0	512	
3	0	0	0	0	508	
4	0	0	0	0	506	
5	0	0	0	0	506	
6	0	0	0	0	505	
7	0	0	0	0	504	
8	0	0	0	0	503	
9	0	0	0	0	504	
10	0	0	0	0	504	
11	0	0	0	0	504	
12	0	0	0	0	502	
13	0	0	0	0	500	
14	0	0	0	0	495	
15	0	0	0	0	487	
0	0	0	0	0	483	
1	0	0	0	0	477	
2	0	0	0	0	472	
3	0	0	0	0	468	
4	0	0	0	0	465	
5	0	0	0	0	462	
6	0	0	0	0	459	
7	0	0	0	0	457	
8	0	0	0	0	458	
9	0	0	0	0	455	
10	0	0	0	0	454	
11	0	0	0	0	454	
12	0	0	0	0	452	
13	0	0	0	0	453	
14	0	0	0	0	450	
15	0	0	0	0	448	
0	0	0	0	0	448	
1	0	0	0	0	447	
2	0	0	0	0	446	
3	0	0	0	0	445	
4	0	0	0	0	441	
5	0	0	0	0	440	
6	0	0	0	0	440	
7	0	0	0	0	440	
8	0	0	0	0	439	
9	0	0	0	0	436	
10	0	0	0	0	435	
11	0	0	0	0	435	
12	0	0	0	0	436	
13	0	0	0	0	435	
14	0	0	0	0	434	
15	0	0	0	0	433	
0	0	0	0	0	435	
1	0	0	0	0	438	
2	0	0	0	0	440	
3	0	0	0	0	440	
4	0	0	0	0	439	
5	0	0	0	0	438	
6	0	0	0	0	440	
7	0	0	0	0	442	
8	0	0	0	0	445	
9	0	0	0	0	444	
10	0	0	0	0	442	
11	0	0	0	0	442	
12	0	0	0	0	442	
13	0	0	0	0	444	
14	0	0	0	0	444	
15	0	0	0	0	442	
0	0	0	0	0	442	
1	0	0	0	0	442	
2	0	0	0	0	443	
3	0	0	0	0	443	
4	0	0	0	0	442	
5	0	0	0	0	443	
6	0	0	0	0	443	
7	0	0	0	0	443	
8	0	0	0	0	444	
9	0	0	0	0	445	
10	0	0	0	0	447	
11	0	0	0	0	445	
12	0	0	0	0	444	
13	0	0	0	0	444	
14	0	0	0	0	443	
15	0	0	0	0	443	
0	0	0	0	0	444	
1	0	0	0	0	447	
2	0	0	0	0	444	
3	0	0	0	0	444	
4	0	0	0	0	447	
5	0	0	0	0	448	
6	0	0	0	0	450	
7	0	0	0	0	452	
8	0	0	0	0	455	
9	0	0	0	0	460	
10	0	0	0	0	466	
11	0	0	0	0	472	
12	0	0	0	0	476	
13	0	0	0	0	477	
14	0	0	0	0	482	
15	0	0	0	0	486	
0	0	0	0	0	491	
1	0	0	0	0	494	
2	0	0	0	0	495	
3	0	0	0	0	495	
4	0	0	0	0	495	
5	0	0	0	0	496	
6	0	0	0	0	497	
7	0	0	0	0	500	
8	0	0	0	0	503	
9	0	0	0	0	506	
10	0	0	0	0	510	
11	0	0	0	0	513	
12	0	0	0	0	514	
13	0	0	0	0	515	
14	0	0	0	0	514	
15	0	0	0	0	513	
0	0	0	0	0	512	
1	0	0	0	0	512	
2	0	0	0	0	514	
3	0	0	0	0	518	
4	0	0	0	0	517	
5	0	0	0	0	514	
6	0	0	0	0	512	
7	0	0	0	0	511	
8	0	0	0	0	510	
9	0	0	0	0	511	
10	0	0	0	0	510	
11	0	0	0	0	511	
12	0	0	0	0	514	
13	0	0	0	0	516	
14	0	0	0	0	518	
15	0	0	0	0	520	
0	0	0	0	0	523	
1	0	0	0	0	523	
2	0	0	0	0	524	
3	0	0	0	0	525	
4	0	0	0	0	524	
5	0	0	0	0	524	
6	0	0	0	0	525	
7	0	0	0	0	523	
8	0	0	0	0	523	
9	0	0	0	0	523	
10	0	0	0	0	521	
11	0	0	0	0	523	
12	0	0	0	0	524	
13	0	0	0	0	523	
14	0	0	0	0	521	
15	0	0	0	0	519	
0	0	0	0	0	518	
1	0	0	0	0	518	
2	0	0	0	0	519	
3	0	0	0	0	521	
4	0	0	0	0	521	
5	0	0	0	0	524	
6	0	0	0	0	526	
7	0	0	0	0	525	
8	0	0	0	0	524	
9	0	0	0	0	522	
10	0	0	0	0	523	
11	0	0	0	0	525	
12	0	0	0	0	526	
13	0	0	0	0	526	
14	0	0	0	0	524	
15	0	0	0	0	522	
0	0	0	0	0	520	
1	0	0	0	0	519	
2	0	0	0	0	519	
3	0	0	0	0	521	
4	0	0	0	0	522	
5	0	0	0	0	519	
6	0	0	0	0	519	
7	0	0	0	0	520	
8	0	0	0	0	520	
9	0	0	0	0	521	
10	0	0	0	0	521	
11	0	0	0	0	523	
12	0	0	0	0	523	
13	0	0	0	0	522	
14	0	0	0	0	523	
15	0	0	0	0	523	
0	0	0	0	0	522	
1	0	0	0	0	522	
2	0	0	0	0	521	
3	0	0	0	0	519	
4	0	0	0	0	520	
5	0	0	0	0	522	
6	0	0	0	0	523	
7	0	0	0	0	523	
8	0	0	0	0	521	
9	0	0	0	0	518	
10	0	0	0	0	518	
11	0	0	0	0	518	
12	0	0	0	0	518	
13	0	0	0	0	516	
14	0	0	0	0	512	
15	0	0	0	0	511	
0	0	0	0	0	510	
1	0	0	0	0	508	
2	0	0	0	0	506	
3	0	0	0	0	502	
4	0	0	0	0	499	
5	0	0	0	0	496	
6	0	0	0	0	494	
7	0	0	0	0	492	
8	0	0	0	0	488	
9	0	0	0	0	484	
10	0	0	0	0	480	
11	0	0	0	0	477	
12	0	0	0	0	476	
13	0	0	0	0	476	
14	0	0	0	0	476	
15	0	0	0	0	476	
0	0	0	0	0	475	
1	0	0	0	0	477	
2	0	0	0	0	478	
3	0	0	0	0	479	
4	0	0	0	0	480	
5	0	0	0	0	479	
6	0	0	0	0	480	
7	0	0	0	0	479	
8	0	0	0	0	480	
9	0	0	0	0	479	
10	0	0	0	0	478	
11	0	0	0	0	478	
12	0	0	0	0	476	
13	0	0	0	0	475	
14	0	0	0	0	473	
15	0	0	0	0	472	
0	0	0	0	0	470	
1	0	0	0	0	468	
2	0	0	0	0	467	
3	0	0	0	0	468	
4	0	0	0	0	468	
5	0	0	0	0	470	
6	0	0	0	0	470	
7	0	0	0	0	468	
8	0	0	0	0	468	
9	0	0	0	0	468	
10	0	0	0	0	468	
11	0	0	0	0	468	
12	0	0	0	0	468	
13	0	0	0	0	468	
14	0	0	0	0	469	
15	0	0	0	0	470	
0	0	0	0	0	471	
1	0	0	0	0	472	
2	0	0	0	0	474	
3	0	0	0	0	476	
4	0	0	0	0	477	
5	0	0	0	0	478	
6	0	0	0	0	479	
7	0	0	0	0	479	
8	0	0	0	0	477	
9	0	0	0	0	477	
10	0	0	0	0	478	
11	0	0	0	0	479	
12	0	0	0	0	478	
13	0	0	0	0	477	
14	0	0	0	0	476	
15	0	0	0	0	475	
0	0	0	0	0	476	
1	0	0	0	0	476	
2	0	0	0	0	476	
3	0	0	0	0	476	
4	0	0	0	0	478	
5	0	0	0	0	480	
6	0	0	0	0	481	
7	0	0	0	0	481	
8	0	0	0	0	483	
9	0	0	0	0	484	
10	0	0	0	0	485	
11	0	0	0	0	485	
12	0	0	0	0	484	
13	0	0	0	0	483	
14	0	0	0	0	481	
15	0	0	0	0	482	
0	0	0	0	0	483	
1	0	0	0	0	483	
2	0	0	0	0	484	
3	0	0	0	0	484	
4	0	0	0	0	485	
5	0	0	0	0	487	
6	0	0	0	0	489	
7	0	0	0	0	492	
8	0	0	0	0	492	
9	0	0	0	0	493	
10	0	0	0	0	492	
11	0	0	0	0	489	
12	0	0	0	0	489	
13	0	0	0	0	489	
14	0	0	0	0	490	
15	0	0	0	0	488	
0	0	0	0	0	488	
1	0	0	0	0	489	
2	0	0	0	0	489	
3	0	0	0	0	489	
4	0	0	0	0	491	
5	0	0	0	0	492	
6	0	0	0	0	493	
7	0	0	0	0	493	
8	0	0	0	0	494	
9	0	0	0	0	493	
10	0	0	0	0	493	
11	0	0	0	0	494	
12	0	0	0	0	494	
13	0	0	0	0	497	
14	0	0	0	0	499	
15	0	0	0	0	498	
0	0	0	0	0	497	
1	0	0	0	0	495	
2	0	0	0	0	493	
3	0	0	0	0	490	
4	0	0	0	0	491	
5	0	0	0	0	494	
6	0	0	0	0	495	
7	0	0	0	0	497	
8	0	0	0	0	499	
9	0	0	0	0	502	
10	0	0	0	0	503	
11	0	0	0	0	504	
12	0	0	0	0	506	
13	0	0	0	0	508	
14	0	0	0	0	508	
15	0	0	0	0	509	
0	0	0	0	0	510	
1	0	0	0	0	511	
2	0	0	0	0	511	
3	0	0	0	0	511	
4	0	0	0	0	511	
5	0	0	0	0	510	
6	0	0	0	0	508	
7	0	0	0	0	506	
8	0	0	0	0	504	
9	0	0	0	0	503	
10	0	0	0	0	500	
11	0	0	0	0	498	
12	0	0	0	0	496	
13	0	0	0	0	495	
14	0	0	0	0	493	
15	0	0	0	0	490	
0	0	0	0	0	490	
1	0	0	0	0	492	
2	0	0	0	0	493	
3	0	0	0	0	495	
4	0	0	0	0	497	
5	0	0	0	0	499	
6	0	0	0	0	503	
7	0	0	0	0	505	
8	0	0	0	0	508	
9	0	0	0	0	509	
10	0	0	0	0	509	
11	0	0	0	0	510	
12	0	0	0	0	510	
13	0	0	0	0	510	
14	0	0	0	0	508	
15	0	0	0	0	508	
0	0	0	0	0	507	
1	0	0	0	0	508	
2	0	0	0	0	509	
3	0	0	0	0	508	
4	0	0	0	0	508	
5	0	0	0	0	508	
6	0	0	0	0	506	
7	0	0	0	0	506	
8	0	0	0	0	504	
9	0	0	0	0	504	
10	0	0	0	0	502	
11	0	0	0	0	500	
12	0	0	0	0	500	
13	0	0	0	0	500	
14	0	0	0	0	497	
15	0	0	0	0	496	
0	0	0	0	0	496	
1	0	0	0	0	495	
2	0	0	0	0	493	
3	0	0	0	0	492	
4	0	0	0	0	492	
5	0	0	0	0	491	
6	0	0	0	0	492	
7	0	0	0	0	493	
8	0	0	0	0	494	
9	0	0	0	0	495	
10	0	0	0	0	495	
11	0	0	0	0	496	
12	0	0	0	0	495	
13	0	0	0	0	497	
14	0	0	0	0	498	
15	0	0	0	0	499	
0	0	0	0	0	499	
1	0	0	0	0	499	
2	0	0	0	0	499	
3	0	0	0	0	500	
4	0	0	0	0	499	
5	0	0	0	0	499	
6	0	0	0	0	498	
7	0	0	0	0	499	
8	0	0	0	0	497	
9	0	0	0	0	495	
10	0	0	0	0	494	
11	0	0	0	0	492	
12	0	0	0	0	490	
13	0	0	0	0	489	
14	0	0	0	0	488	
15	0	0	0	0	487	
0	0	0	0	0	486	
1	0	0	0	0	487	
2	0	0	0	0	487	
3	0	0	0	0	487	
4	0	0	0	0	485	
5	0	0	0	0	483	
6	0	0	0	0	484	
7	0	0	0	0	485	
8	0	0	0	0	486	
9	0	0	0	0	489	
10	0	0	0	0	493	
11	0	0	0	0	494	
12	0	0	0	0	494	
13	0	0	0	0	493	
14	0	0	0	0	494	
15	0	0	0	0	493	
0	0	0	0	0	493	
1	0	0	0	0	493	
2	0	0	0	0	492	
3	0	0	0	0	491	
4	0	0	0	0	491	
5	0	0	0	0	489	
6	0	0	0	0	488	
7	0	0	0	0	487	
8	0	0	0	0	487	
9	0	0	0	0	488	
10	0	0	0	0	488	
11	0	0	0	0	488	
12	0	0	0	0	488	
13	0	0	0	0	490	
14	0	0	0	0	492	
15	0	0	0	0	493	
0	0	0	0	0	493	
1	0	0	0	0	492	
2	0	0	0	0	494	
3	0	0	0	0	494	
4	0	0	0	0	496	
5	0	0	0	0	497	
6	0	0	0	0	497	
7	0	0	0	0	498	
8	0	0	0	0	498	
9	0	0	0	0	498	
10	0	0	0	0	499	
11	0	0	0	0	498	
12	0	0	0	0	497	
13	0	0	0	0	496	
14	0	0	0	0	495	
15	0	0	0	0	494	
0	0	0	0	0	494	
1	0	0	0	0	496	
2	0	0	0	0	496	
3	0	0	0	0	498	
4	0	0	0	0	499	
5	0	0	0	0	503	
6	0	0	0	0	510	
7	0	0	0	0	515	
8	0	0	0	0	520	
9	0	0	0	0	526	
10	0	0	0	0	531	
11	0	0	0	0	539	
12	0	0	0	0	547	
13	0	0	0	0	556	
14	0	0	0	0	563	
15	0	0	0	0	572	
0	0	0	0	0	583	
1	0	0	0	0	595	
2	0	0	0	0	609	
3	0	0	0	0	625	
4	0	0	0	0	640	
5	0	0	0	0	659	
6	0	0	0	0	678	
7	0	0	0	0	698	
8	0	0	0	0	717	
9	0	0	0	0	737	
10	0	0	0	0	760	
11	0	0	0	0	781	
12	0	0	0	0	803	
13	0	0	0	0	825	
14	0	0	0	0	840	
15	0	0	0	0	853	
0	0	0	0	0	857	
1	0	0	0	0	857	
2	0	0	0	0	849	
3	0	0	0	0	839	
4	0	0	0	0	828	
5	0	0	0	0	809	
6	0	0	0	0	789	
7	0	0	0	0	765	
8	0	0	0	0	735	
9	0	0	0	0	703	
10	0	0	0	0	669	
11	0	0	0	0	633	
12	0	0	0	0	594	
13	0	0	0	0	554	
14	0	0	0	0	516	
15	0	0	0	0	479	
0	0	0	0	0	445	
1	0	0	0	0	418	
2	0	0	0	0	400	
3	0	0	0	0	388	
4	0	0	0	0	383	
5	0	0	0	0	383	
6	0	0	0	0	386	
7	0	0	0	0	391	
8	0	0	0	0	399	
9	0	0	0	0	406	
10	0	0	0	0	413	
11	0	0	0	0	422	
12	0	0	0	0	428	
13	0	0	0	0	435	
14	0	0	0	0	441	
15	0	0	0	0	447	
0	0	0	0	0	452	
1	0	0	0	0	455	
2	0	0	0	0	458	
3	0	0	0	0	459	
4	0	0	0	0	461	
5	0	0	0	0	460	
6	0	0	0	0	460	
7	0	0	0	0	460	
8	0	0	0	0	459	
9	0	0	0	0	459	
10	0	0	0	0	459	
11	0	0	0	0	458	
12	0	0	0	0	458	
13	0	0	0	0	459	
14	0	0	0	0	460	
15	0	0	0	0	461	
0	0	0	0	0	462	
1	0	0	0	0	463	
2	0	0	0	0	463	
3	0	0	0	0	463	
4	0	0	0	0	463	
5	0	0	0	0	462	
6	0	0	0	0	462	
7	0	0	0	0	461	
8	0	0	0	0	463	
9	0	0	0	0	463	
10	0	0	0	0	463	
11	0	0	0	0	464	
12	0	0	0	0	464	
13	0	0	0	0	467	
14	0	0	0	0	468	
15	0	0	0	0	470	
0	0	0	0	0	473	
1	0	0	0	0	474	
2	0	0	0	0	476	
3	0	0	0	0	476	
4	0	0	0	0	476	
5	0	0	0	0	475	
6	0	0	0	0	475	
7	0	0	0	0	474	
8	0	0	0	0	475	
9	0	0	0	0	475	
10	0	0	0	0	475	
11	0	0	0	0	474	
12	0	0	0	0	474	
13	0	0	0	0	475	
14	0	0	0	0	476	
15	0	0	0	0	480	
0	0	0	0	0	480	
1	0	0	0	0	481	
2	0	0	0	0	480	
3	0	0	0	0	481	
4	0	0	0	0	482	
5	0	0	0	0	482	
6	0	0	0	0	482	
7	0	0	0	0	483	
8	0	0	0	0	483	
9	0	0	0	0	484	
10	0	0	0	0	484	
11	0	0	0	0	483	
12	0	0	0	0	484	
13	0	0	0	0	485	
14	0	0	0	0	488	
15	0	0	0	0	489	
0	0	0	0	0	489	
1	0	0	0	0	490	
2	0	0	0	0	490	
3	0	0	0	0	491	
4	0	0	0	0	491	
5	0	0	0	0	492	
6	0	0	0	0	492	
7	0	0	0	0	492	
8	0	0	0	0	492	
9	0	0	0	0	492	
10	0	0	0	0	492	
11	0	0	0	0	493	
12	0	0	0	0	493	
13	0	0	0	0	493	
14	0	0	0	0	493	
15	0	0	0	0	494	
0	0	0	0	0	496	
1	0	0	0	0	497	
2	0	0	0	0	499	
3	0	0	0	0	500	
4	0	0	0	0	502	
5	0	0	0	0	503	
6	0	0	0	0	502	
7	0	0	0	0	503	
8	0	0	0	0	503	
9	0	0	0	0	503	
10	0	0	0	0	504	
11	0	0	0	0	502	
12	0	0	0	0	502	
13	0	0	0	0	501	
14	0	0	0	0	500	
15	0	0	0	0	501	
0	0	0	0	0	502	
1	0	0	0	0	503	
2	0	0	0	0	503	
3	0	0	0	0	506	
4	0	0	0	0	508	
5	0	0	0	0	508	
6	0	0	0	0	509	
7	0	0	0	0	509	
8	0	0	0	0	510	
9	0	0	0	0	510	
10	0	0	0	0	510	
11	0	0	0	0	510	
12	0	0	0	0	510	
13	0	0	0	0	511	
14	0	0	0	0	512	
15	0	0	0	0	513	
0	0	0	0	0	514	
1	0	0	0	0	514	
2	0	0	0	0	515	
3	0	0	0	0	516	
4	0	0	0	0	518	
5	0	0	0	0	519	
6	0	0	0	0	520	
7	0	0	0	0	521	
8	0	0	0	0	522	
9	0	0	0	0	521	
10	0	0	0	0	521	
11	0	0	0	0	519	
12	0	0	0	0	518	
13	0	0	0	0	518	
14	0	0	0	0	518	
15	0	0	0	0	519	
0	0	0	0	0	520	
1	0	0	0	0	521	
2	0	0	0	0	521	
3	0	0	0	0	523	
4	0	0	0	0	526	
5	0	0	0	0	528	
6	0	0	0	0	528	
7	0	0	0	0	530	
8	0	0	0	0	530	
9	0	0	0	0	531	
10	0	0	0	0	532	
11	0	0	0	0	532	
12	0	0	0	0	531	
13	0	0	0	0	532	
14	0	0	0	0	531	
15	0	0	0	0	531	
0	0	0	0	0	533	
1	0	0	0	0	534	
2	0	0	0	0	533	
3	0	0	0	0	536	
4	0	0	0	0	536	
5	0	0	0	0	536	
6	0	0	0	0	536	
7	0	0	0	0	536	
8	0	0	0	0	537	
9	0	0	0	0	537	
10	0	0	0	0	537	
11	0	0	0	0	536	
12	0	0	0	0	536	
13	0	0	0	0	538	
14	0	0	0	0	537	
15	0	0	0	0	539	
0	0	0	0	0	540	
1	0	0	0	0	540	
2	0	0	0	0	542	
3	0	0	0	0	544	
4	0	0	0	0	545	
5	0	0	0	0	547	
6	0	0	0	0	549	
7	0	0	0	0	553	
8	0	0	0	0	554	
9	0	0	0	0	556	
10	0	0	0	0	558	
11	0	0	0	0	559	
12	0	0	0	0	558	
13	0	0	0	0	557	
14	0	0	0	0	558	
15	0	0	0	0	559	
0	0	0	0	0	558	
1	0	0	0	0	559	
2	0	0	0	0	561	
3	0	0	0	0	562	
4	0	0	0	0	561	
5	0	0	0	0	561	
6	0	0	0	0	563	
7	0	0	0	0	563	
8	0	0	0	0	565	
9	0	0	0	0	567	
10	0	0	0	0	566	
11	0	0	0	0	566	
12	0	0	0	0	564	
13	0	0	0	0	566	
14	0	0	0	0	565	
15	0	0	0	0	563	
0	0	0	0	0	564	
1	0	0	0	0	564	
2	0	0	0	0	565	
3	0	0	0	0	567	
4	0	0	0	0	567	
5	0	0	0	0	567	
6	0	0	0	0	567	
7	0	0	0	0	566	
8	0	0	0	0	566	
9	0	0	0	0	567	
10	0	0	0	0	568	
11	0	0	0	0	567	
12	0	0	0	0	566	
13	0	0	0	0	567	
14	0	0	0	0	565	
15	0	0	0	0	563	
0	0	0	0	0	562	
1	0	0	0	0	563	
2	0	0	0	0	564	
3	0	0	0	0	563	
4	0	0	0	0	563	
5	0	0	0	0	561	
6	0	0	0	0	560	
7	0	0	0	0	560	
8	0	0	0	0	559	
9	0	0	0	0	559	
10	0	0	0	0	557	
11	0	0	0	0	556	
12	0	0	0	0	555	
13	0	0	0	0	552	
14	0	0	0	0	551	
15	0	0	0	0	549	
0	0	0	0	0	547	
1	0	0	0	0	545	
2	0	0	0	0	542	
3	0	0	0	0	541	
4	0	0	0	0	540	
5	0	0	0	0	538	
6	0	0	0	0	536	
7	0	0	0	0	534	
8	0	0	0	0	533	
9	0	0	0	0	532	
10	0	0	0	0	530	
11	0	0	0	0	528	
12	0	0	0	0	526	
13	0	0	0	0	523	
14	0	0	0	0	521	
15	0	0	0	0	519	
0	0	0	0	0	516	
1	0	0	0	0	513	
2	0	0	0	0	512	
3	0	0	0	0	509	
4	0	0	0	0	507	
5	0	0	0	0	505	
6	0	0	0	0	501	
7	0	0	0	0	498	
8	0	0	0	0	496	
9	0	0	0	0	495	
10	0	0	0	0	493	
11	0	0	0	0	491	
12	0	0	0	0	489	
13	0	0	0	0	486	
14	0	0	0	0	483	
15	0	0	0	0	479	
0	0	0	0	0	475	
1	0	0	0	0	472	
2	0	0	0	0	469	
3	0	0	0	0	468	
4	0	0	0	0	466	
5	0	0	0	0	464	
6	0	0	0	0	462	
7	0	0	0	0	460	
8	0	0	0	0	459	
9	0	0	0	0	458	
10	0	0	0	0	457	
11	0	0	0	0	456	
12	0	0	0	0	455	
13	0	0	0	0	455	
14	0	0	0	0	453	
15	0	0	0	0	451	
0	0	0	0	0	450	
1	0	0	0	0	448	
2	0	0	0	0	447	
3	0	0	0	0	446	
4	0	0	0	0	445	
5	0	0	0	0	445	
6	0	0	0	0	445	
7	0	0	0	0	445	
8	0	0	0	0	445	
9	0	0	0	0	445	
10	0	0	0	0	446	
11	0	0	0	0	446	
12	0	0	0	0	446	
13	0	0	0	0	446	
14	0	0	0	0	445	
15	0	0	0	0	445	
0	0	0	0	0	444	
1	0	0	0	0	445	
2	0	0	0	0	445	
3	0	0	0	0	444	
4	0	0	0	0	444	
5	0	0	0	0	443	
6	0	0	0	0	442	
7	0	0	0	0	444	
8	0	0	0	0	445	
9	0	0	0	0	446	
10	0	0	0	0	445	
11	0	0	0	0	447	
12	0	0	0	0	448	
13	0	0	0	0	448	
14	0	0	0	0	448	
15	0	0	0	0	447	
0	0	0	0	0	447	
1	0	0	0	0	447	
2	0	0	0	0	447	
3	0	0	0	0	448	
4	0	0	0	0	448	
5	0	0	0	0	448	
6	0	0	0	0	448	
7	0	0	0	0	448	
8	0	0	0	0	451	
9	0	0	0	0	451	
10	0	0	0	0	450	
11	0	0	0	0	450	
12	0	0	0	0	449	
13	0	0	0	0	449	
14	0	0	0	0	449	
15	0	0	0	0	451	
0	0	0	0	0	452	
1	0	0	0	0	453	
2	0	0	0	0	455	
3	0	0	0	0	455	
4	0	0	0	0	459	
5	0	0	0	0	461	
6	0	0	0	0	460	
7	0	0	0	0	460	
8	0	0	0	0	461	
9	0	0	0	0	462	
10	0	0	0	0	463	
11	0	0	0	0	465	
12	0	0	0	0	467	
13	0	0	0	0	468	
14	0	0	0	0	470	
15	0	0	0	0	470	
0	0	0	0	0	469	
1	0	0	0	0	468	
2	0	0	0	0	468	
3	0	0	0	0	467	
4	0	0	0	0	467	
5	0	0	0	0	466	
6	0	0	0	0	466	
7	0	0	0	0	465	
8	0	0	0	0	466	
9	0	0	0	0	467	
10	0	0	0	0	469	
11	0	0	0	0	471	
12	0	0	0	0	470	
13	0	0	0	0	472	
14	0	0	0	0	474	
15	0	0	0	0	475	
0	0	0	0	0	477	
1	0	0	0	0	478	
2	0	0	0	0	479	
3	0	0	0	0	480	
4	0	0	0	0	479	
5	0	0	0	0	480	
6	0	0	0	0	479	
7	0	0	0	0	480	
8	0	0	0	0	481	
9	0	0	0	0	483	
10	0	0	0	0	485	
11	0	0	0	0	486	
12	0	0	0	0	487	
13	0	0	0	0	489	
14	0	0	0	0	489	
15	0	0	0	0	490	
0	0	0	0	0	489	
1	0	0	0	0	489	
2	0	0	0	0	489	
3	0	0	0	0	490	
4	0	0	0	0	490	
5	0	0	0	0	490	
6	0	0	0	0	490	
7	0	0	0	0	492	
8	0	0	0	0	492	
9	0	0	0	0	492	
10	0	0	0	0	492	
11	0	0	0	0	494	
12	0	0	0	0	495	
13	0	0	0	0	495	
14	0	0	0	0	496	
15	0	0	0	0	496	
0	0	0	0	0	498	
1	0	0	0	0	499	
2	0	0	0	0	499	
3	0	0	0	0	499	
4	0	0	0	0	500	
5	0	0	0	0	500	
6	0	0	0	0	499	
7	0	0	0	0	498	
8	0	0	0	0	497	
9	0	0	0	0	497	
10	0	0	0	0	497	
11	0	0	0	0	498	
12	0	0	0	0	499	
13	0	0	0	0	500	
14	0	0	0	0	499	
15	0	0	0	0	502	
0	0	0	0	0	502	
1	0	0	0	0	502	
2	0	0	0	0	503	
3	0	0	0	0	503	
4	0	0	0	0	503	
5	0	0	0	0	503	
6	0	0	0	0	502	
7	0	0	0	0	502	
8	0	0	0	0	501	
9	0	0	0	0	503	
10	0	0	0	0	503	
11	0	0	0	0	503	
12	0	0	0	0	504	
13	0	0	0	0	504	
14	0	0	0	0	504	
15	0	0	0	0	505	
0	0	0	0	0	505	
1	0	0	0	0	508	
2	0	0	0	0	508	
3	0	0	0	0	509	
4	0	0	0	0	508	
5	0	0	0	0	508	
6	0	0	0	0	508	
7	0	0	0	0	508	
8	0	0	0	0	508	
9	0	0	0	0	509	
10	0	0	0	0	510	
11	0	0	0	0	511	
12	0	0	0	0	511	
13	0	0	0	0	512	
14	0	0	0	0	513	
15	0	0	0	0	513	
0	0	0	0	0	513	
1	0	0	0	0	513	
2	0	0	0	0	514	
3	0	0	0	0	514	
4	0	0	0	0	514	
5	0	0	0	0	515	
6	0	0	0	0	516	
7	0	0	0	0	516	
8	0	0	0	0	515	
9	0	0	0	0	515	
10	0	0	0	0	515	
11	0	0	0	0	513	
12	0	0	0	0	514	
13	0	0	0	0	514	
14	0	0	0	0	514	
15	0	0	0	0	515	
0	0	0	0	0	514	
1	0	0	0	0	515	
2	0	0	0	0	515	
3	0	0	0	0	515	
4	0	0	0	0	515	
5	0	0	0	0	514	
6	0	0	0	0	514	
7	0	0	0	0	513	
8	0	0	0	0	511	
9	0	0	0	0	512	
10	0	0	0	0	512	
11	0	0	0	0	512	
12	0	0	0	0	512	
13	0	0	0	0	511	
14	0	0	0	0	510	
15	0	0	0	0	507	
0	0	0	0	0	506	
1	0	0	0	0	508	
2	0	0	0	0	509	
3	0	0	0	0	509	
4	0	0	0	0	510	
5	0	0	0	0	510	
6	0	0	0	0	511	
7	0	0	0	0	510	
8	0	0	0	0	511	
9	0	0	0	0	510	
10	0	0	0	0	509	
11	0	0	0	0	508	
12	0	0	0	0	508	
13	0	0	0	0	507	
14	0	0	0	0	508	
15	0	0	0	0	510	
0	0	0	0	0	512	
1	0	0	0	0	513	
2	0	0	0	0	514	
3	0	0	0	0	515	
4	0	0	0	0	516	
5	0	0	0	0	516	
6	0	0	0	0	516	
7	0	0	0	0	515	
8	0	0	0	0	514	
9	0	0	0	0	514	
10	0	0	0	0	513	
11	0	0	0	0	511	
12	0	0	0	0	510	
13	0	0	0	0	510	
14	0	0	0	0	510	
15	0	0	0	0	509	
0	0	0	0	0	508	
1	0	0	0	0	509	
2	0	0	0	0	508	
3	0	0	0	0	510	
4	0	0	0	0	511	
5	0	0	0	0	512	
6	0	0	0	0	513	
7	0	0	0	0	512	
8	0	0	0	0	513	
9	0	0	0	0	513	
10	0	0	0	0	512	
11	0	0	0	0	512	
12	0	0	0	0	510	
13	0	0	0	0	511	
14	0	0	0	0	511	
15	0	0	0	0	510	
0	0	0	0	0	511	
1	0	0	0	0	512	
2	0	0	0	0	514	
3	0	0	0	0	515	
4	0	0	0	0	514	
5	0	0	0	0	513	
6	0	0	0	0	512	
7	0	0	0	0	510	
8	0	0	0	0	508	
9	0	0	0	0	506	
10	0	0	0	0	505	
11	0	0	0	0	504	
12	0	0	0	0	503	
13	0	0	0	0	503	
14	0	0	0	0	502	
15	0	0	0	0	502	
0	0	0	0	0	502	
1	0	0	0	0	504	
2	0	0	0	0	506	
3	0	0	0	0	507	
4	0	0	0	0	508	
5	0	0	0	0	508	
6	0	0	0	0	509	
7	0	0	0	0	510	
8	0	0	0	0	511	
9	0	0	0	0	512	
10	0	0	0	0	511	
11	0	0	0	0	511	
12	0	0	0	0	511	
13	0	0	0	0	511	
14	0	0	0	0	512	
15	0	0	0	0	511	
0	0	0	0	0	512	
1	0	0	0	0	512	
2	0	0	0	0	511	
3	0	0	0	0	512	
4	0	0	0	0	512	
5	0	0	0	0	514	
6	0	0	0	0	515	
7	0	0	0	0	516	
8	0	0	0	0	516	
9	0	0	0	0	516	
10	0	0	0	0	516	
11	0	0	0	0	516	
12	0	0	0	0	515	
13	0	0	0	0	514	
14	0	0	0	0	512	
15	0	0	0	0	513	
0	0	0	0	0	512	
1	0	0	0	0	512	
2	0	0	0	0	513	
3	0	0	0	0	513	
4	0	0	0	0	514	
5	0	0	0	0	514	
6	0	0	0	0	513	
7	0	0	0	0	514	
8	0	0	0	0	514	
9	0	0	0	0	516	
10	0	0	0	0	518	
11	0	0	0	0	518	
12	0	0	0	0	518	
13	0	0	0	0	516	
14	0	0	0	0	515	
15	0	0	0	0	514	
0	0	0	0	0	512	
1	0	0	0	0	512	
2	0	0	0	0	511	
3	0	0	0	0	512	
4	0	0	0	0	513	
5	0	0	0	0	514	
6	0	0	0	0	516	
7	0	0	0	0	517	
8	0	0	0	0	519	
9	0	0	0	0	519	
10	0	0	0	0	518	
11	0	0	0	0	518	
12	0	0	0	0	518	
13	0	0	0	0	519	
14	0	0	0	0	519	
15	0	0	0	0	519	
0	0	0	0	0	522	
1	0	0	0	0	521	
2	0	0	0	0	523	
3	0	0	0	0	523	
4	0	0	0	0	522	
5	0	0	0	0	521	
6	0	0	0	0	520	
7	0	0	0	0	519	
8	0	0	0	0	519	
9	0	0	0	0	519	
10	0	0	0	0	519	
11	0	0	0	0	518	
12	0	0	0	0	518	
13	0	0	0	0	517	
14	0	0	0	0	517	
15	0	0	0	0	516	
0	0	0	0	0	516	
1	0	0	0	0	516	
2	0	0	0	0	515	
3	0	0	0	0	516	
4	0	0	0	0	517	
5	0	0	0	0	518	
6	0	0	0	0	519	
7	0	0	0	0	519	
8	0	0	0	0	520	
9	0	0	0	0	523	
10	0	0	0	0	524	
11	0	0	0	0	526	
12	0	0	0	0	527	
13	0	0	0	0	530	
14	0	0	0	0	532	
15	0	0	0	0	534	
0	0	0	0	0	538	
1	0	0	0	0	541	
2	0	0	0	0	543	
3	0	0	0	0	545	
4	0	0	0	0	545	
5	0	0	0	0	544	
6	0	0	0	0	543	
7	0	0	0	0	543	
8	0	0	0	0	543	
9	0	0	0	0	542	
10	0	0	0	0	540	
11	0	0	0	0	537	
12	0	0	0	0	534	
13	0	0	0	0	531	
14	0	0	0	0	527	
15	0	0	0	0	524	
0	0	0	0	0	519	
1	0	0	0	0	516	
2	0	0	0	0	517	
3	0	0	0	0	516	
4	0	0	0	0	517	
5	0	0	0	0	519	
6	0	0	0	0	521	
7	0	0	0	0	525	
8	0	0	0	0	527	
9	0	0	0	0	531	
10	0	0	0	0	535	
11	0	0	0	0	536	
12	0	0	0	0	536	
13	0	0	0	0	536	
14	0	0	0	0	537	
15	0	0	0	0	537	
0	0	0	0	0	537	
1	0	0	0	0	538	
2	0	0	0	0	537	
3	0	0	0	0	536	
4	0	0	0	0	535	
5	0	0	0	0	535	
6	0	0	0	0	535	
7	0	0	0	0	534	
8	0	0	0	0	534	
9	0	0	0	0	533	
10	0	0	0	0	530	
11	0	0	0	0	529	
12	0	0	0	0	526	
13	0	0	0	0	523	
14	0	0	0	0	521	
15	0	0	0	0	518	
0	0	0	0	0	516	
1	0	0	0	0	512	
2	0	0	0	0	509	
3	0	0	0	0	506	
4	0	0	0	0	505	
5	0	0	0	0	505	
6	0	0	0	0	505	
7	0	0	0	0	507	
8	0	0	0	0	510	
9	0	0	0	0	511	
10	0	0	0	0	513	
11	0	0	0	0	515	
12	0	0	0	0	516	
13	0	0	0	0	517	
14	0	0	0	0	518	
15	0	0	0	0	518	
0	0	0	0	0	517	
1	0	0	0	0	518	
2	0	0	0	0	517	
3	0	0	0	0	516	
4	0	0	0	0	516	
5	0	0	0	0	515	
6	0	0	0	0	513	
7	0	0	0	0	512	
8	0	0	0	0	512	
9	0	0	0	0	512	
10	0	0	0	0	511	
11	0	0	0	0	511	
12	0	0	0	0	510	
13	0	0	0	0	508	
14	0	0	0	0	506	
15	0	0	0	0	504	
0	0	0	0	0	503	
1	0	0	0	0	503	
2	0	0	0	0	503	
3	0	0	0	0	502	
4	0	0	0	0	501	
5	0	0	0	0	501	
6	0	0	0	0	501	
7	0	0	0	0	500	
8	0	0	0	0	499	
9	0	0	0	0	498	
10	0	0	0	0	499	
11	0	0	0	0	501	
12	0	0	0	0	503	
13	0	0	0	0	504	
14	0	0	0	0	504	
15	0	0	0	0	505	
0	0	0	0	0	505	
1	0	0	0	0	505	
2	0	0	0	0	507	
3	0	0	0	0	506	
4	0	0	0	0	505	
5	0	0	0	0	505	
6	0	0	0	0	505	
7	0	0	0	0	505	
8	0	0	0	0	504	
9	0	0	0	0	506	
10	0	0	0	0	508	
11	0	0	0	0	509	
12	0	0	0	0	511	
13	0	0	0	0	511	
14	0	0	0	0	512	
15	0	0	0	0	511	
0	0	0	0	0	510	
1	0	0	0	0	511	
2	0	0	0	0	511	
3	0	0	0	0	510	
4	0	0	0	0	511	
5	0	0	0	0	515	
6	0	0	0	0	520	
7	0	0	0	0	523	
8	0	0	0	0	527	
9	0	0	0	0	531	
10	0	0	0	0	535	
11	0	0	0	0	537	
12	0	0	0	0	537	
13	0	0	0	0	538	
14	0	0	0	0	540	
15	0	0	0	0	538	
0	0	0	0	0	535	
1	0	0	0	0	530	
2	0	0	0	0	526	
3	0	0	0	0	523	
4	0	0	0	0	521	
5	0	0	0	0	519	
6	0	0	0	0	519	
7	0	0	0	0	520	
8	0	0	0	0	520	
9	0	0	0	0	523	
10	0	0	0	0	528	
11	0	0	0	0	534	
12	0	0	0	0	541	
13	0	0	0	0	548	
14	0	0	0	0	554	
15	0	0	0	0	562	
0	0	0	0	0	570	
1	0	0	0	0	580	
2	0	0	0	0	591	
3	0	0	0	0	605	
4	0	0	0	0	620	
5	0	0	0	0	638	
6	0	0	0	0	656	
7	0	0	0	0	675	
8	0	0	0	0	693	
9	0	0	0	0	713	
10	0	0	0	0	734	
11	0	0	0	0	755	
12	0	0	0	0	779	
13	0	0	0	0	805	
14	0	0	0	0	832	
15	0	0	0	0	859	
0	0	0	0	0	886	
1	0	0	0	0	908	
2	0	0	0	0	926	
3	0	0	0	0	939	
4	0	0	0	0	943	
5	0	0	0	0	944	
6	0	0	0	0	940	
7	0	0	0	0	931	
8	0	0	0	0	919	
9	0	0	0	0	896	
10	0	0	0	0	869	
11	0	0	0	0	836	
12	0	0	0	0	797	
13	0	0	0	0	752	
14	0	0	0	0	705	
15	0	0	0	0	660	
0	0	0	0	0	615	
1	0	0	0	0	569	
2	0	0	0	0	524	
3	0	0	0	0	478	
4	0	0	0	0	436	
5	0	0	0	0	404	
6	0	0	0	0	381	
7	0	0	0	0	367	
8	0	0	0	0	363	
9	0	0	0	0	366	
10	0	0	0	0	373	
11	0	0	0	0	380	
12	0	0	0	0	387	
13	0	0	0	0	392	
14	0	0	0	0	396	
15	0	0	0	0	402	
0	0	0	0	0	408	
1	0	0	0	0	414	
2	0	0	0	0	420	
3	0	0	0	0	428	
4	0	0	0	0	433	
5	0	0	0	0	437	
6	0	0	0	0	441	
7	0	0	0	0	444	
8	0	0	0	0	447	
9	0	0	0	0	451	
10	0	0	0	0	452	
11	0	0	0	0	454	
12	0	0	0	0	454	
13	0	0	0	0	455	
14	0	0	0	0	455	
15	0	0	0	0	455	
0	0	0	0	0	455	
1	0	0	0	0	453	
2	0	0	0	0	452	
3	0	0	0	0	452	
4	0	0	0	0	451	
5	0	0	0	0	451	
6	0	0	0	0	451	
7	0	0	0	0	452	
8	0	0	0	0	452	
9	0	0	0	0	452	
10	0	0	0	0	452	
11	0	0	0	0	453	
12	0	0	0	0	454	
13	0	0	0	0	455	
14	0	0	0	0	456	
15	0	0	0	0	458	
0	0	0	0	0	459	
1	0	0	0	0	460	
2	0	0	0	0	461	
3	0	0	0	0	462	
4	0	0	0	0	461	
5	0	0	0	0	462	
6	0	0	0	0	465	
7	0	0	0	0	466	
8	0	0	0	0	466	
9	0	0	0	0	467	
10	0	0	0	0	467	
11	0	0	0	0	468	
12	0	0	0	0	468	
13	0	0	0	0	469	
14	0	0	0	0	471	
15	0	0	0	0	470	
0	0	0	0	0	471	
1	0	0	0	0	472	
2	0	0	0	0	473	
3	0	0	0	0	475	
4	0	0	0	0	475	
5	0	0	0	0	475	
6	0	0	0	0	476	
7	0	0	0	0	477	
8	0	0	0	0	477	
9	0	0	0	0	478	
10	0	0	0	0	478	
11	0	0	0	0	479	
12	0	0	0	0	479	
13	0	0	0	0	480	
14	0	0	0	0	479	
15	0	0	0	0	480	
0	0	0	0	0	482	
1	0	0	0	0	483	
2	0	0	0	0	484	
3	0	0	0	0	484	
4	0	0	0	0	483	
5	0	0	0	0	481	
6	0	0	0	0	481	
7	0	0	0	0	483	
8	0	0	0	0	484	
9	0	0	0	0	486	
10	0	0	0	0	486	
11	0	0	0	0	486	
12	0	0	0	0	486	
13	0	0	0	0	485	
14	0	0	0	0	485	
15	0	0	0	0	486	
0	0	0	0	0	486	
1	0	0	0	0	487	
2	0	0	0	0	488	
3	0	0	0	0	489	
4	0	0	0	0	489	
5	0	0	0	0	491	
6	0	0	0	0	493	
7	0	0	0	0	494	
8	0	0	0	0	496	
9	0	0	0	0	496	
10	0	0	0	0	496	
11	0	0	0	0	495	
12	0	0	0	0	495	
13	0	0	0	0	495	
14	0	0	0	0	495	
15	0	0	0	0	495	
0	0	0	0	0	497	
1	0	0	0	0	497	
2	0	0	0	0	499	
3	0	0	0	0	499	
4	0	0	0	0	500	
5	0	0	0	0	503	
6	0	0	0	0	502	
7	0	0	0	0	502	
8	0	0	0	0	502	
9	0	0	0	0	501	
10	0	0	0	0	502	
11	0	0	0	0	503	
12	0	0	0	0	504	
13	0	0	0	0	505	
14	0	0	0	0	506	
15	0	0	0	0	508	
0	0	0	0	0	508	
1	0	0	0	0	509	
2	0	0	0	0	510	
3	0	0	0	0	511	
4	0	0	0	0	512	
5	0	0	0	0	512	
6	0	0	0	0	513	
7	0	0	0	0	515	
8	0	0	0	0	516	
9	0	0	0	0	515	
10	0	0	0	0	514	
11	0	0	0	0	513	
12	0	0	0	0	514	
13	0	0	0	0	516	
14	0	0	0	0	518	
15	0	0	0	0	519	
0	0	0	0	0	520	
1	0	0	0	0	521	
2	0	0	0	0	522	
3	0	0	0	0	523	
4	0	0	0	0	523	
5	0	0	0	0	525	
6	0	0	0	0	527	
7	0	0	0	0	527	
8	0	0	0	0	528	
9	0	0	0	0	529	
10	0	0	0	0	529	
11	0	0	0	0	529	
12	0	0	0	0	531	
13	0	0	0	0	532	
14	0	0	0	0	531	
15	0	0	0	0	531	
0	0	0	0	0	530	
1	0	0	0	0	531	
2	0	0	0	0	532	
3	0	0	0	0	533	
4	0	0	0	0	535	
5	0	0	0	0	537	
6	0	0	0	0	538	
7	0	0	0	0	540	
8	0	0	0	0	541	
9	0	0	0	0	543	
10	0	0	0	0	544	
11	0	0	0	0	545	
12	0	0	0	0	547	
13	0	0	0	0	547	
14	0	0	0	0	548	
15	0	0	0	0	547	
0	0	0	0	0	547	
1	0	0	0	0	549	
2	0	0	0	0	551	
3	0	0	0	0	551	
4	0	0	0	0	551	
5	0	0	0	0	553	
6	0	0	0	0	553	
7	0	0	0	0	553	
8	0	0	0	0	556	
9	0	0	0	0	557	
10	0	0	0	0	559	
11	0	0	0	0	560	
12	0	0	0	0	560	
13	0	0	0	0	561	
14	0	0	0	0	563	
15	0	0	0	0	563	
0	0	0	0	0	565	
1	0	0	0	0	565	
2	0	0	0	0	566	
3	0	0	0	0	567	
4	0	0	0	0	568	
5	0	0	0	0	568	
6	0	0	0	0	568	
7	0	0	0	0	568	
8	0	0	0	0	571	
9	0	0	0	0	573	
10	0	0	0	0	573	
11	0	0	0	0	572	
12	0	0	0	0	572	
13	0	0	0	0	572	
14	0	0	0	0	573	
15	0	0	0	0	572	
0	0	0	0	0	572	
1	0	0	0	0	573	
2	0	0	0	0	573	
3	0	0	0	0	573	
4	0	0	0	0	575	
5	0	0	0	0	574	
6	0	0	0	0	574	
7	0	0	0	0	573	
8	0	0	0	0	573	
9	0	0	0	0	575	
10	0	0	0	0	575	
11	0	0	0	0	575	
12	0	0	0	0	575	
13	0	0	0	0	575	
14	0	0	0	0	576	
15	0	0	0	0	576	
0	0	0	0	0	576	
1	0	0	0	0	577	
2	0	0	0	0	576	
3	0	0	0	0	577	
4	0	0	0	0	577	
5	0	0	0	0	579	
6	0	0	0	0	579	
7	0	0	0	0	579	
8	0	0	0	0	579	
9	0	0	0	0	577	
10	0	0	0	0	577	
11	0	0	0	0	578	
12	0	0	0	0	578	
13	0	0	0	0	577	
14	0	0	0	0	575	
15	0	0	0	0	574	
0	0	0	0	0	572	
1	0	0	0	0	570	
2	0	0	0	0	568	
3	0	0	0	0	566	
4	0	0	0	0	564	
5	0	0	0	0	562	
6	0	0	0	0	559	
7	0	0	0	0	556	
8	0	0	0	0	554	
9	0	0	0	0	555	
10	0	0	0	0	553	
11	0	0	0	0	551	
12	0	0	0	0	548	
13	0	0	0	0	544	
14	0	0	0	0	541	
15	0	0	0	0	537	
0	0	0	0	0	534	
1	0	0	0	0	532	
2	0	0	0	0	529	
3	0	0	0	0	527	
4	0	0	0	0	524	
5	0	0	0	0	520	
6	0	0	0	0	518	
7	0	0	0	0	514	
8	0	0	0	0	511	
9	0	0	0	0	509	
10	0	0	0	0	507	
11	0	0	0	0	504	
12	0	0	0	0	499	
13	0	0	0	0	496	
14	0	0	0	0	491	
15	0	0	0	0	487	
0	0	0	0	0	482	
1	0	0	0	0	478	
2	0	0	0	0	476	
3	0	0	0	0	474	
4	0	0	0	0	473	
5	0	0	0	0	472	
6	0	0	0	0	471	
7	0	0	0	0	470	
8	0	0	0	0	469	
9	0	0	0	0	467	
10	0	0	0	0	463	
11	0	0	0	0	460	
12	0	0	0	0	457	
13	0	0	0	0	455	
14	0	0	0	0	454	
15	0	0	0	0	452	
0	0	0	0	0	449	
1	0	0	0	0	446	
2	0	0	0	0	444	
3	0	0	0	0	442	
4	0	0	0	0	441	
5	0	0	0	0	439	
6	0	0	0	0	437	
7	0	0	0	0	437	
8	0	0	0	0	437	
9	0	0	0	0	437	
10	0	0	0	0	435	
11	0	0	0	0	435	
12	0	0	0	0	434	
13	0	0	0	0	434	
14	0	0	0	0	435	
15	0	0	0	0	434	
0	0	0	0	0	434	
1	0	0	0	0	434	
2	0	0	0	0	432	
3	0	0	0	0	430	
4	0	0	0	0	429	
5	0	0	0	0	431	
6	0	0	0	0	431	
7	0	0	0	0	431	
8	0	0	0	0	432	
9	0	0	0	0	433	
10	0	0	0	0	434	
11	0	0	0	0	434	
12	0	0	0	0	433	
13	0	0	0	0	434	
14	0	0	0	0	435	
15	0	0	0	0	435	
0	0	0	0	0	436	
1	0	0	0	0	436	
2	0	0	0	0	437	
3	0	0	0	0	437	
4	0	0	0	0	438	
5	0	0	0	0	439	
6	0	0	0	0	439	
7	0	0	0	0	440	
8	0	0	0	0	440	
9	0	0	0	0	442	
10	0	0	0	0	444	
11	0	0	0	0	445	
12	0	0	0	0	446	
13	0	0	0	0	447	
14	0	0	0	0	447	
15	0	0	0	0	448	
0	0	0	0	0	448	
1	0	0	0	0	449	
2	0	0	0	0	449	
3	0	0	0	0	449	
4	0	0	0	0	449	
5	0	0	0	0	450	
6	0	0	0	0	451	
7	0	0	0	0	453	
8	0	0	0	0	455	
9	0	0	0	0	458	
10	0	0	0	0	461	
11	0	0	0	0	462	
12	0	0	0	0	460	
13	0	0	0	0	462	
14	0	0	0	0	463	
15	0	0	0	0	463	
0	0	0	0	0	464	
1	0	0	0	0	464	
2	0	0	0	0	464	
3	0	0	0	0	463	
4	0	0	0	0	462	
5	0	0	0	0	463	
6	0	0	0	0	464	
7	0	0	0	0	466	
8	0	0	0	0	466	
9	0	0	0	0	467	
10	0	0	0	0	471	
11	0	0	0	0	473	
12	0	0	0	0	473	
13	0	0	0	0	475	
14	0	0	0	0	476	
15	0	0	0	0	479	
0	0	0	0	0	479	
1	0	0	0	0	480	
2	0	0	0	0	480	
3	0	0	0	0	480	
4	0	0	0	0	479	
5	0	0	0	0	477	
6	0	0	0	0	477	
7	0	0	0	0	477	
8	0	0	0	0	476	
9	0	0	0	0	477	
10	0	0	0	0	476	
11	0	0	0	0	476	
12	0	0	0	0	477	
13	0	0	0	0	478	
14	0	0	0	0	480	
15	0	0	0	0	480	
0	0	0	0	0	481	
1	0	0	0	0	482	
2	0	0	0	0	483	
3	0	0	0	0	485	
4	0	0	0	0	486	
5	0	0	0	0	487	
6	0	0	0	0	489	
7	0	0	0	0	492	
8	0	0	0	0	494	
9	0	0	0	0	494	
10	0	0	0	0	496	
11	0	0	0	0	495	
12	0	0	0	0	493	
13	0	0	0	0	491	
14	0	0	0	0	492	
15	0	0	0	0	492	
0	0	0	0	0	491	
1	0	0	0	0	492	
2	0	0	0	0	494	
3	0	0	0	0	495	
4	0	0	0	0	497	
5	0	0	0	0	499	
6	0	0	0	0	499	
7	0	0	0	0	499	
8	0	0	0	0	499	
9	0	0	0	0	499	
10	0	0	0	0	501	
11	0	0	0	0	502	
12	0	0	0	0	505	
13	0	0	0	0	505	
14	0	0	0	0	506	
15	0	0	0	0	505	
0	0	0	0	0	505	
1	0	0	0	0	504	
2	0	0	0	0	505	
3	0	0	0	0	507	
4	0	0	0	0	507	
5	0	0	0	0	505	
6	0	0	0	0	505	
7	0	0	0	0	504	
8	0	0	0	0	503	
9	0	0	0	0	505	
10	0	0	0	0	505	
11	0	0	0	0	505	
12	0	0	0	0	504	
13	0	0	0	0	505	
14	0	0	0	0	504	
15	0	0	0	0	503	
0	0	0	0	0	503	
1	0	0	0	0	503	
2	0	0	0	0	505	
3	0	0	0	0	506	
4	0	0	0	0	506	
5	0	0	0	0	505	
6	0	0	0	0	505	
7	0	0	0	0	506	
8	0	0	0	0	507	
9	0	0	0	0	506	
10	0	0	0	0	507	
11	0	0	0	0	506	
12	0	0	0	0	507	
13	0	0	0	0	508	
14	0	0	0	0	508	
15	0	0	0	0	508	
0	0	0	0	0	508	
1	0	0	0	0	511	
2	0	0	0	0	512	
3	0	0	0	0	511	
4	0	0	0	0	512	
5	0	0	0	0	512	
6	0	0	0	0	511	
7	0	0	0	0	510	
8	0	0	0	0	510	
9	0	0	0	0	509	
10	0	0	0	0	507	
11	0	0	0	0	506	
12	0	0	0	0	508	
13	0	0	0	0	511	
14	0	0	0	0	513	
15	0	0	0	0	512	
0	0	0	0	0	512	
1	0	0	0	0	514	
2	0	0	0	0	514	
3	0	0	0	0	515	
4	0	0	0	0	515	
5	0	0	0	0	515	
6	0	0	0	0	516	
7	0	0	0	0	517	
8	0	0	0	0	519	
9	0	0	0	0	520	
10	0	0	0	0	522	
11	0	0	0	0	526	
12	0	0	0	0	528	
13	0	0	0	0	528	
14	0	0	0	0	526	
15	0	0	0	0	523	
0	0	0	0	0	521	
1	0	0	0	0	517	
2	0	0	0	0	516	
3	0	0	0	0	515	
4	0	0	0	0	516	
5	0	0	0	0	519	
6	0	0	0	0	519	
7	0	0	0	0	519	
8	0	0	0	0	520	
9	0	0	0	0	521	
10	0	0	0	0	519	
11	0	0	0	0	517	
12	0	0	0	0	516	
13	0	0	0	0	515	
14	0	0	0	0	516	
15	0	0	0	0	515	
0	0	0	0	0	514	
1	0	0	0	0	516	
2	0	0	0	0	519	
3	0	0	0	0	521	
4	0	0	0	0	521	
5	0	0	0	0	522	
6	0	0	0	0	521	
7	0	0	0	0	519	
8	0	0	0	0	519	
9	0	0	0	0	518	
10	0	0	0	0	518	
11	0	0	0	0	519	
12	0	0	0	0	518	
13	0	0	0	0	518	
14	0	0	0	0	514	
15	0	0	0	0	512	
0	0	0	0	0	514	
1	0	0	0	0	516	
2	0	0	0	0	518	
3	0	0	0	0	520	
4	0	0	0	0	522	
5	0	0	0	0	522	
6	0	0	0	0	521	
7	0	0	0	0	522	
8	0	0	0	0	520	
9	0	0	0	0	523	
10	0	0	0	0	524	
11	0	0	0	0	523	
12	0	0	0	0	524	
13	0	0	0	0	525	
14	0	0	0	0	527	
15	0	0	0	0	528	
0	0	0	0	0	528	
1	0	0	0	0	529	
2	0	0	0	0	531	
3	0	0	0	0	529	
4	0	0	0	0	531	
5	0	0	0	0	532	
6	0	0	0	0	533	
7	0	0	0	0	531	
8	0	0	0	0	528	
9	0	0	0	0	528	
10	0	0	0	0	526	
11	0	0	0	0	525	
12	0	0	0	0	525	
13	0	0	0	0	524	
14	0	0	0	0	524	
15	0	0	0	0	522	
0	0	0	0	0	523	
1	0	0	0	0	523	
2	0	0	0	0	522	
3	0	0	0	0	522	
4	0	0	0	0	523	
5	0	0	0	0	524	
6	0	0	0	0	525	
7	0	0	0	0	525	
8	0	0	0	0	526	
9	0	0	0	0	524	
10	0	0	0	0	524	
11	0	0	0	0	524	
12	0	0	0	0	522	
13	0	0	0	0	523	
14	0	0	0	0	526	
15	0	0	0	0	530	
0	0	0	0	0	530	
1	0	0	0	0	529	
2	0	0	0	0	529	
3	0	0	0	0	531	
4	0	0	0	0	530	
5	0	0	0	0	529	
6	0	0	0	0	530	
7	0	0	0	0	530	
8	0	0	0	0	529	
9	0	0	0	0	529	
10	0	0	0	0	529	
11	0	0	0	0	527	
12	0	0	0	0	527	
13	0	0	0	0	523	
14	0	0	0	0	521	
15	0	0	0	0	522	
0	0	0	0	0	522	
1	0	0	0	0	521	
2	0	0	0	0	521	
3	0	0	0	0	523	
4	0	0	0	0	524	
5	0	0	0	0	525	
6	0	0	0	0	526	
7	0	0	0	0	524	
8	0	0	0	0	524	
9	0	0	0	0	525	
10	0	0	0	0	525	
11	0	0	0	0	525	
12	0	0	0	0	526	
13	0	0	0	0	529	
14	0	0	0	0	529	
15	0	0	0	0	529	
0	0	0	0	0	528	
1	0	0	0	0	529	
2	0	0	0	0	528	
3	0	0	0	0	527	
4	0	0	0	0	524	
5	0	0	0	0	526	
6	0	0	0	0	526	
7	0	0	0	0	527	
8	0	0	0	0	530	
9	0	0	0	0	531	
10	0	0	0	0	532	
11	0	0	0	0	528	
12	0	0	0	0	527	
13	0	0	0	0	528	
14	0	0	0	0	527	
15	0	0	0	0	526	
0	0	0	0	0	524	
1	0	0	0	0	524	
2	0	0	0	0	524	
3	0	0	0	0	520	
4	0	0	0	0	522	
5	0	0	0	0	524	
6	0	0	0	0	526	
7	0	0	0	0	527	
8	0	0	0	0	523	
9	0	0	0	0	520	
10	0	0	0	0	517	
11	0	0	0	0	516	
12	0	0	0	0	517	
13	0	0	0	0	518	
14	0	0	0	0	518	
15	0	0	0	0	516	
0	0	0	0	0	516	
1	0	0	0	0	515	
2	0	0	0	0	513	
3	0	0	0	0	514	
4	0	0	0	0	515	
5	0	0	0	0	516	
6	0	0	0	0	516	
7	0	0	0	0	515	
8	0	0	0	0	516	
9	0	0	0	0	517	
10	0	0	0	0	518	
11	0	0	0	0	519	
12	0	0	0	0	518	
13	0	0	0	0	520	
14	0	0	0	0	519	
15	0	0	0	0	520	
0	0	0	0	0	519	
1	0	0	0	0	515	
2	0	0	0	0	516	
3	0	0	0	0	516	
4	0	0	0	0	516	
5	0	0	0	0	515	
6	0	0	0	0	514	
7	0	0	0	0	515	
8	0	0	0	0	515	
9	0	0	0	0	515	
10	0	0	0	0	515	
11	0	0	0	0	515	
12	0	0	0	0	516	
13	0	0	0	0	517	
14	0	0	0	0	517	
15	0	0	0	0	519	
0	0	0	0	0	521	
1	0	0	0	0	521	
2	0	0	0	0	523	
3	0	0	0	0	524	
4	0	0	0	0	523	
5	0	0	0	0	524	
6	0	0	0	0	526	
7	0	0	0	0	527	
8	0	0	0	0	528	
9	0	0	0	0	532	
10	0	0	0	0	534	
11	0	0	0	0	535	
12	0	0	0	0	532	
13	0	0	0	0	532	
14	0	0	0	0	532	
15	0	0	0	0	529	
0	0	0	0	0	526	
1	0	0	0	0	524	
2	0	0	0	0	524	
3	0	0	0	0	524	
4	0	0	0	0	520	
5	0	0	0	0	519	
6	0	0	0	0	519	
7	0	0	0	0	520	
8	0	0	0	0	523	
9	0	0	0	0	522	
10	0	0	0	0	522	
11	0	0	0	0	525	
12	0	0	0	0	526	
13	0	0	0	0	529	
14	0	0	0	0	530	
15	0	0	0	0	531	
0	0	0	0	0	530	
1	0	0	0	0	530	
2	0	0	0	0	531	
3	0	0	0	0	530	
4	0	0	0	0	528	
5	0	0	0	0	527	
6	0	0	0	0	528	
7	0	0	0	0	528	
8	0	0	0	0	527	
9	0	0	0	0	526	
10	0	0	0	0	524	
11	0	0	0	0	527	
12	0	0	0	0	527	
13	0	0	0	0	527	
14	0	0	0	0	526	
15	0	0	0	0	527	
0	0	0	0	0	528	
1	0	0	0	0	529	
2	0	0	0	0	528	
3	0	0	0	0	526	
4	0	0	0	0	521	
5	0	0	0	0	516	
6	0	0	0	0	512	
7	0	0	0	0	512	
8	0	0	0	0	512	
9	0	0	0	0	510	
10	0	0	0	0	507	
11	0	0	0	0	507	
12	0	0	0	0	507	
13	0	0	0	0	509	
14	0	0	0	0	511	
15	0	0	0	0	510	
0	0	0	0	0	507	
1	0	0	0	0	507	
2	0	0	0	0	507	
3	0	0	0	0	504	
4	0	0	0	0	504	
5	0	0	0	0	505	
6	0	0	0	0	504	
7	0	0	0	0	506	
8	0	0	0	0	508	
9	0	0	0	0	512	
10	0	0	0	0	511	
11	0	0	0	0	511	
12	0	0	0	0	515	
13	0	0	0	0	514	
14	0	0	0	0	511	
15	0	0	0	0	509	
0	0	0	0	0	510	
1	0	0	0	0	512	
2	0	0	0	0	510	
3	0	0	0	0	506	
4	0	0	0	0	501	
5	0	0	0	0	496	
6	0	0	0	0	493	
7	0	0	0	0	492	
8	0	0	0	0	495	
9	0	0	0	0	496	
10	0	0	0	0	492	
11	0	0	0	0	489	
12	0	0	0	0	485	
13	0	0	0	0	485	
14	0	0	0	0	488	
15	0	0	0	0	489	
0	0	0	0	0	491	
1	0	0	0	0	493	
2	0	0	0	0	492	
3	0	0	0	0	489	
4	0	0	0	0	487	
5	0	0	0	0	491	
6	0	0	0	0	491	
7	0	0	0	0	490	
8	0	0	0	0	489	
9	0	0	0	0	489	
10	0	0	0	0	489	
11	0	0	0	0	489	
12	0	0	0	0	491	
13	0	0	0	0	491	
14	0	0	0	0	495	
15	0	0	0	0	499	
0	0	0	0	0	499	
1	0	0	0	0	502	
2	0	0	0	0	501	
3	0	0	0	0	499	
4	0	0	0	0	499	
5	0	0	0	0	498	
6	0	0	0	0	499	
7	0	0	0	0	499	
8	0	0	0	0	499	
9	0	0	0	0	500	
10	0	0	0	0	498	
11	0	0	0	0	497	
12	0	0	0	0	496	
13	0	0	0	0	496	
14	0	0	0	0	496	
15	0	0	0	0	495	
0	0	0	0	0	496	
1	0	0	0	0	496	
2	0	0	0	0	496	
3	0	0	0	0	496	
4	0	0	0	0	495	
5	0	0	0	0	494	
6	0	0	0	0	492	
7	0	0	0	0	490	
8	0	0	0	0	488	
9	0	0	0	0	483	
10	0	0	0	0	480	
11	0	0	0	0	482	
12	0	0	0	0	485	
13	0	0	0	0	487	
14	0	0	0	0	489	
15	0	0	0	0	491	
0	0	0	0	0	495	
1	0	0	0	0	500	
2	0	0	0	0	510	
3	0	0	0	0	515	
4	0	0	0	0	522	
5	0	0	0	0	531	
6	0	0	0	0	541	
7	0	0	0	0	553	
8	0	0	0	0	563	
9	0	0	0	0	569	
10	0	0	0	0	577	
11	0	0	0	0	588	
12	0	0	0	0	604	
13	0	0	0	0	622	
14	0	0	0	0	646	
15	0	0	0	0	668	
0	0	0	0	0	685	
1	0	0	0	0	704	
2	0	0	0	0	725	
3	0	0	0	0	748	
4	0	0	0	0	770	
5	0	0	0	0	794	
6	0	0	0	0	819	
7	0	0	0	0	842	
8	0	0	0	0	861	
9	0	0	0	0	875	
10	0	0	0	0	880	
11	0	0	0	0	880	
12	0	0	0	0	876	
13	0	0	0	0	872	
14	0	0	0	0	860	
15	0	0	0	0	841	
0	0	0	0	0	816	
1	0	0	0	0	786	
2	0	0	0	0	752	
3	0	0	0	0	715	
4	0	0	0	0	673	
5	0	0	0	0	635	
6	0	0	0	0	595	
7	0	0	0	0	554	
8	0	0	0	0	510	
9	0	0	0	0	465	
10	0	0	0	0	427	
11	0	0	0	0	396	
12	0	0	0	0	376	
13	0	0	0	0	361	
14	0	0	0	0	358	
15	0	0	0	0	363	
0	0	0	0	0	372	
1	0	0	0	0	385	
2	0	0	0	0	395	
3	0	0	0	0	401	
4	0	0	0	0	406	
5	0	0	0	0	411	
6	0	0	0	0	415	
7	0	0	0	0	419	
8	0	0	0	0	428	
9	0	0	0	0	436	
10	0	0	0	0	441	
11	0	0	0	0	444	
12	0	0	0	0	447	
13	0	0	0	0	452	
14	0	0	0	0	458	
15	0	0	0	0	459	
0	0	0	0	0	462	
1	0	0	0	0	464	
2	0	0	0	0	465	
3	0	0	0	0	469	
4	0	0	0	0	469	
5	0	0	0	0	471	
6	0	0	0	0	471	
7	0	0	0	0	470	
8	0	0	0	0	470	
9	0	0	0	0	468	
10	0	0	0	0	468	
11	0	0	0	0	468	
12	0	0	0	0	470	
13	0	0	0	0	471	
14	0	0	0	0	469	
15	0	0	0	0	468	
0	0	0	0	0	469	
1	0	0	0	0	472	
2	0	0	0	0	474	
3	0	0	0	0	475	
4	0	0	0	0	476	
5	0	0	0	0	477	
6	0	0	0	0	475	
7	0	0	0	0	475	
8	0	0	0	0	473	
9	0	0	0	0	474	
10	0	0	0	0	475	
11	0	0	0	0	474	
12	0	0	0	0	472	
13	0	0	0	0	469	
14	0	0	0	0	468	
15	0	0	0	0	469	
0	0	0	0	0	469	
1	0	0	0	0	472	
2	0	0	0	0	475	
3	0	0	0	0	476	
4	0	0	0	0	479	
5	0	0	0	0	480	
6	0	0	0	0	482	
7	0	0	0	0	481	
8	0	0	0	0	484	
9	0	0	0	0	486	
10	0	0	0	0	483	
11	0	0	0	0	483	
12	0	0	0	0	481	
13	0	0	0	0	481	
14	0	0	0	0	481	
15	0	0	0	0	483	
0	0	0	0	0	484	
1	0	0	0	0	485	
2	0	0	0	0	487	
3	0	0	0	0	488	
4	0	0	0	0	492	
5	0	0	0	0	497	
6	0	0	0	0	500	
7	0	0	0	0	503	
8	0	0	0	0	500	
9	0	0	0	0	495	
10	0	0	0	0	493	
11	0	0	0	0	492	
12	0	0	0	0	492	
13	0	0	0	0	492	
14	0	0	0	0	492	
15	0	0	0	0	495	
0	0	0	0	0	496	
1	0	0	0	0	497	
2	0	0	0	0	500	
3	0	0	0	0	497	
4	0	0	0	0	495	
5	0	0	0	0	496	
6	0	0	0	0	500	
7	0	0	0	0	501	
8	0	0	0	0	500	
9	0	0	0	0	504	
10	0	0	0	0	503	
11	0	0	0	0	501	
12	0	0	0	0	501	
13	0	0	0	0	503	
14	0	0	0	0	501	
15	0	0	0	0	498	
0	0	0	0	0	501	
1	0	0	0	0	505	
2	0	0	0	0	504	
3	0	0	0	0	500	
4	0	0	0	0	499	
5	0	0	0	0	500	
6	0	0	0	0	501	
7	0	0	0	0	503	
8	0	0	0	0	503	
9	0	0	0	0	502	
10	0	0	0	0	502	
11	0	0	0	0	502	
12	0	0	0	0	504	
13	0	0	0	0	506	
14	0	0	0	0	506	
15	0	0	0	0	507	
0	0	0	0	0	510	
1	0	0	0	0	511	
2	0	0	0	0	516	
3	0	0	0	0	519	
4	0	0	0	0	519	
5	0	0	0	0	520	
6	0	0	0	0	521	
7	0	0	0	0	519	
8	0	0	0	0	518	
9	0	0	0	0	518	
10	0	0	0	0	520	
11	0	0	0	0	524	
12	0	0	0	0	526	
13	0	0	0	0	524	
14	0	0	0	0	523	
15	0	0	0	0	522	
0	0	0	0	0	519	
1	0	0	0	0	519	
2	0	0	0	0	521	
3	0	0	0	0	522	
4	0	0	0	0	523	
5	0	0	0	0	524	
6	0	0	0	0	523	
7	0	0	0	0	524	
8	0	0	0	0	525	
9	0	0	0	0	523	
10	0	0	0	0	523	
11	0	0	0	0	523	
12	0	0	0	0	523	
13	0	0	0	0	527	
14	0	0	0	0	526	
15	0	0	0	0	526	
0	0	0	0	0	528	
1	0	0	0	0	529	
2	0	0	0	0	528	
3	0	0	0	0	528	
4	0	0	0	0	526	
5	0	0	0	0	529	
6	0	0	0	0	534	
7	0	0	0	0	536	
8	0	0	0	0	539	
9	0	0	0	0	542	
10	0	0	0	0	549	
11	0	0	0	0	550	
12	0	0	0	0	548	
13	0	0	0	0	543	
14	0	0	0	0	541	
15	0	0	0	0	540	
0	0	0	0	0	538	
1	0	0	0	0	539	
2	0	0	0	0	539	
3	0	0	0	0	536	
4	0	0	0	0	537	
5	0	0	0	0	537	
6	0	0	0	0	539	
7	0	0	0	0	538	
8	0	0	0	0	536	
9	0	0	0	0	538	
10	0	0	0	0	540	
11	0	0	0	0	541	
12	0	0	0	0	542	
13	0	0	0	0	542	
14	0	0	0	0	541	
15	0	0	0	0	544	
0	0	0	0	0	549	
1	0	0	0	0	552	
2	0	0	0	0	553	
3	0	0	0	0	555	
4	0	0	0	0	556	
5	0	0	0	0	558	
6	0	0	0	0	562	
7	0	0	0	0	565	
8	0	0	0	0	568	
9	0	0	0	0	569	
10	0	0	0	0	572	
11	0	0	0	0	574	
12	0	0	0	0	573	
13	0	0	0	0	572	
14	0	0	0	0	570	
15	0	0	0	0	571	
0	0	0	0	0	570	
1	0	0	0	0	569	
2	0	0	0	0	570	
3	0	0	0	0	570	
4	0	0	0	0	574	
5	0	0	0	0	575	
6	0	0	0	0	576	
7	0	0	0	0	579	
8	0	0	0	0	581	
9	0	0	0	0	584	
10	0	0	0	0	586	
11	0	0	0	0	587	
12	0	0	0	0	589	
13	0	0	0	0	588	
14	0	0	0	0	586	
15	0	0	0	0	584	
0	0	0	0	0	581	
1	0	0	0	0	579	
2	0	0	0	0	575	
3	0	0	0	0	573	
4	0	0	0	0	571	
5	0	0	0	0	572	
6	0	0	0	0	577	
7	0	0	0	0	578	
8	0	0	0	0	578	
9	0	0	0	0	578	
10	0	0	0	0	578	
11	0	0	0	0	583	
12	0	0	0	0	587	
13	0	0	0	0	590	
14	0	0	0	0	587	
15	0	0	0	0	585	
0	0	0	0	0	585	
1	0	0	0	0	583	
2	0	0	0	0	577	
3	0	0	0	0	571	
4	0	0	0	0	565	
5	0	0	0	0	563	
6	0	0	0	0	564	
7	0	0	0	0	565	
8	0	0	0	0	564	
9	0	0	0	0	563	
10	0	0	0	0	562	
11	0	0	0	0	558	
12	0	0	0	0	556	
13	0	0	0	0	551	
14	0	0	0	0	547	
15	0	0	0	0	544	
0	0	0	0	0	542	
1	0	0	0	0	541	
2	0	0	0	0	537	
3	0	0	0	0	531	
4	0	0	0	0	527	
5	0	0	0	0	524	
6	0	0	0	0	524	
7	0	0	0	0	520	
8	0	0	0	0	516	
9	0	0	0	0	515	
10	0	0	0	0	514	
11	0	0	0	0	513	
12	0	0	0	0	512	
13	0	0	0	0	510	
14	0	0	0	0	507	
15	0	0	0	0	503	
0	0	0	0	0	500	
1	0	0	0	0	497	
2	0	0	0	0	494	
3	0	0	0	0	489	
4	0	0	0	0	484	
5	0	0	0	0	483	
6	0	0	0	0	481	
7	0	0	0	0	477	
8	0	0	0	0	476	
9	0	0	0	0	472	
10	0	0	0	0	473	
11	0	0	0	0	472	
12	0	0	0	0	469	
13	0	0	0	0	465	
14	0	0	0	0	463	
15	0	0	0	0	461	
0	0	0	0	0	459	
1	0	0	0	0	457	
2	0	0	0	0	457	
3	0	0	0	0	455	
4	0	0	0	0	453	
5	0	0	0	0	451	
6	0	0	0	0	450	
7	0	0	0	0	448	
8	0	0	0	0	447	
9	0	0	0	0	446	
10	0	0	0	0	446	
11	0	0	0	0	441	
12	0	0	0	0	437	
13	0	0	0	0	435	
14	0	0	0	0	437	
15	0	0	0	0	438	
0	0	0	0	0	436	
1	0	0	0	0	438	
2	0	0	0	0	437	
3	0	0	0	0	439	
4	0	0	0	0	442	
5	0	0	0	0	441	
6	0	0	0	0	440	
7	0	0	0	0	439	
8	0	0	0	0	438	
9	0	0	0	0	440	
10	0	0	0	0	441	
11	0	0	0	0	444	
12	0	0	0	0	444	
13	0	0	0	0	444	
14	0	0	0	0	441	
15	0	0	0	0	439	
0	0	0	0	0	437	
1	0	0	0	0	436	
2	0	0	0	0	439	
3	0	0	0	0	440	
4	0	0	0	0	439	
5	0	0	0	0	438	
6	0	0	0	0	439	
7	0	0	0	0	439	
8	0	0	0	0	441	
9	0	0	0	0	440	
10	0	0	0	0	440	
11	0	0	0	0	440	
12	0	0	0	0	443	
13	0	0	0	0	445	
14	0	0	0	0	446	
15	0	0	0	0	446	
0	0	0	0	0	444	
1	0	0	0	0	443	
2	0	0	0	0	444	
3	0	0	0	0	447	
4	0	0	0	0	450	
5	0	0	0	0	451	
6	0	0	0	0	452	
7	0	0	0	0	453	
8	0	0	0	0	453	
9	0	0	0	0	451	
10	0	0	0	0	448	
11	0	0	0	0	447	
12	0	0	0	0	448	
13	0	0	0	0	452	
14	0	0	0	0	455	
15	0	0	0	0	457	
0	0	0	0	0	460	
1	0	0	0	0	460	
2	0	0	0	0	461	
3	0	0	0	0	464	
4	0	0	0	0	465	
5	0	0	0	0	468	
6	0	0	0	0	467	
7	0	0	0	0	465	
8	0	0	0	0	464	
9	0	0	0	0	461	
10	0	0	0	0	461	
11	0	0	0	0	459	
12	0	0	0	0	457	
13	0	0	0	0	459	
14	0	0	0	0	462	
15	0	0	0	0	464	
0	0	0	0	0	466	
1	0	0	0	0	467	
2	0	0	0	0	467	
3	0	0	0	0	465	
4	0	0	0	0	468	
5	0	0	0	0	471	
6	0	0	0	0	470	
7	0	0	0	0	471	
8	0	0	0	0	472	
9	0	0	0	0	473	
10	0	0	0	0	477	
11	0	0	0	0	481	
12	0	0	0	0	482	
13	0	0	0	0	483	
14	0	0	0	0	483	
15	0	0	0	0	485	
0	0	0	0	0	487	
1	0	0	0	0	488	
2	0	0	0	0	487	
3	0	0	0	0	488	
4	0	0	0	0	490	
5	0	0	0	0	490	
6	0	0	0	0	487	
7	0	0	0	0	487	
8	0	0	0	0	488	
9	0	0	0	0	487	
10	0	0	0	0	488	
11	0	0	0	0	488	
12	0	0	0	0	486	
13	0	0	0	0	485	
14	0	0	0	0	486	
15	0	0	0	0	484	
0	0	0	0	0	484	
1	0	0	0	0	485	
2	0	0	0	0	485	
3	0	0	0	0	488	
4	0	0	0	0	492	
5	0	0	0	0	496	
6	0	0	0	0	494	
7	0	0	0	0	494	
8	0	0	0	0	494	
9	0	0	0	0	495	
10	0	0	0	0	499	
11	0	0	0	0	499	
12	0	0	0	0	499	
13	0	0	0	0	500	
14	0	0	0	0	500	
15	0	0	0	0	498	
0	0	0	0	0	495	
1	0	0	0	0	497	
2	0	0	0	0	498	
3	0	0	0	0	498	
4	0	0	0	0	499	
5	0	0	0	0	499	
6	0	0	0	0	503	
7	0	0	0	0	504	
8	0	0	0	0	506	
9	0	0	0	0	508	
10	0	0	0	0	507	
11	0	0	0	0	507	
12	0	0	0	0	506	
13	0	0	0	0	504	
14	0	0	0	0	507	
15	0	0	0	0	511	
0	0	0	0	0	510	
1	0	0	0	0	510	
2	0	0	0	0	509	
3	0	0	0	0	508	
4	0	0	0	0	506	
5	0	0	0	0	506	
6	0	0	0	0	505	
7	0	0	0	0	507	
8	0	0	0	0	509	
9	0	0	0	0	507	
10	0	0	0	0	506	
11	0	0	0	0	506	
12	0	0	0	0	506	
13	0	0	0	0	509	
14	0	0	0	0	510	
15	0	0	0	0	512	
0	0	0	0	0	513	
1	0	0	0	0	516	
2	0	0	0	0	516	
3	0	0	0	0	516	
4	0	0	0	0	516	
5	0	0	0	0	517	
6	0	0	0	0	519	
7	0	0	0	0	519	
8	0	0	0	0	515	
9	0	0	0	0	515	
10	0	0	0	0	519	
11	0	0	0	0	519	
12	0	0	0	0	515	
13	0	0	0	0	512	
14	0	0	0	0	513	
15	0	0	0	0	512	
0	0	0	0	0	510	
1	0	0	0	0	510	
2	0	0	0	0	508	
3	0	0	0	0	511	
4	0	0	0	0	512	
5	0	0	0	0	511	
6	0	0	0	0	509	
7	0	0	0	0	508	
8	0	0	0	0	511	
9	0	0	0	0	514	
10	0	0	0	0	518	
11	0	0	0	0	518	
12	0	0	0	0	514	
13	0	0	0	0	517	
14	0	0	0	0	519	
15	0	0	0	0	515	
0	0	0	0	0	516	
1	0	0	0	0	516	
2	0	0	0	0	517	
3	0	0	0	0	519	
4	0	0	0	0	521	
5	0	0	0	0	520	
6	0	0	0	0	519	
7	0	0	0	0	519	
8	0	0	0	0	517	
9	0	0	0	0	515	
10	0	0	0	0	516	
11	0	0	0	0	518	
12	0	0	0	0	516	
13	0	0	0	0	513	
14	0	0	0	0	510	
15	0	0	0	0	512	
0	0	0	0	0	511	
1	0	0	0	0	511	
2	0	0	0	0	513	
3	0	0	0	0	515	
4	0	0	0	0	516	
5	0	0	0	0	513	
6	0	0	0	0	515	
7	0	0	0	0	519	
8	0	0	0	0	521	
9	0	0	0	0	523	
10	0	0	0	0	521	
11	0	0	0	0	520	
12	0	0	0	0	519	
13	0	0	0	0	518	
14	0	0	0	0	518	
15	0	0	0	0	516	
0	0	0	0	0	513	
1	0	0	0	0	512	
2	0	0	0	0	511	
3	0	0	0	0	511	
4	0	0	0	0	511	
5	0	0	0	0	511	
6	0	0	0	0	513	
7	0	0	0	0	516	
8	0	0	0	0	518	
9	0	0	0	0	516	
10	0	0	0	0	516	
11	0	0	0	0	515	
12	0	0	0	0	514	
13	0	0	0	0	515	
14	0	0	0	0	516	
15	0	0	0	0	519	
0	0	0	0	0	519	
1	0	0	0	0	518	
2	0	0	0	0	519	
3	0	0	0	0	520	
4	0	0	0	0	520	
5	0	0	0	0	519	
6	0	0	0	0	519	
7	0	0	0	0	521	
8	0	0	0	0	521	
9	0	0	0	0	519	
10	0	0	0	0	516	
11	0	0	0	0	515	
12	0	0	0	0	518	
13	0	0	0	0	518	
14	0	0	0	0	515	
15	0	0	0	0	514	
0	0	0	0	0	512	
1	0	0	0	0	513	
2	0	0	0	0	512	
3	0	0	0	0	512	
4	0	0	0	0	516	
5	0	0	0	0	517	
6	0	0	0	0	518	
7	0	0	0	0	518	
8	0	0	0	0	521	
9	0	0	0	0	521	
10	0	0	0	0	518	
11	0	0	0	0	516	
12	0	0	0	0	516	
13	0	0	0	0	518	
14	0	0	0	0	518	
15	0	0	0	0	516	
0	0	0	0	0	517	
1	0	0	0	0	518	
2	0	0	0	0	519	
3	0	0	0	0	518	
4	0	0	0	0	519	
5	0	0	0	0	520	
6	0	0	0	0	522	
7	0	0	0	0	524	
8	0	0	0	0	522	
9	0	0	0	0	524	
10	0	0	0	0	525	
11	0	0	0	0	524	
12	0	0	0	0	524	
13	0	0	0	0	525	
14	0	0	0	0	526	
15	0	0	0	0	526	
0	0	0	0	0	527	
1	0	0	0	0	528	
2	0	0	0	0	527	
3	0	0	0	0	526	
4	0	0	0	0	527	
5	0	0	0	0	528	
6	0	0	0	0	528	
7	0	0	0	0	527	
8	0	0	0	0	526	
9	0	0	0	0	526	
10	0	0	0	0	526	
11	0	0	0	0	528	
12	0	0	0	0	527	
13	0	0	0	0	524	
14	0	0	0	0	521	
15	0	0	0	0	516	
0	0	0	0	0	514	
1	0	0	0	0	512	
2	0	0	0	0	512	
3	0	0	0	0	512	
4	0	0	0	0	512	
5	0	0	0	0	513	
6	0	0	0	0	517	
7	0	0	0	0	521	
8	0	0	0	0	526	
9	0	0	0	0	527	
10	0	0	0	0	529	
11	0	0	0	0	530	
12	0	0	0	0	530	
13	0	0	0	0	531	
14	0	0	0	0	532	
15	0	0	0	0	531	
0	0	0	0	0	529	
1	0	0	0	0	527	
2	0	0	0	0	524	
3	0	0	0	0	524	
4	0	0	0	0	528	
5	0	0	0	0	528	
6	0	0	0	0	522	
7	0	0	0	0	523	
8	0	0	0	0	522	
9	0	0	0	0	521	
10	0	0	0	0	524	
11	0	0	0	0	525	
12	0	0	0	0	529	
13	0	0	0	0	529	
14	0	0	0	0	530	
15	0	0	0	0	529	
0	0	0	0	0	526	
1	0	0	0	0	524	
2	0	0	0	0	522	
3	0	0	0	0	520	
4	0	0	0	0	517	
5	0	0	0	0	513	
6	0	0	0	0	511	
7	0	0	0	0	511	
8	0	0	0	0	511	
9	0	0	0	0	512	
10	0	0	0	0	512	
11	0	0	0	0	516	
12	0	0	0	0	516	
13	0	0	0	0	518	
14	0	0	0	0	519	
15	0	0	0	0	518	
0	0	0	0	0	520	
1	0	0	0	0	526	
2	0	0	0	0	526	
3	0	0	0	0	524	
4	0	0	0	0	520	
5	0	0	0	0	518	
6	0	0	0	0	519	
7	0	0	0	0	523	
8	0	0	0	0	525	
9	0	0	0	0	525	
10	0	0	0	0	525	
11	0	0	0	0	521	
12	0	0	0	0	519	
13	0	0	0	0	515	
14	0	0	0	0	515	
15	0	0	0	0	513	
0	0	0	0	0	512	
1	0	0	0	0	512	
2	0	0	0	0	508	
3	0	0	0	0	505	
4	0	0	0	0	504	
5	0	0	0	0	503	
6	0	0	0	0	503	
7	0	0	0	0	505	
8	0	0	0	0	506	
9	0	0	0	0	507	
10	0	0	0	0	509	
11	0	0	0	0	512	
12	0	0	0	0	515	
13	0	0	0	0	517	
14	0	0	0	0	518	
15	0	0	0	0	517	
0	0	0	0	0	514	
1	0	0	0	0	512	
2	0	0	0	0	510	
3	0	0	0	0	508	
4	0	0	0	0	505	
5	0	0	0	0	504	
6	0	0	0	0	504	
7	0	0	0	0	506	
8	0	0	0	0	509	
9	0	0	0	0	510	
10	0	0	0	0	512	
11	0	0	0	0	516	
12	0	0	0	0	518	
13	0	0	0	0	519	
14	0	0	0	0	519	
15	0	0	0	0	520	
0	0	0	0	0	518	
1	0	0	0	0	515	
2	0	0	0	0	514	
3	0	0	0	0	512	
4	0	0	0	0	512	
5	0	0	0	0	512	
6	0	0	0	0	512	
7	0	0	0	0	511	
8	0	0	0	0	508	
9	0	0	0	0	509	
10	0	0	0	0	511	
11	0	0	0	0	513	
12	0	0	0	0	516	
13	0	0	0	0	518	
14	0	0	0	0	516	
15	0	0	0	0	515	
0	0	0	0	0	514	
1	0	0	0	0	514	
2	0	0	0	0	513	
3	0	0	0	0	513	
4	0	0	0	0	511	
5	0	0	0	0	507	
6	0	0	0	0	509	
7	0	0	0	0	509	
8	0	0	0	0	507	
9	0	0	0	0	507	
10	0	0	0	0	507	
11	0	0	0	0	509	
12	0	0	0	0	514	
13	0	0	0	0	519	
14	0	0	0	0	523	
15	0	0	0	0	529	
0	0	0	0	0	537	
1	0	0	0	0	544	
2	0	0	0	0	550	
3	0	0	0	0	559	
4	0	0	0	0	568	
5	0	0	0	0	579	
6	0	0	0	0	592	
7	0	0	0	0	603	
8	0	0	0	0	614	
9	0	0	0	0	627	
10	0	0	0	0	644	
11	0	0	0	0	661	
12	0	0	0	0	683	
13	0	0	0	0	702	
14	0	0	0	0	721	
15	0	0	0	0	742	
0	0	0	0	0	761	
1	0	0	0	0	782	
2	0	0	0	0	803	
3	0	0	0	0	822	
4	0	0	0	0	839	
5	0	0	0	0	851	
6	0	0	0	0	861	
7	0	0	0	0	863	
8	0	0	0	0	858	
9	0	0	0	0	851	
10	0	0	0	0	836	
11	0	0	0	0	820	
12	0	0	0	0	796	
13	0	0	0	0	768	
14	0	0	0	0	739	
15	0	0	0	0	705	
0	0	0	0	0	672	
1	0	0	0	0	636	
2	0	0	0	0	597	
3	0	0	0	0	555	
4	0	0	0	0	512	
5	0	0	0	0	477	
6	0	0	0	0	443	
7	0	0	0	0	416	
8	0	0	0	0	399	
9	0	0	0	0	387	
10	0	0	0	0	382	
11	0	0	0	0	384	
12	0	0	0	0	388	
13	0	0	0	0	395	
14	0	0	0	0	399	
15	0	0	0	0	405	
0	0	0	0	0	412	
1	0	0	0	0	423	
2	0	0	0	0	431	
3	0	0	0	0	434	
4	0	0	0	0	440	
5	0	0	0	0	446	
6	0	0	0	0	456	
7	0	0	0	0	462	
8	0	0	0	0	464	
9	0	0	0	0	467	
10	0	0	0	0	468	
11	0	0	0	0	471	
12	0	0	0	0	472	
13	0	0	0	0	471	
14	0	0	0	0	470	
15	0	0	0	0	467	
0	0	0	0	0	468	
1	0	0	0	0	469	
2	0	0	0	0	470	
3	0	0	0	0	475	
4	0	0	0	0	477	
5	0	0	0	0	477	
6	0	0	0	0	476	
7	0	0	0	0	473	
8	0	0	0	0	468	
9	0	0	0	0	465	
10	0	0	0	0	464	
11	0	0	0	0	464	
12	0	0	0	0	464	
13	0	0	0	0	464	
14	0	0	0	0	464	
15	0	0	0	0	463	
0	0	0	0	0	465	
1	0	0	0	0	466	
2	0	0	0	0	466	
3	0	0	0	0	466	
4	0	0	0	0	465	
5	0	0	0	0	465	
6	0	0	0	0	464	
7	0	0	0	0	464	
8	0	0	0	0	464	
9	0	0	0	0	469	
10	0	0	0	0	472	
11	0	0	0	0	470	
12	0	0	0	0	471	
13	0	0	0	0	473	
14	0	0	0	0	475	
15	0	0	0	0	477	
0	0	0	0	0	478	
1	0	0	0	0	479	
2	0	0	0	0	481	
3	0	0	0	0	484	
4	0	0	0	0	486	
5	0	0	0	0	487	
6	0	0	0	0	489	
7	0	0	0	0	491	
8	0	0	0	0	489	
9	0	0	0	0	487	
10	0	0	0	0	483	
11	0	0	0	0	482	
12	0	0	0	0	484	
13	0	0	0	0	484	
14	0	0	0	0	487	
15	0	0	0	0	490	
0	0	0	0	0	492	
1	0	0	0	0	494	
2	0	0	0	0	497	
3	0	0	0	0	500	
4	0	0	0	0	500	
5	0	0	0	0	500	
6	0	0	0	0	499	
7	0	0	0	0	499	
8	0	0	0	0	499	
9	0	0	0	0	502	
10	0	0	0	0	503	
11	0	0	0	0	504	
12	0	0	0	0	503	
13	0	0	0	0	503	
14	0	0	0	0	503	
15	0	0	0	0	504	
0	0	0	0	0	505	
1	0	0	0	0	505	
2	0	0	0	0	506	
3	0	0	0	0	505	
4	0	0	0	0	506	
5	0	0	0	0	506	
6	0	0	0	0	507	
7	0	0	0	0	507	
8	0	0	0	0	506	
9	0	0	0	0	507	
10	0	0	0	0	507	
11	0	0	0	0	506	
12	0	0	0	0	507	
13	0	0	0	0	508	
14	0	0	0	0	509	
15	0	0	0	0	511	
0	0	0	0	0	511	
1	0	0	0	0	513	
2	0	0	0	0	515	
3	0	0	0	0	519	
4	0	0	0	0	520	
5	0	0	0	0	519	
6	0	0	0	0	519	
7	0	0	0	0	519	
8	0	0	0	0	519	
9	0	0	0	0	520	
10	0	0	0	0	519	
11	0	0	0	0	518	
12	0	0	0	0	517	
13	0	0	0	0	517	
14	0	0	0	0	518	
15	0	0	0	0	519	
0	0	0	0	0	523	
1	0	0	0	0	524	
2	0	0	0	0	523	
3	0	0	0	0	521	
4	0	0	0	0	519	
5	0	0	0	0	521	
6	0	0	0	0	521	
7	0	0	0	0	520	
8	0	0	0	0	517	
9	0	0	0	0	518	
10	0	0	0	0	520	
11	0	0	0	0	520	
12	0	0	0	0	520	
13	0	0	0	0	522	
14	0	0	0	0	523	
15	0	0	0	0	525	
0	0	0	0	0	525	
1	0	0	0	0	526	
2	0	0	0	0	526	
3	0	0	0	0	529	
4	0	0	0	0	531	
5	0	0	0	0	533	
6	0	0	0	0	534	
7	0	0	0	0	535	
8	0	0	0	0	536	
9	0	0	0	0	536	
10	0	0	0	0	536	
11	0	0	0	0	536	
12	0	0	0	0	534	
13	0	0	0	0	533	
14	0	0	0	0	534	
15	0	0	0	0	534	
0	0	0	0	0	536	
1	0	0	0	0	537	
2	0	0	0	0	537	
3	0	0	0	0	538	
4	0	0	0	0	539	
5	0	0	0	0	541	
6	0	0	0	0	542	
7	0	0	0	0	543	
8	0	0	0	0	547	
9	0	0	0	0	547	
10	0	0	0	0	547	
11	0	0	0	0	545	
12	0	0	0	0	543	
13	0	0	0	0	543	
14	0	0	0	0	543	
15	0	0	0	0	543	
0	0	0	0	0	544	
1	0	0	0	0	546	
2	0	0	0	0	550	
3	0	0	0	0	551	
4	0	0	0	0	552	
5	0	0	0	0	553	
6	0	0	0	0	553	
7	0	0	0	0	556	
8	0	0	0	0	556	
9	0	0	0	0	556	
10	0	0	0	0	557	
11	0	0	0	0	556	
12	0	0	0	0	558	
13	0	0	0	0	558	
14	0	0	0	0	559	
15	0	0	0	0	559	
0	0	0	0	0	559	
1	0	0	0	0	560	
2	0	0	0	0	559	
3	0	0	0	0	559	
4	0	0	0	0	560	
5	0	0	0	0	561	
6	0	0	0	0	563	
7	0	0	0	0	564	
8	0	0	0	0	566	
9	0	0	0	0	568	
10	0	0	0	0	570	
11	0	0	0	0	573	
12	0	0	0	0	574	
13	0	0	0	0	574	
14	0	0	0	0	574	
15	0	0	0	0	572	
0	0	0	0	0	574	
1	0	0	0	0	571	
2	0	0	0	0	568	
3	0	0	0	0	569	
4	0	0	0	0	571	
5	0	0	0	0	573	
6	0	0	0	0	575	
7	0	0	0	0	577	
8	0	0	0	0	577	
9	0	0	0	0	576	
10	0	0	0	0	578	
11	0	0	0	0	579	
12	0	0	0	0	580	
13	0	0	0	0	579	
14	0	0	0	0	575	
15	0	0	0	0	572	
0	0	0	0	0	568	
1	0	0	0	0	566	
2	0	0	0	0	563	
3	0	0	0	0	561	
4	0	0	0	0	562	
5	0	0	0	0	561	
6	0	0	0	0	561	
7	0	0	0	0	563	
8	0	0	0	0	562	
9	0	0	0	0	563	
10	0	0	0	0	562	
11	0	0	0	0	563	
12	0	0	0	0	564	
13	0	0	0	0	562	
14	0	0	0	0	559	
15	0	0	0	0	558	
0	0	0	0	0	558	
1	0	0	0	0	556	
2	0	0	0	0	552	
3	0	0	0	0	549	
4	0	0	0	0	547	
5	0	0	0	0	545	
6	0	0	0	0	542	
7	0	0	0	0	543	
8	0	0	0	0	543	
9	0	0	0	0	537	
10	0	0	0	0	530	
11	0	0	0	0	528	
12	0	0	0	0	528	
13	0	0	0	0	528	
14	0	0	0	0	525	
15	0	0	0	0	520	
0	0	0	0	0	515	
1	0	0	0	0	510	
2	0	0	0	0	506	
3	0	0	0	0	504	
4	0	0	0	0	504	
5	0	0	0	0	502	
6	0	0	0	0	499	
7	0	0	0	0	499	
8	0	0	0	0	496	
9	0	0	0	0	494	
10	0	0	0	0	492	
11	0	0	0	0	489	
12	0	0	0	0	488	
13	0	0	0	0	486	
14	0	0	0	0	481	
15	0	0	0	0	475	
0	0	0	0	0	472	
1	0	0	0	0	472	
2	0	0	0	0	469	
3	0	0	0	0	467	
4	0	0	0	0	464	
5	0	0	0	0	463	
6	0	0	0	0	462	
7	0	0	0	0	460	
8	0	0	0	0	460	
9	0	0	0	0	460	
10	0	0	0	0	460	
11	0	0	0	0	458	
12	0	0	0	0	456	
13	0	0	0	0	456	
14	0	0	0	0	454	
15	0	0	0	0	452	
0	0	0	0	0	451	
1	0	0	0	0	450	
2	0	0	0	0	450	
3	0	0	0	0	447	
4	0	0	0	0	444	
5	0	0	0	0	442	
6	0	0	0	0	441	
7	0	0	0	0	442	
8	0	0	0	0	443	
9	0	0	0	0	444	
10	0	0	0	0	445	
11	0	0	0	0	445	
12	0	0	0	0	445	
13	0	0	0	0	443	
14	0	0	0	0	442	
15	0	0	0	0	441	
0	0	0	0	0	439	
1	0	0	0	0	439	
2	0	0	0	0	437	
3	0	0	0	0	435	
4	0	0	0	0	434	
5	0	0	0	0	433	
6	0	0	0	0	434	
7	0	0	0	0	434	
8	0	0	0	0	436	
9	0	0	0	0	440	
10	0	0	0	0	440	
11	0	0	0	0	438	
12	0	0	0	0	435	
13	0	0	0	0	435	
14	0	0	0	0	436	
15	0	0	0	0	438	
0	0	0	0	0	439	
1	0	0	0	0	441	
2	0	0	0	0	441	
3	0	0	0	0	443	
4	0	0	0	0	444	
5	0	0	0	0	445	
6	0	0	0	0	445	
7	0	0	0	0	446	
8	0	0	0	0	445	
9	0	0	0	0	445	
10	0	0	0	0	444	
11	0	0	0	0	444	
12	0	0	0	0	444	
13	0	0	0	0	447	
14	0	0	0	0	449	
15	0	0	0	0	450	
0	0	0	0	0	449	
1	0	0	0	0	450	
2	0	0	0	0	454	
3	0	0	0	0	454	
4	0	0	0	0	451	
5	0	0	0	0	451	
6	0	0	0	0	451	
7	0	0	0	0	452	
8	0	0	0	0	453	
9	0	0	0	0	453	
10	0	0	0	0	456	
11	0	0	0	0	459	
12	0	0	0	0	462	
13	0	0	0	0	462	
14	0	0	0	0	461	
15	0	0	0	0	463	
0	0	0	0	0	463	
1	0	0	0	0	464	
2	0	0	0	0	464	
3	0	0	0	0	467	
4	0	0	0	0	468	
5	0	0	0	0	468	
6	0	0	0	0	467	
7	0	0	0	0	467	
8	0	0	0	0	468	
9	0	0	0	0	467	
10	0	0	0	0	467	
11	0	0	0	0	468	
12	0	0	0	0	469	
13	0	0	0	0	472	
14	0	0	0	0	473	
15	0	0	0	0	473	
0	0	0	0	0	473	
1	0	0	0	0	472	
2	0	0	0	0	472	
3	0	0	0	0	473	
4	0	0	0	0	475	
5	0	0	0	0	474	
6	0	0	0	0	474	
7	0	0	0	0	475	
8	0	0	0	0	475	
9	0	0	0	0	476	
10	0	0	0	0	477	
11	0	0	0	0	479	
12	0	0	0	0	482	
13	0	0	0	0	483	
14	0	0	0	0	483	
15	0	0	0	0	484	
0	0	0	0	0	484	
1	0	0	0	0	484	
2	0	0	0	0	484	
3	0	0	0	0	486	
4	0	0	0	0	487	
5	0	0	0	0	487	
6	0	0	0	0	486	
7	0	0	0	0	485	
8	0	0	0	0	483	
9	0	0	0	0	482	
10	0	0	0	0	482	
11	0	0	0	0	484	
12	0	0	0	0	486	
13	0	0	0	0	485	
14	0	0	0	0	487	
15	0	0	0	0	487	
0	0	0	0	0	487	
1	0	0	0	0	488	
2	0	0	0	0	487	
3	0	0	0	0	487	
4	0	0	0	0	488	
5	0	0	0	0	490	
6	0	0	0	0	491	
7	0	0	0	0	491	
8	0	0	0	0	492	
9	0	0	0	0	492	
10	0	0	0	0	492	
11	0	0	0	0	491	
12	0	0	0	0	492	
13	0	0	0	0	492	
14	0	0	0	0	492	
15	0	0	0	0	493	
0	0	0	0	0	495	
1	0	0	0	0	497	
2	0	0	0	0	499	
3	0	0	0	0	499	
4	0	0	0	0	500	
5	0	0	0	0	500	
6	0	0	0	0	499	
7	0	0	0	0	499	
8	0	0	0	0	497	
9	0	0	0	0	497	
10	0	0	0	0	497	
11	0	0	0	0	496	
12	0	0	0	0	496	
13	0	0	0	0	498	
14	0	0	0	0	500	
15	0	0	0	0	501	
0	0	0	0	0	501	
1	0	0	0	0	503	
2	0	0	0	0	504	
3	0	0	0	0	504	
4	0	0	0	0	503	
5	0	0	0	0	503	
6	0	0	0	0	504	
7	0	0	0	0	505	
8	0	0	0	0	507	
9	0	0	0	0	506	
10	0	0	0	0	503	
11	0	0	0	0	502	
12	0	0	0	0	501	
13	0	0	0	0	501	
14	0	0	0	0	502	
15	0	0	0	0	502	
0	0	0	0	0	502	
1	0	0	0	0	503	
2	0	0	0	0	503	
3	0	0	0	0	502	
4	0	0	0	0	500	
5	0	0	0	0	499	
6	0	0	0	0	497	
7	0	0	0	0	498	
8	0	0	0	0	498	
9	0	0	0	0	498	
10	0	0	0	0	498	
11	0	0	0	0	497	
12	0	0	0	0	497	
13	0	0	0	0	498	
14	0	0	0	0	498	
15	0	0	0	0	500	
0	0	0	0	0	501	
1	0	0	0	0	503	
2	0	0	0	0	504	
3	0	0	0	0	504	
4	0	0	0	0	503	
5	0	0	0	0	502	
6	0	0	0	0	503	
7	0	0	0	0	502	
8	0	0	0	0	502	
9	0	0	0	0	501	
10	0	0	0	0	500	
11	0	0	0	0	500	
12	0	0	0	0	499	
13	0	0	0	0	498	
14	0	0	0	0	499	
15	0	0	0	0	498	
0	0	0	0	0	498	
1	0	0	0	0	500	
2	0	0	0	0	501	
3	0	0	0	0	502	
4	0	0	0	0	502	
5	0	0	0	0	504	
6	0	0	0	0	504	
7	0	0	0	0	505	
8	0	0	0	0	505	
9	0	0	0	0	507	
10	0	0	0	0	508	
11	0	0	0	0	507	
12	0	0	0	0	506	
13	0	0	0	0	507	
14	0	0	0	0	507	
15	0	0	0	0	509	
0	0	0	0	0	511	
1	0	0	0	0	512	
2	0	0	0	0	512	
3	0	0	0	0	511	
4	0	0	0	0	511	
5	0	0	0	0	512	
6	0	0	0	0	511	
7	0	0	0	0	510	
8	0	0	0	0	509	
9	0	0	0	0	508	
10	0	0	0	0	507	
11	0	0	0	0	506	
12	0	0	0	0	507	
13	0	0	0	0	507	
14	0	0	0	0	507	
15	0	0	0	0	506	
0	0	0	0	0	506	
1	0	0	0	0	504	
2	0	0	0	0	504	
3	0	0	0	0	505	
4	0	0	0	0	507	
5	0	0	0	0	506	
6	0	0	0	0	507	
7	0	0	0	0	505	
8	0	0	0	0	504	
9	0	0	0	0	504	
10	0	0	0	0	504	
11	0	0	0	0	503	
12	0	0	0	0	504	
13	0	0	0	0	504	
14	0	0	0	0	505	
15	0	0	0	0	504	
0	0	0	0	0	504	
1	0	0	0	0	504	
2	0	0	0	0	506	
3	0	0	0	0	507	
4	0	0	0	0	508	
5	0	0	0	0	508	
6	0	0	0	0	508	
7	0	0	0	0	509	
8	0	0	0	0	507	
9	0	0	0	0	505	
10	0	0	0	0	506	
11	0	0	0	0	505	
12	0	0	0	0	504	
13	0	0	0	0	504	
14	0	0	0	0	505	
15	0	0	0	0	505	
0	0	0	0	0	505	
1	0	0	0	0	505	
2	0	0	0	0	505	
3	0	0	0	0	504	
4	0	0	0	0	505	
5	0	0	0	0	506	
6	0	0	0	0	508	
7	0	0	0	0	508	
8	0	0	0	0	508	
9	0	0	0	0	509	
10	0	0	0	0	508	
11	0	0	0	0	509	
12	0	0	0	0	508	
13	0	0	0	0	507	
14	0	0	0	0	507	
15	0	0	0	0	506	
0	0	0	0	0	507	
1	0	0	0	0	508	
2	0	0	0	0	508	
3	0	0	0	0	512	
4	0	0	0	0	514	
5	0	0	0	0	516	
6	0	0	0	0	518	
7	0	0	0	0	520	
8	0	0	0	0	523	
9	0	0	0	0	523	
10	0	0	0	0	523	
11	0	0	0	0	524	
12	0	0	0	0	526	
13	0	0	0	0	527	
14	0	0	0	0	527	
15	0	0	0	0	527	
0	0	0	0	0	526	
1	0	0	0	0	526	
2	0	0	0	0	526	
3	0	0	0	0	524	
4	0	0	0	0	523	
5	0	0	0	0	521	
6	0	0	0	0	521	
7	0	0	0	0	522	
8	0	0	0	0	520	
9	0	0	0	0	519	
10	0	0	0	0	515	
11	0	0	0	0	512	
12	0	0	0	0	511	
13	0	0	0	0	508	
14	0	0	0	0	507	
15	0	0	0	0	508	
0	0	0	0	0	510	
1	0	0	0	0	512	
2	0	0	0	0	512	
3	0	0	0	0	514	
4	0	0	0	0	515	
5	0	0	0	0	516	
6	0	0	0	0	519	
7	0	0	0	0	520	
8	0	0	0	0	523	
9	0	0	0	0	525	
10	0	0	0	0	526	
11	0	0	0	0	527	
12	0	0	0	0	526	
13	0	0	0	0	527	
14	0	0	0	0	527	
15	0	0	0	0	526	
0	0	0	0	0	526	
1	0	0	0	0	526	
2	0	0	0	0	525	
3	0	0	0	0	524	
4	0	0	0	0	521	
5	0	0	0	0	519	
6	0	0	0	0	516	
7	0	0	0	0	516	
8	0	0	0	0	517	
9	0	0	0	0	516	
10	0	0	0	0	517	
11	0	0	0	0	516	
12	0	0	0	0	514	
13	0	0	0	0	512	
14	0	0	0	0	510	
15	0	0	0	0	508	
0	0	0	0	0	505	
1	0	0	0	0	504	
2	0	0	0	0	502	
3	0	0	0	0	501	
4	0	0	0	0	502	
5	0	0	0	0	501	
6	0	0	0	0	502	
7	0	0	0	0	503	
8	0	0	0	0	502	
9	0	0	0	0	503	
10	0	0	0	0	504	
11	0	0	0	0	507	
12	0	0	0	0	508	
13	0	0	0	0	508	
14	0	0	0	0	510	
15	0	0	0	0	510	
0	0	0	0	0	510	
1	0	0	0	0	510	
2	0	0	0	0	508	
3	0	0	0	0	507	
4	0	0	0	0	505	
5	0	0	0	0	505	
6	0	0	0	0	505	
7	0	0	0	0	504	
8	0	0	0	0	503	
9	0	0	0	0	502	
10	0	0	0	0	500	
11	0	0	0	0	499	
12	0	0	0	0	497	
13	0	0	0	0	497	
14	0	0	0	0	496	
15	0	0	0	0	496	
0	0	0	0	0	496	
1	0	0	0	0	496	
2	0	0	0	0	496	
3	0	0	0	0	495	
4	0	0	0	0	496	
5	0	0	0	0	496	
6	0	0	0	0	496	
7	0	0	0	0	496	
8	0	0	0	0	496	
9	0	0	0	0	496	
10	0	0	0	0	497	
11	0	0	0	0	496	
12	0	0	0	0	498	
13	0	0	0	0	497	
14	0	0	0	0	497	
15	0	0	0	0	497	
0	0	0	0	0	498	
1	0	0	0	0	498	
2	0	0	0	0	497	
3	0	0	0	0	497	
4	0	0	0	0	496	
5	0	0	0	0	497	
6	0	0	0	0	498	
7	0	0	0	0	498	
8	0	0	0	0	499	
9	0	0	0	0	499	
10	0	0	0	0	500	
11	0	0	0	0	501	
12	0	0	0	0	500	
13	0	0	0	0	501	
14	0	0	0	0	502	
15	0	0	0	0	504	
0	0	0	0	0	505	
1	0	0	0	0	505	
2	0	0	0	0	505	
3	0	0	0	0	505	
4	0	0	0	0	504	
5	0	0	0	0	503	
6	0	0	0	0	502	
7	0	0	0	0	503	
8	0	0	0	0	503	
9	0	0	0	0	502	
10	0	0	0	0	502	
11	0	0	0	0	501	
12	0	0	0	0	500	
13	0	0	0	0	499	
14	0	0	0	0	498	
15	0	0	0	0	500	
0	0	0	0	0	502	
1	0	0	0	0	504	
2	0	0	0	0	505	
3	0	0	0	0	507	
4	0	0	0	0	512	
5	0	0	0	0	515	
6	0	0	0	0	519	
7	0	0	0	0	524	
8	0	0	0	0	531	
9	0	0	0	0	537	
10	0	0	0	0	543	
11	0	0	0	0	551	
12	0	0	0	0	561	
13	0	0	0	0	573	
14	0	0	0	0	587	
15	0	0	0	0	601	
0	0	0	0	0	619	
1	0	0	0	0	638	
2	0	0	0	0	657	
3	0	0	0	0	681	
4	0	0	0	0	702	
5	0	0	0	0	722	
6	0	0	0	0	740	
7	0	0	0	0	760	
8	0	0	0	0	785	
9	0	0	0	0	811	
10	0	0	0	0	836	
11	0	0	0	0	858	
12	0	0	0	0	876	
13	0	0	0	0	892	
14	0	0	0	0	895	
15	0	0	0	0	893	
0	0	0	0	0	886	
1	0	0	0	0	875	
2	0	0	0	0	863	
3	0	0	0	0	842	
4	0	0	0	0	818	
5	0	0	0	0	790	
6	0	0	0	0	755	
7	0	0	0	0	714	
8	0	0	0	0	671	
9	0	0	0	0	629	
10	0	0	0	0	587	
11	0	0	0	0	543	
12	0	0	0	0	501	
13	0	0	0	0	458	
14	0	0	0	0	421	
15	0	0	0	0	392	
0	0	0	0	0	372	
1	0	0	0	0	362	
2	0	0	0	0	358	
3	0	0	0	0	361	
4	0	0	0	0	367	
5	0	0	0	0	374	
6	0	0	0	0	382	
7	0	0	0	0	389	
8	0	0	0	0	397	
9	0	0	0	0	403	
10	0	0	0	0	409	
11	0	0	0	0	416	
12	0	0	0	0	423	
13	0	0	0	0	429	
14	0	0	0	0	435	
15	0	0	0	0	439	
0	0	0	0	0	442	
1	0	0	0	0	445	
2	0	0	0	0	448	
3	0	0	0	0	449	
4	0	0	0	0	450	
5	0	0	0	0	451	
6	0	0	0	0	451	
7	0	0	0	0	452	
8	0	0	0	0	452	
9	0	0	0	0	451	
10	0	0	0	0	452	
11	0	0	0	0	452	
12	0	0	0	0	452	
13	0	0	0	0	451	
14	0	0	0	0	451	
15	0	0	0	0	452	
0	0	0	0	0	453	
1	0	0	0	0	454	
2	0	0	0	0	454	
3	0	0	0	0	455	
4	0	0	0	0	456	
5	0	0	0	0	455	
6	0	0	0	0	456	
7	0	0	0	0	457	
8	0	0	0	0	457	
9	0	0	0	0	459	
10	0	0	0	0	459	
11	0	0	0	0	460	
12	0	0	0	0	460	
13	0	0	0	0	461	
14	0	0	0	0	463	
15	0	0	0	0	464	
0	0	0	0	0	465	
1	0	0	0	0	465	
2	0	0	0	0	466	
3	0	0	0	0	468	
4	0	0	0	0	467	
5	0	0	0	0	468	
6	0	0	0	0	467	
7	0	0	0	0	465	
8	0	0	0	0	464	
9	0	0	0	0	464	
10	0	0	0	0	465	
11	0	0	0	0	467	
12	0	0	0	0	468	
13	0	0	0	0	471	
14	0	0	0	0	473	
15	0	0	0	0	475	
0	0	0	0	0	475	
1	0	0	0	0	476	
2	0	0	0	0	478	
3	0	0	0	0	477	
4	0	0	0	0	477	
5	0	0	0	0	478	
6	0	0	0	0	478	
7	0	0	0	0	480	
8	0	0	0	0	480	
9	0	0	0	0	480	
10	0	0	0	0	479	
11	0	0	0	0	478	
12	0	0	0	0	480	
13	0	0	0	0	481	
14	0	0	0	0	484	
15	0	0	0	0	486	
0	0	0	0	0	488	
1	0	0	0	0	490	
2	0	0	0	0	491	
3	0	0	0	0	492	
4	0	0	0	0	493	
5	0	0	0	0	493	
6	0	0	0	0	493	
7	0	0	0	0	492	
8	0	0	0	0	492	
9	0	0	0	0	493	
10	0	0	0	0	493	
11	0	0	0	0	495	
12	0	0	0	0	495	
13	0	0	0	0	496	
14	0	0	0	0	497	
15	0	0	0	0	498	
0	0	0	0	0	500	
1	0	0	0	0	501	
2	0	0	0	0	501	
3	0	0	0	0	501	
4	0	0	0	0	502	
5	0	0	0	0	502	
6	0	0	0	0	501	
7	0	0	0	0	501	
8	0	0	0	0	502	
9	0	0	0	0	500	
10	0	0	0	0	500	
11	0	0	0	0	499	
12	0	0	0	0	500	
13	0	0	0	0	500	
14	0	0	0	0	500	
15	0	0	0	0	501	
0	0	0	0	0	501	
1	0	0	0	0	502	
2	0	0	0	0	503	
3	0	0	0	0	503	
4	0	0	0	0	505	
5	0	0	0	0	507	
6	0	0	0	0	508	
7	0	0	0	0	510	
8	0	0	0	0	511	
9	0	0	0	0	512	
10	0	0	0	0	512	
11	0	0	0	0	512	
12	0	0	0	0	512	
13	0	0	0	0	512	
14	0	0	0	0	512	
15	0	0	0	0	512	
0	0	0	0	0	513	
1	0	0	0	0	514	
2	0	0	0	0	515	
3	0	0	0	0	516	
4	0	0	0	0	515	
5	0	0	0	0	515	
6	0	0	0	0	515	
7	0	0	0	0	517	
8	0	0	0	0	518	
9	0	0	0	0	519	
10	0	0	0	0	518	
11	0	0	0	0	518	
12	0	0	0	0	517	
13	0	0	0	0	518	
14	0	0	0	0	519	
15	0	0	0	0	520	
0	0	0	0	0	523	
1	0	0	0	0	523	
2	0	0	0	0	524	
3	0	0	0	0	523	
4	0	0	0	0	524	
5	0	0	0	0	525	
6	0	0	0	0	525	
7	0	0	0	0	527	
8	0	0	0	0	526	
9	0	0	0	0	526	
10	0	0	0	0	527	
11	0	0	0	0	527	
12	0	0	0	0	528	
13	0	0	0	0	528	
14	0	0	0	0	528	
15	0	0	0	0	529	
0	0	0	0	0	530	
1	0	0	0	0	531	
2	0	0	0	0	531	
3	0	0	0	0	532	
4	0	0	0	0	533	
5	0	0	0	0	534	
6	0	0	0	0	535	
7	0	0	0	0	536	
8	0	0	0	0	539	
9	0	0	0	0	540	
10	0	0	0	0	541	
11	0	0	0	0	542	
12	0	0	0	0	542	
13	0	0	0	0	543	
14	0	0	0	0	543	
15	0	0	0	0	544	
0	0	0	0	0	545	
1	0	0	0	0	546	
2	0	0	0	0	548	
3	0	0	0	0	548	
4	0	0	0	0	547	
5	0	0	0	0	548	
6	0	0	0	0	547	
7	0	0	0	0	548	
8	0	0	0	0	550	
9	0	0	0	0	551	
10	0	0	0	0	552	
11	0	0	0	0	551	
12	0	0	0	0	550	
13	0	0	0	0	550	
14	0	0	0	0	548	
15	0	0	0	0	549	
0	0	0	0	0	550	
1	0	0	0	0	551	
2	0	0	0	0	552	
3	0	0	0	0	553	
4	0	0	0	0	555	
5	0	0	0	0	555	
6	0	0	0	0	556	
7	0	0	0	0	556	
8	0	0	0	0	556	
9	0	0	0	0	556	
10	0	0	0	0	556	
11	0	0	0	0	559	
12	0	0	0	0	560	
13	0	0	0	0	562	
14	0	0	0	0	563	
15	0	0	0	0	564	
0	0	0	0	0	565	
1	0	0	0	0	566	
2	0	0	0	0	566	
3	0	0	0	0	566	
4	0	0	0	0	566	
5	0	0	0	0	568	
6	0	0	0	0	568	
7	0	0	0	0	568	
8	0	0	0	0	569	
9	0	0	0	0	570	
10	0	0	0	0	571	
11	0	0	0	0	571	
12	0	0	0	0	571	
13	0	0	0	0	572	
14	0	0	0	0	571	
15	0	0	0	0	571	
0	0	0	0	0	569	
1	0	0	0	0	568	
2	0	0	0	0	569	
3	0	0	0	0	568	
4	0	0	0	0	568	
5	0	0	0	0	568	
6	0	0	0	0	567	
7	0	0	0	0	567	
8	0	0	0	0	565	
9	0	0	0	0	563	
10	0	0	0	0	561	
11	0	0	0	0	559	
12	0	0	0	0	557	
13	0	0	0	0	554	
14	0	0	0	0	551	
15	0	0	0	0	549	
0	0	0	0	0	546	
1	0	0	0	0	543	
2	0	0	0	0	539	
3	0	0	0	0	537	
4	0	0	0	0	534	
5	0	0	0	0	532	
6	0	0	0	0	529	
7	0	0	0	0	525	
8	0	0	0	0	523	
9	0	0	0	0	520	
10	0	0	0	0	516	
11	0	0	0	0	514	
12	0	0	0	0	510	
13	0	0	0	0	507	
14	0	0	0	0	504	
15	0	0	0	0	501	
0	0	0	0	0	498	
1	0	0	0	0	495	
2	0	0	0	0	492	
3	0	0	0	0	490	
4	0	0	0	0	487	
5	0	0	0	0	486	
6	0	0	0	0	483	
7	0	0	0	0	482	
8	0	0	0	0	480	
9	0	0	0	0	477	
10	0	0	0	0	476	
11	0	0	0	0	473	
12	0	0	0	0	472	
13	0	0	0	0	469	
14	0	0	0	0	466	
15	0	0	0	0	464	
0	0	0	0	0	462	
1	0	0	0	0	460	
2	0	0	0	0	458	
3	0	0	0	0	454	
4	0	0	0	0	452	
5	0	0	0	0	449	
6	0	0	0	0	448	
7	0	0	0	0	447	
8	0	0	0	0	446	
9	0	0	0	0	446	
10	0	0	0	0	446	
11	0	0	0	0	446	
12	0	0	0	0	444	
13	0	0	0	0	442	
14	0	0	0	0	442	
15	0	0	0	0	441	
0	0	0	0	0	440	
1	0	0	0	0	439	
2	0	0	0	0	439	
3	0	0	0	0	440	
4	0	0	0	0	440	
5	0	0	0	0	440	
6	0	0	0	0	440	
7	0	0	0	0	439	
8	0	0	0	0	439	
9	0	0	0	0	438	
10	0	0	0	0	438	
11	0	0	0	0	438	
12	0	0	0	0	439	
13	0	0	0	0	439	
14	0	0	0	0	439	
15	0	0	0	0	438	
0	0	0	0	0	437	
1	0	0	0	0	437	
2	0	0	0	0	437	
3	0	0	0	0	437	
4	0	0	0	0	437	
5	0	0	0	0	439	
6	0	0	0	0	439	
7	0	0	0	0	441	
8	0	0	0	0	442	
9	0	0	0	0	443	
10	0	0	0	0	443	
11	0	0	0	0	444	
12	0	0	0	0	444	
13	0	0	0	0	444	
14	0	0	0	0	446	
15	0	0	0	0	447	
0	0	0	0	0	446	
1	0	0	0	0	447	
2	0	0	0	0	447	
3	0	0	0	0	447	
4	0	0	0	0	447	
5	0	0	0	0	447	
6	0	0	0	0	448	
7	0	0	0	0	449	
8	0	0	0	0	450	
9	0	0	0	0	451	
10	0	0	0	0	452	
11	0	0	0	0	453	
12	0	0	0	0	453	
13	0	0	0	0	454	
14	0	0	0	0	455	
15	0	0	0	0	454	
0	0	0	0	0	455	
1	0	0	0	0	455	
2	0	0	0	0	455	
3	0	0	0	0	455	
4	0	0	0	0	455	
5	0	0	0	0	456	
6	0	0	0	0	456	
7	0	0	0	0	458	
8	0	0	0	0	460	
9	0	0	0	0	461	
10	0	0	0	0	463	
11	0	0	0	0	465	
12	0	0	0	0	467	
13	0	0	0	0	469	
14	0	0	0	0	470	
15	0	0	0	0	471	
0	0	0	0	0	471	
1	0	0	0	0	471	
2	0	0	0	0	471	
3	0	0	0	0	471	
4	0	0	0	0	471	
5	0	0	0	0	469	
6	0	0	0	0	468	
7	0	0	0	0	468	
8	0	0	0	0	468	
9	0	0	0	0	470	
10	0	0	0	0	472	
11	0	0	0	0	473	
12	0	0	0	0	475	
13	0	0	0	0	476	
14	0	0	0	0	478	
15	0	0	0	0	479	
0	0	0	0	0	480	
1	0	0	0	0	481	
2	0	0	0	0	482	
3	0	0	0	0	483	
4	0	0	0	0	483	
5	0	0	0	0	483	
6	0	0	0	0	481	
7	0	0	0	0	480	
8	0	0	0	0	480	
9	0	0	0	0	481	
10	0	0	0	0	483	
11	0	0	0	0	484	
12	0	0	0	0	485	
13	0	0	0	0	487	
14	0	0	0	0	489	
15	0	0	0	0	491	
0	0	0	0	0	492	
1	0	0	0	0	494	
2	0	0	0	0	495	
3	0	0	0	0	495	
4	0	0	0	0	496	
5	0	0	0	0	496	
6	0	0	0	0	495	
7	0	0	0	0	495	
8	0	0	0	0	495	
9	0	0	0	0	495	
10	0	0	0	0	495	
11	0	0	0	0	496	
12	0	0	0	0	497	
13	0	0	0	0	497	
14	0	0	0	0	497	
15	0	0	0	0	498	
0	0	0	0	0	499	
1	0	0	0	0	500	
2	0	0	0	0	500	
3	0	0	0	0	500	
4	0	0	0	0	500	
5	0	0	0	0	500	
6	0	0	0	0	499	
7	0	0	0	0	497	
8	0	0	0	0	498	
9	0	0	0	0	499	
10	0	0	0	0	500	
11	0	0	0	0	500	
12	0	0	0	0	499	
13	0	0	0	0	500	
14	0	0	0	0	502	
15	0	0	0	0	502	
0	0	0	0	0	505	
1	0	0	0	0	504	
2	0	0	0	0	504	
3	0	0	0	0	504	
4	0	0	0	0	502	
5	0	0	0	0	503	
6	0	0	0	0	502	
7	0	0	0	0	502	
8	0	0	0	0	503	
9	0	0	0	0	504	
10	0	0	0	0	505	
11	0	0	0	0	506	
12	0	0	0	0	508	
13	0	0	0	0	508	
14	0	0	0	0	508	
15	0	0	0	0	509	
0	0	0	0	0	509	
1	0	0	0	0	510	
2	0	0	0	0	509	
3	0	0	0	0	508	
4	0	0	0	0	508	
5	0	0	0	0	506	
6	0	0	0	0	505	
7	0	0	0	0	506	
8	0	0	0	0	506	
9	0	0	0	0	506	
10	0	0	0	0	505	
11	0	0	0	0	506	
12	0	0	0	0	507	
13	0	0	0	0	506	
14	0	0	0	0	507	
15	0	0	0	0	507	
0	0	0	0	0	508	
1	0	0	0	0	510	
2	0	0	0	0	512	
3	0	0	0	0	514	
4	0	0	0	0	513	
5	0	0	0	0	513	
6	0	0	0	0	513	
7	0	0	0	0	512	
8	0	0	0	0	510	
9	0	0	0	0	508	
10	0	0	0	0	508	
11	0	0	0	0	509	
12	0	0	0	0	509	
13	0	0	0	0	509	
14	0	0	0	0	509	
15	0	0	0	0	510	
0	0	0	0	0	511	
1	0	0	0	0	511	
2	0	0	0	0	512	
3	0	0	0	0	511	
4	0	0	0	0	511	
5	0	0	0	0	511	
6	0	0	0	0	511	
7	0	0	0	0	511	
8	0	0	0	0	510	
9	0	0	0	0	511	
10	0	0	0	0	512	
11	0	0	0	0	511	
12	0	0	0	0	512	
13	0	0	0	0	512	
14	0	0	0	0	512	
15	0	0	0	0	512	
0	0	0	0	0	513	
1	0	0	0	0	512	
2	0	0	0	0	511	
3	0	0	0	0	511	
4	0	0	0	0	511	
5	0	0	0	0	511	
6	0	0	0	0	512	
7	0	0	0	0	511	
8	0	0	0	0	511	
9	0	0	0	0	510	
10	0	0	0	0	509	
11	0	0	0	0	510	
12	0	0	0	0	509	
13	0	0	0	0	510	
14	0	0	0	0	511	
15	0	0	0	0	512	
0	0	0	0	0	513	
1	0	0	0	0	512	
2	0	0	0	0	512	
3	0	0	0	0	513	
4	0	0	0	0	512	
5	0	0	0	0	511	
6	0	0	0	0	510	
7	0	0	0	0	511	
8	0	0	0	0	510	
9	0	0	0	0	509	
10	0	0	0	0	509	
11	0	0	0	0	509	
12	0	0	0	0	509	
13	0	0	0	0	509	
14	0	0	0	0	509	
15	0	0	0	0	510	
0	0	0	0	0	511	
1	0	0	0	0	513	
2	0	0	0	0	515	
3	0	0	0	0	514	
4	0	0	0	0	513	
5	0	0	0	0	512	
6	0	0	0	0	512	
7	0	0	0	0	513	
8	0	0	0	0	514	
9	0	0	0	0	513	
10	0	0	0	0	512	
11	0	0	0	0	512	
12	0	0	0	0	512	
13	0	0	0	0	511	
14	0	0	0	0	511	
15	0	0	0	0	509	
0	0	0	0	0	510	
1	0	0	0	0	512	
2	0	0	0	0	511	
3	0	0	0	0	512	
4	0	0	0	0	512	
5	0	0	0	0	512	
6	0	0	0	0	511	
7	0	0	0	0	511	
8	0	0	0	0	511	
9	0	0	0	0	509	
10	0	0	0	0	508	
11	0	0	0	0	509	
12	0	0	0	0	509	
13	0	0	0	0	510	
14	0	0	0	0	509	
15	0	0	0	0	511	
0	0	0	0	0	512	
1	0	0	0	0	513	
2	0	0	0	0	515	
3	0	0	0	0	515	
4	0	0	0	0	515	
5	0	0	0	0	516	
6	0	0	0	0	515	
7	0	0	0	0	515	
8	0	0	0	0	513	
9	0	0	0	0	512	
10	0	0	0	0	511	
11	0	0	0	0	511	
12	0	0	0	0	510	
13	0	0	0	0	509	
14	0	0	0	0	510	
15	0	0	0	0	509	
0	0	0	0	0	508	
1	0	0	0	0	510	
2	0	0	0	0	510	
3	0	0	0	0	510	
4	0	0	0	0	510	
5	0	0	0	0	509	
6	0	0	0	0	510	
7	0	0	0	0	509	
8	0	0	0	0	508	
9	0	0	0	0	508	
10	0	0	0	0	507	
11	0	0	0	0	507	
12	0	0	0	0	505	
13	0	0	0	0	505	
14	0	0	0	0	504	
15	0	0	0	0	503	
0	0	0	0	0	503	
1	0	0	0	0	503	
2	0	0	0	0	503	
3	0	0	0	0	504	
4	0	0	0	0	504	
5	0	0	0	0	504	
6	0	0	0	0	504	
7	0	0	0	0	504	
8	0	0	0	0	504	
9	0	0	0	0	503	
10	0	0	0	0	503	
11	0	0	0	0	503	
12	0	0	0	0	504	
13	0	0	0	0	504	
14	0	0	0	0	503	
15	0	0	0	0	503	
0	0	0	0	0	503	
1	0	0	0	0	506	
2	0	0	0	0	507	
3	0	0	0	0	508	
4	0	0	0	0	510	
5	0	0	0	0	512	
6	0	0	0	0	515	
7	0	0	0	0	516	
8	0	0	0	0	517	
9	0	0	0	0	519	
10	0	0	0	0	519	
11	0	0	0	0	522	
12	0	0	0	0	524	
13	0	0	0	0	526	
14	0	0	0	0	527	
15	0	0	0	0	527	
0	0	0	0	0	528	
1	0	0	0	0	527	
2	0	0	0	0	527	
3	0	0	0	0	527	
4	0	0	0	0	524	
5	0	0	0	0	524	
6	0	0	0	0	523	
7	0	0	0	0	519	
8	0	0	0	0	517	
9	0	0	0	0	515	
10	0	0	0	0	513	
11	0	0	0	0	510	
12	0	0	0	0	505	
13	0	0	0	0	500	
14	0	0	0	0	497	
15	0	0	0	0	497	
0	0	0	0	0	500	
1	0	0	0	0	503	
2	0	0	0	0	506	
3	0	0	0	0	510	
4	0	0	0	0	513	
5	0	0	0	0	515	
6	0	0	0	0	518	
7	0	0	0	0	519	
8	0	0	0	0	517	
9	0	0	0	0	518	
10	0	0	0	0	518	
11	0	0	0	0	518	
12	0	0	0	0	518	
13	0	0	0	0	518	
14	0	0	0	0	518	
15	0	0	0	0	516	
0	0	0	0	0	516	
1	0	0	0	0	516	
2	0	0	0	0	518	
3	0	0	0	0	518	
4	0	0	0	0	517	
5	0	0	0	0	515	
6	0	0	0	0	516	
7	0	0	0	0	515	
8	0	0	0	0	514	
9	0	0	0	0	513	
10	0	0	0	0	511	
11	0	0	0	0	508	
12	0	0	0	0	507	
13	0	0	0	0	505	
14	0	0	0	0	503	
15	0	0	0	0	503	
0	0	0	0	0	503	
1	0	0	0	0	502	
2	0	0	0	0	501	
3	0	0	0	0	500	
4	0	0	0	0	500	
5	0	0	0	0	501	
6	0	0	0	0	501	
7	0	0	0	0	502	
8	0	0	0	0	503	
9	0	0	0	0	503	
10	0	0	0	0	504	
11	0	0	0	0	504	
12	0	0	0	0	505	
13	0	0	0	0	506	
14	0	0	0	0	506	
15	0	0	0	0	507	
0	0	0	0	0	505	
1	0	0	0	0	505	
2	0	0	0	0	505	
3	0	0	0	0	505	
4	0	0	0	0	506	
5	0	0	0	0	505	
6	0	0	0	0	504	
7	0	0	0	0	504	
8	0	0	0	0	504	
9	0	0	0	0	506	
10	0	0	0	0	506	
11	0	0	0	0	506	
12	0	0	0	0	504	
13	0	0	0	0	502	
14	0	0	0	0	502	
15	0	0	0	0	502	
0	0	0	0	0	502	
1	0	0	0	0	502	
2	0	0	0	0	502	
3	0	0	0	0	502	
4	0	0	0	0	500	
5	0	0	0	0	499	
6	0	0	0	0	500	
7	0	0	0	0	502	
8	0	0	0	0	503	
9	0	0	0	0	504	
10	0	0	0	0	505	
11	0	0	0	0	507	
12	0	0	0	0	508	
13	0	0	0	0	510	
14	0	0	0	0	510	
15	0	0	0	0	511	
0	0	0	0	0	511	
1	0	0	0	0	511	
2	0	0	0	0	512	
3	0	0	0	0	512	
4	0	0	0	0	512	
5	0	0	0	0	511	
6	0	0	0	0	511	
7	0	0	0	0	512	
8	0	0	0	0	512	
9	0	0	0	0	514	
10	0	0	0	0	515	
11	0	0	0	0	515	
12	0	0	0	0	516	
13	0	0	0	0	517	
14	0	0	0	0	518	
15	0	0	0	0	517	
0	0	0	0	0	516	
1	0	0	0	0	516	
2	0	0	0	0	516	
3	0	0	0	0	515	
4	0	0	0	0	515	
5	0	0	0	0	515	
6	0	0	0	0	515	
7	0	0	0	0	515	
8	0	0	0	0	516	
9	0	0	0	0	517	
10	0	0	0	0	518	
11	0	0	0	0	518	
12	0	0	0	0	515	
13	0	0	0	0	513	
14	0	0	0	0	510	
15	0	0	0	0	506	
0	0	0	0	0	506	
1	0	0	0	0	506	
2	0	0	0	0	507	
3	0	0	0	0	510	
4	0	0	0	0	513	
5	0	0	0	0	518	
6	0	0	0	0	522	
7	0	0	0	0	528	
8	0	0	0	0	536	
9	0	0	0	0	542	
10	0	0	0	0	550	
11	0	0	0	0	558	
12	0	0	0	0	568	
13	0	0	0	0	577	
14	0	0	0	0	587	
15	0	0	0	0	600	
0	0	0	0	0	615	
1	0	0	0	0	633	
2	0	0	0	0	650	
3	0	0	0	0	669	
4	0	0	0	0	690	
5	0	0	0	0	710	
6	0	0	0	0	733	
7	0	0	0	0	754	
8	0	0	0	0	776	
9	0	0	0	0	802	
10	0	0	0	0	828	
11	0	0	0	0	854	
12	0	0	0	0	881	
13	0	0	0	0	903	
14	0	0	0	0	923	
15	0	0	0	0	935	
0	0	0	0	0	940	
1	0	0	0	0	940	
2	0	0	0	0	935	
3	0	0	0	0	927	
4	0	0	0	0	912	
5	0	0	0	0	890	
6	0	0	0	0	859	
7	0	0	0	0	823	
8	0	0	0	0	783	
9	0	0	0	0	739	
10	0	0	0	0	695	
11	0	0	0	0	649	
12	0	0	0	0	604	
13	0	0	0	0	560	
14	0	0	0	0	513	
15	0	0	0	0	470	
0	0	0	0	0	431	
1	0	0	0	0	401	
2	0	0	0	0	384	
3	0	0	0	0	373	
4	0	0	0	0	371	
5	0	0	0	0	376	
6	0	0	0	0	383	
7	0	0	0	0	389	
8	0	0	0	0	396	
9	0	0	0	0	401	
10	0	0	0	0	406	
11	0	0	0	0	409	
12	0	0	0	0	414	
13	0	0	0	0	420	
14	0	0	0	0	425	
15	0	0	0	0	431	
0	0	0	0	0	436	
1	0	0	0	0	440	
2	0	0	0	0	444	
3	0	0	0	0	446	
4	0	0	0	0	447	
5	0	0	0	0	447	
6	0	0	0	0	446	
7	0	0	0	0	447	
8	0	0	0	0	447	
9	0	0	0	0	447	
10	0	0	0	0	447	
11	0	0	0	0	448	
12	0	0	0	0	448	
13	0	0	0	0	450	
14	0	0	0	0	451	
15	0	0	0	0	451	
0	0	0	0	0	452	
1	0	0	0	0	451	
2	0	0	0	0	452	
3	0	0	0	0	451	
4	0	0	0	0	452	
5	0	0	0	0	454	
6	0	0	0	0	454	
7	0	0	0	0	455	
8	0	0	0	0	456	
9	0	0	0	0	456	
10	0	0	0	0	457	
11	0	0	0	0	457	
12	0	0	0	0	459	
13	0	0	0	0	460	
14	0	0	0	0	460	
15	0	0	0	0	462	
0	0	0	0	0	463	
1	0	0	0	0	464	
2	0	0	0	0	465	
3	0	0	0	0	465	
4	0	0	0	0	465	
5	0	0	0	0	466	
6	0	0	0	0	465	
7	0	0	0	0	465	
8	0	0	0	0	465	
9	0	0	0	0	464	
10	0	0	0	0	465	
11	0	0	0	0	467	
12	0	0	0	0	469	
13	0	0	0	0	470	
14	0	0	0	0	471	
15	0	0	0	0	472	
0	0	0	0	0	473	
1	0	0	0	0	475	
2	0	0	0	0	477	
3	0	0	0	0	479	
4	0	0	0	0	479	
5	0	0	0	0	480	
6	0	0	0	0	479	
7	0	0	0	0	478	
8	0	0	0	0	479	
9	0	0	0	0	479	
10	0	0	0	0	479	
11	0	0	0	0	479	
12	0	0	0	0	478	
13	0	0	0	0	478	
14	0	0	0	0	479	
15	0	0	0	0	481	
0	0	0	0	0	483	
1	0	0	0	0	483	
2	0	0	0	0	482	
3	0	0	0	0	484	
4	0	0	0	0	485	
5	0	0	0	0	487	
6	0	0	0	0	486	
7	0	0	0	0	486	
8	0	0	0	0	486	
9	0	0	0	0	486	
10	0	0	0	0	487	
11	0	0	0	0	486	
12	0	0	0	0	487	
13	0	0	0	0	486	
14	0	0	0	0	487	
15	0	0	0	0	487	
0	0	0	0	0	488	
1	0	0	0	0	490	
2	0	0	0	0	492	
3	0	0	0	0	493	
4	0	0	0	0	494	
5	0	0	0	0	494	
6	0	0	0	0	494	
7	0	0	0	0	494	
8	0	0	0	0	494	
9	0	0	0	0	493	
10	0	0	0	0	492	
11	0	0	0	0	494	
12	0	0	0	0	495	
13	0	0	0	0	496	
14	0	0	0	0	497	
15	0	0	0	0	498	
0	0	0	0	0	500	
1	0	0	0	0	501	
2	0	0	0	0	502	
3	0	0	0	0	502	
4	0	0	0	0	501	
5	0	0	0	0	502	
6	0	0	0	0	502	
7	0	0	0	0	502	
8	0	0	0	0	503	
9	0	0	0	0	503	
10	0	0	0	0	504	
11	0	0	0	0	505	
12	0	0	0	0	506	
13	0	0	0	0	507	
14	0	0	0	0	508	
15	0	0	0	0	510	
0	0	0	0	0	510	
1	0	0	0	0	512	
2	0	0	0	0	514	
3	0	0	0	0	515	
4	0	0	0	0	516	
5	0	0	0	0	517	
6	0	0	0	0	518	
7	0	0	0	0	519	
8	0	0	0	0	519	
9	0	0	0	0	520	
10	0	0	0	0	520	
11	0	0	0	0	520	
12	0	0	0	0	521	
13	0	0	0	0	521	
14	0	0	0	0	522	
15	0	0	0	0	521	
0	0	0	0	0	521	
1	0	0	0	0	521	
2	0	0	0	0	522	
3	0	0	0	0	524	
4	0	0	0	0	526	
5	0	0	0	0	528	
6	0	0	0	0	529	
7	0	0	0	0	528	
8	0	0	0	0	529	
9	0	0	0	0	529	
10	0	0	0	0	529	
11	0	0	0	0	529	
12	0	0	0	0	530	
13	0	0	0	0	532	
14	0	0	0	0	532	
15	0	0	0	0	534	
0	0	0	0	0	536	
1	0	0	0	0	537	
2	0	0	0	0	539	
3	0	0	0	0	541	
4	0	0	0	0	543	
5	0	0	0	0	545	
6	0	0	0	0	544	
7	0	0	0	0	545	
8	0	0	0	0	546	
9	0	0	0	0	548	
10	0	0	0	0	547	
11	0	0	0	0	545	
12	0	0	0	0	545	
13	0	0	0	0	545	
14	0	0	0	0	545	
15	0	0	0	0	545	
0	0	0	0	0	544	
1	0	0	0	0	545	
2	0	0	0	0	547	
3	0	0	0	0	548	
4	0	0	0	0	549	
5	0	0	0	0	549	
6	0	0	0	0	551	
7	0	0	0	0	552	
8	0	0	0	0	554	
9	0	0	0	0	555	
10	0	0	0	0	556	
11	0	0	0	0	558	
12	0	0	0	0	559	
13	0	0	0	0	561	
14	0	0	0	0	562	
15	0	0	0	0	563	
0	0	0	0	0	564	
1	0	0	0	0	565	
2	0	0	0	0	564	
3	0	0	0	0	565	
4	0	0	0	0	566	
5	0	0	0	0	568	
6	0	0	0	0	568	
7	0	0	0	0	569	
8	0	0	0	0	571	
9	0	0	0	0	571	
10	0	0	0	0	572	
11	0	0	0	0	573	
12	0	0	0	0	572	
13	0	0	0	0	572	
14	0	0	0	0	572	
15	0	0	0	0	573	
0	0	0	0	0	573	
1	0	0	0	0	575	
2	0	0	0	0	575	
3	0	0	0	0	574	
4	0	0	0	0	574	
5	0	0	0	0	573	
6	0	0	0	0	575	
7	0	0	0	0	577	
8	0	0	0	0	577	
9	0	0	0	0	578	
10	0	0	0	0	578	
11	0	0	0	0	579	
12	0	0	0	0	579	
13	0	0	0	0	578	
14	0	0	0	0	577	
15	0	0	0	0	576	
0	0	0	0	0	577	
1	0	0	0	0	576	
2	0	0	0	0	575	
3	0	0	0	0	574	
4	0	0	0	0	574	
5	0	0	0	0	575	
6	0	0	0	0	575	
7	0	0	0	0	573	
8	0	0	0	0	572	
9	0	0	0	0	571	
10	0	0	0	0	570	
11	0	0	0	0	568	
12	0	0	0	0	566	
13	0	0	0	0	565	
14	0	0	0	0	563	
15	0	0	0	0	562	
0	0	0	0	0	560	
1	0	0	0	0	558	
2	0	0	0	0	557	
3	0	0	0	0	555	
4	0	0	0	0	554	
5	0	0	0	0	551	
6	0	0	0	0	549	
7	0	0	0	0	547	
8	0	0	0	0	543	
9	0	0	0	0	540	
10	0	0	0	0	537	
11	0	0	0	0	533	
12	0	0	0	0	528	
13	0	0	0	0	523	
14	0	0	0	0	521	
15	0	0	0	0	519	
0	0	0	0	0	515	
1	0	0	0	0	512	
2	0	0	0	0	509	
3	0	0	0	0	505	
4	0	0	0	0	502	
5	0	0	0	0	499	
6	0	0	0	0	497	
7	0	0	0	0	495	
8	0	0	0	0	494	
9	0	0	0	0	492	
10	0	0	0	0	489	
11	0	0	0	0	486	
12	0	0	0	0	481	
13	0	0	0	0	479	
14	0	0	0	0	476	
15	0	0	0	0	472	
0	0	0	0	0	472	
1	0	0	0	0	469	
2	0	0	0	0	467	
3	0	0	0	0	465	
4	0	0	0	0	462	
5	0	0	0	0	461	
6	0	0	0	0	460	
7	0	0	0	0	460	
8	0	0	0	0	459	
9	0	0	0	0	458	
10	0	0	0	0	457	
11	0	0	0	0	455	
12	0	0	0	0	453	
13	0	0	0	0	451	
14	0	0	0	0	450	
15	0	0	0	0	450	
0	0	0	0	0	448	
1	0	0	0	0	446	
2	0	0	0	0	445	
3	0	0	0	0	444	
4	0	0	0	0	444	
5	0	0	0	0	444	
6	0	0	0	0	444	
7	0	0	0	0	444	
8	0	0	0	0	443	
9	0	0	0	0	443	
10	0	0	0	0	443	
11	0	0	0	0	443	
12	0	0	0	0	441	
13	0	0	0	0	439	
14	0	0	0	0	440	
15	0	0	0	0	439	
0	0	0	0	0	439	
1	0	0	0	0	439	
2	0	0	0	0	440	
3	0	0	0	0	441	
4	0	0	0	0	441	
5	0	0	0	0	441	
6	0	0	0	0	441	
7	0	0	0	0	440	
8	0	0	0	0	441	
9	0	0	0	0	441	
10	0	0	0	0	442	
11	0	0	0	0	442	
12	0	0	0	0	441	
13	0	0	0	0	443	
14	0	0	0	0	445	
15	0	0	0	0	447	
0	0	0	0	0	448	
1	0	0	0	0	448	
2	0	0	0	0	448	
3	0	0	0	0	449	
4	0	0	0	0	449	
5	0	0	0	0	448	
6	0	0	0	0	448	
7	0	0	0	0	449	
8	0	0	0	0	450	
9	0	0	0	0	452	
10	0	0	0	0	454	
11	0	0	0	0	454	
12	0	0	0	0	455	
13	0	0	0	0	455	
14	0	0	0	0	455	
15	0	0	0	0	455	
0	0	0	0	0	455	
1	0	0	0	0	457	
2	0	0	0	0	458	
3	0	0	0	0	460	
4	0	0	0	0	461	
5	0	0	0	0	462	
6	0	0	0	0	463	
7	0	0	0	0	462	
8	0	0	0	0	462	
9	0	0	0	0	463	
10	0	0	0	0	464	
11	0	0	0	0	466	
12	0	0	0	0	467	
13	0	0	0	0	468	
14	0	0	0	0	468	
15	0	0	0	0	468	
0	0	0	0	0	469	
1	0	0	0	0	470	
2	0	0	0	0	470	
3	0	0	0	0	469	
4	0	0	0	0	469	
5	0	0	0	0	470	
6	0	0	0	0	472	
7	0	0	0	0	473	
8	0	0	0	0	475	
9	0	0	0	0	476	
10	0	0	0	0	478	
11	0	0	0	0	479	
12	0	0	0	0	481	
13	0	0	0	0	482	
14	0	0	0	0	484	
15	0	0	0	0	486	
0	0	0	0	0	485	
1	0	0	0	0	485	
2	0	0	0	0	483	
3	0	0	0	0	483	
4	0	0	0	0	483	
5	0	0	0	0	483	
6	0	0	0	0	483	
7	0	0	0	0	484	
8	0	0	0	0	486	
9	0	0	0	0	487	
10	0	0	0	0	487	
11	0	0	0	0	489	
12	0	0	0	0	491	
13	0	0	0	0	493	
14	0	0	0	0	496	
15	0	0	0	0	496	
0	0	0	0	0	495	
1	0	0	0	0	495	
2	0	0	0	0	492	
3	0	0	0	0	493	
4	0	0	0	0	495	
5	0	0	0	0	496	
6	0	0	0	0	498	
7	0	0	0	0	500	
8	0	0	0	0	502	
9	0	0	0	0	502	
10	0	0	0	0	502	
11	0	0	0	0	504	
12	0	0	0	0	505	
13	0	0	0	0	507	
14	0	0	0	0	505	
15	0	0	0	0	506	
0	0	0	0	0	507	
1	0	0	0	0	504	
2	0	0	0	0	503	
3	0	0	0	0	502	
4	0	0	0	0	501	
5	0	0	0	0	498	
6	0	0	0	0	496	
7	0	0	0	0	498	
8	0	0	0	0	496	
9	0	0	0	0	496	
10	0	0	0	0	497	
11	0	0	0	0	498	
12	0	0	0	0	499	
13	0	0	0	0	498	
14	0	0	0	0	500	
15	0	0	0	0	499	
0	0	0	0	0	498	
1	0	0	0	0	499	
2	0	0	0	0	503	
3	0	0	0	0	505	
4	0	0	0	0	506	
5	0	0	0	0	504	
6	0	0	0	0	502	
7	0	0	0	0	501	
8	0	0	0	0	501	
9	0	0	0	0	503	
10	0	0	0	0	505	
11	0	0	0	0	506	
12	0	0	0	0	505	
13	0	0	0	0	506	
14	0	0	0	0	508	
15	0	0	0	0	508	
0	0	0	0	0	509	
1	0	0	0	0	509	
2	0	0	0	0	508	
3	0	0	0	0	506	
4	0	0	0	0	505	
5	0	0	0	0	506	
6	0	0	0	0	507	
7	0	0	0	0	507	
8	0	0	0	0	505	
9	0	0	0	0	505	
10	0	0	0	0	507	
11	0	0	0	0	509	
12	0	0	0	0	512	
13	0	0	0	0	510	
14	0	0	0	0	509	
15	0	0	0	0	510	
0	0	0	0	0	508	
1	0	0	0	0	507	
2	0	0	0	0	505	
3	0	0	0	0	505	
4	0	0	0	0	504	
5	0	0	0	0	503	
6	0	0	0	0	503	
7	0	0	0	0	502	
8	0	0	0	0	499	
9	0	0	0	0	497	
10	0	0	0	0	497	
11	0	0	0	0	497	
12	0	0	0	0	497	
13	0	0	0	0	497	
14	0	0	0	0	499	
15	0	0	0	0	501	
0	0	0	0	0	503	
1	0	0	0	0	503	
2	0	0	0	0	503	
3	0	0	0	0	504	
4	0	0	0	0	505	
5	0	0	0	0	505	
6	0	0	0	0	504	
7	0	0	0	0	506	
8	0	0	0	0	507	
9	0	0	0	0	507	
10	0	0	0	0	506	
11	0	0	0	0	506	
12	0	0	0	0	505	
13	0	0	0	0	507	
14	0	0	0	0	507	
15	0	0	0	0	506	
0	0	0	0	0	505	
1	0	0	0	0	503	
2	0	0	0	0	504	
3	0	0	0	0	505	
4	0	0	0	0	504	
5	0	0	0	0	503	
6	0	0	0	0	501	
7	0	0	0	0	502	
8	0	0	0	0	505	
9	0	0	0	0	505	
10	0	0	0	0	504	
11	0	0	0	0	503	
12	0	0	0	0	503	
13	0	0	0	0	502	
14	0	0	0	0	502	
15	0	0	0	0	503	
0	0	0	0	0	505	
1	0	0	0	0	506	
2	0	0	0	0	506	
3	0	0	0	0	507	
4	0	0	0	0	507	
5	0	0	0	0	506	
6	0	0	0	0	507	
7	0	0	0	0	507	
8	0	0	0	0	506	
9	0	0	0	0	505	
10	0	0	0	0	504	
11	0	0	0	0	503	
12	0	0	0	0	504	
13	0	0	0	0	506	
14	0	0	0	0	505	
15	0	0	0	0	504	
0	0	0	0	0	504	
1	0	0	0	0	506	
2	0	0	0	0	509	
3	0	0	0	0	508	
4	0	0	0	0	506	
5	0	0	0	0	506	
6	0	0	0	0	505	
7	0	0	0	0	506	
8	0	0	0	0	504	
9	0	0	0	0	501	
10	0	0	0	0	499	
11	0	0	0	0	499	
12	0	0	0	0	502	
13	0	0	0	0	502	
14	0	0	0	0	503	
15	0	0	0	0	503	
0	0	0	0	0	505	
1	0	0	0	0	506	
2	0	0	0	0	504	
3	0	0	0	0	502	
4	0	0	0	0	503	
5	0	0	0	0	504	
6	0	0	0	0	505	
7	0	0	0	0	507	
8	0	0	0	0	508	
9	0	0	0	0	507	
10	0	0	0	0	506	
11	0	0	0	0	505	
12	0	0	0	0	505	
13	0	0	0	0	506	
14	0	0	0	0	506	
15	0	0	0	0	508	
0	0	0	0	0	510	
1	0	0	0	0	511	
2	0	0	0	0	513	
3	0	0	0	0	514	
4	0	0	0	0	516	
5	0	0	0	0	519	
6	0	0	0	0	519	
7	0	0	0	0	518	
8	0	0	0	0	518	
9	0	0	0	0	522	
10	0	0	0	0	524	
11	0	0	0	0	524	
12	0	0	0	0	525	
13	0	0	0	0	523	
14	0	0	0	0	520	
15	0	0	0	0	520	
0	0	0	0	0	522	
1	0	0	0	0	521	
2	0	0	0	0	520	
3	0	0	0	0	519	
4	0	0	0	0	519	
5	0	0	0	0	519	
6	0	0	0	0	520	
7	0	0	0	0	519	
8	0	0	0	0	516	
9	0	0	0	0	513	
10	0	0	0	0	512	
11	0	0	0	0	511	
12	0	0	0	0	510	
13	0	0	0	0	508	
14	0	0	0	0	505	
15	0	0	0	0	504	
0	0	0	0	0	504	
1	0	0	0	0	506	
2	0	0	0	0	509	
3	0	0	0	0	514	
4	0	0	0	0	518	
5	0	0	0	0	519	
6	0	0	0	0	518	
7	0	0	0	0	517	
8	0	0	0	0	519	
9	0	0	0	0	522	
10	0	0	0	0	522	
11	0	0	0	0	520	
12	0	0	0	0	524	
13	0	0	0	0	528	
14	0	0	0	0	531	
15	0	0	0	0	535	
0	0	0	0	0	537	
1	0	0	0	0	540	
2	0	0	0	0	542	
3	0	0	0	0	545	
4	0	0	0	0	549	
5	0	0	0	0	552	
6	0	0	0	0	551	
7	0	0	0	0	549	
8	0	0	0	0	545	
9	0	0	0	0	541	
10	0	0	0	0	536	
11	0	0	0	0	531	
12	0	0	0	0	527	
13	0	0	0	0	525	
14	0	0	0	0	524	
15	0	0	0	0	520	
0	0	0	0	0	518	
1	0	0	0	0	519	
2	0	0	0	0	519	
3	0	0	0	0	520	
4	0	0	0	0	521	
5	0	0	0	0	521	
6	0	0	0	0	520	
7	0	0	0	0	521	
8	0	0	0	0	522	
9	0	0	0	0	522	
10	0	0	0	0	523	
11	0	0	0	0	524	
12	0	0	0	0	524	
13	0	0	0	0	521	
14	0	0	0	0	519	
15	0	0	0	0	519	
0	0	0	0	0	520	
1	0	0	0	0	523	
2	0	0	0	0	523	
3	0	0	0	0	524	
4	0	0	0	0	527	
5	0	0	0	0	529	
6	0	0	0	0	528	
7	0	0	0	0	527	
8	0	0	0	0	529	
9	0	0	0	0	529	
10	0	0	0	0	529	
11	0	0	0	0	530	
12	0	0	0	0	531	
13	0	0	0	0	532	
14	0	0	0	0	529	
15	0	0	0	0	529	
0	0	0	0	0	528	
1	0	0	0	0	527	
2	0	0	0	0	527	
3	0	0	0	0	528	
4	0	0	0	0	531	
5	0	0	0	0	532	
6	0	0	0	0	531	
7	0	0	0	0	530	
8	0	0	0	0	529	
9	0	0	0	0	530	
10	0	0	0	0	531	
11	0	0	0	0	531	
12	0	0	0	0	529	
13	0	0	0	0	527	
14	0	0	0	0	528	
15	0	0	0	0	527	
0	0	0	0	0	525	
1	0	0	0	0	524	
2	0	0	0	0	523	
3	0	0	0	0	524	
4	0	0	0	0	524	
5	0	0	0	0	523	
6	0	0	0	0	522	
7	0	0	0	0	524	
8	0	0	0	0	525	
9	0	0	0	0	528	
10	0	0	0	0	529	
11	0	0	0	0	530	
12	0	0	0	0	530	
13	0	0	0	0	528	
14	0	0	0	0	528	
15	0	0	0	0	529	
0	0	0	0	0	529	
1	0	0	0	0	527	
2	0	0	0	0	528	
3	0	0	0	0	530	
4	0	0	0	0	531	
5	0	0	0	0	533	
6	0	0	0	0	532	
7	0	0	0	0	531	
8	0	0	0	0	530	
9	0	0	0	0	528	
10	0	0	0	0	529	
11	0	0	0	0	527	
12	0	0	0	0	527	
13	0	0	0	0	527	
14	0	0	0	0	524	
15	0	0	0	0	522	
0	0	0	0	0	519	
1	0	0	0	0	516	
2	0	0	0	0	512	
3	0	0	0	0	512	
4	0	0	0	0	513	
5	0	0	0	0	513	
6	0	0	0	0	513	
7	0	0	0	0	513	
8	0	0	0	0	513	
9	0	0	0	0	514	
10	0	0	0	0	514	
11	0	0	0	0	515	
12	0	0	0	0	515	
13	0	0	0	0	513	
14	0	0	0	0	513	
15	0	0	0	0	516	
0	0	0	0	0	518	
1	0	0	0	0	519	
2	0	0	0	0	518	
3	0	0	0	0	519	
4	0	0	0	0	519	
5	0	0	0	0	519	
6	0	0	0	0	519	
7	0	0	0	0	520	
8	0	0	0	0	523	
9	0	0	0	0	524	
10	0	0	0	0	520	
11	0	0	0	0	515	
12	0	0	0	0	513	
13	0	0	0	0	512	
14	0	0	0	0	511	
15	0	0	0	0	507	
0	0	0	0	0	504	
1	0	0	0	0	501	
2	0	0	0	0	499	
3	0	0	0	0	498	
4	0	0	0	0	498	
5	0	0	0	0	498	
6	0	0	0	0	498	
7	0	0	0	0	498	
8	0	0	0	0	497	
9	0	0	0	0	500	
10	0	0	0	0	503	
11	0	0	0	0	504	
12	0	0	0	0	506	
13	0	0	0	0	507	
14	0	0	0	0	507	
15	0	0	0	0	507	
0	0	0	0	0	508	
1	0	0	0	0	510	
2	0	0	0	0	510	
3	0	0	0	0	512	
4	0	0	0	0	512	
5	0	0	0	0	515	
6	0	0	0	0	519	
7	0	0	0	0	521	
8	0	0	0	0	523	
9	0	0	0	0	523	
10	0	0	0	0	523	
11	0	0	0	0	521	
12	0	0	0	0	519	
13	0	0	0	0	519	
14	0	0	0	0	517	
15	0	0	0	0	514	
0	0	0	0	0	512	
1	0	0	0	0	512	
2	0	0	0	0	513	
3	0	0	0	0	514	
4	0	0	0	0	513	
5	0	0	0	0	512	
6	0	0	0	0	515	
7	0	0	0	0	518	
8	0	0	0	0	518	
9	0	0	0	0	517	
10	0	0	0	0	518	
11	0	0	0	0	520	
12	0	0	0	0	520	
13	0	0	0	0	521	
14	0	0	0	0	523	
15	0	0	0	0	527	
0	0	0	0	0	526	
1	0	0	0	0	525	
2	0	0	0	0	521	
3	0	0	0	0	515	
4	0	0	0	0	513	
5	0	0	0	0	511	
6	0	0	0	0	508	
7	0	0	0	0	508	
8	0	0	0	0	508	
9	0	0	0	0	511	
10	0	0	0	0	515	
11	0	0	0	0	521	
12	0	0	0	0	528	
13	0	0	0	0	537	
14	0	0	0	0	545	
15	0	0	0	0	552	
0	0	0	0	0	560	
1	0	0	0	0	566	
2	0	0	0	0	575	
3	0	0	0	0	586	
4	0	0	0	0	600	
5	0	0	0	0	619	
6	0	0	0	0	633	
7	0	0	0	0	647	
8	0	0	0	0	668	
9	0	0	0	0	688	
10	0	0	0	0	704	
11	0	0	0	0	721	
12	0	0	0	0	738	
13	0	0	0	0	760	
14	0	0	0	0	784	
15	0	0	0	0	808	
0	0	0	0	0	829	
1	0	0	0	0	848	
2	0	0	0	0	867	
3	0	0	0	0	875	
4	0	0	0	0	877	
5	0	0	0	0	873	
6	0	0	0	0	864	
7	0	0	0	0	858	
8	0	0	0	0	841	
9	0	0	0	0	824	
10	0	0	0	0	799	
11	0	0	0	0	772	
12	0	0	0	0	743	
13	0	0	0	0	711	
14	0	0	0	0	675	
15	0	0	0	0	636	
0	0	0	0	0	597	
1	0	0	0	0	557	
2	0	0	0	0	509	
3	0	0	0	0	465	
4	0	0	0	0	428	
5	0	0	0	0	400	
6	0	0	0	0	381	
7	0	0	0	0	372	
8	0	0	0	0	370	
9	0	0	0	0	375	
10	0	0	0	0	383	
11	0	0	0	0	390	
12	0	0	0	0	400	
13	0	0	0	0	411	
14	0	0	0	0	417	
15	0	0	0	0	422	
0	0	0	0	0	431	
1	0	0	0	0	437	
2	0	0	0	0	442	
3	0	0	0	0	448	
4	0	0	0	0	456	
5	0	0	0	0	465	
6	0	0	0	0	471	
7	0	0	0	0	474	
8	0	0	0	0	476	
9	0	0	0	0	473	
10	0	0	0	0	467	
11	0	0	0	0	467	
12	0	0	0	0	470	
13	0	0	0	0	472	
14	0	0	0	0	473	
15	0	0	0	0	474	
0	0	0	0	0	476	
1	0	0	0	0	478	
2	0	0	0	0	477	
3	0	0	0	0	476	
4	0	0	0	0	475	
5	0	0	0	0	472	
6	0	0	0	0	469	
7	0	0	0	0	466	
8	0	0	0	0	466	
9	0	0	0	0	468	
10	0	0	0	0	469	
11	0	0	0	0	469	
12	0	0	0	0	471	
13	0	0	0	0	474	
14	0	0	0	0	476	
15	0	0	0	0	476	
0	0	0	0	0	480	
1	0	0	0	0	483	
2	0	0	0	0	486	
3	0	0	0	0	488	
4	0	0	0	0	487	
5	0	0	0	0	487	
6	0	0	0	0	484	
7	0	0	0	0	483	
8	0	0	0	0	483	
9	0	0	0	0	485	
10	0	0	0	0	487	
11	0	0	0	0	488	
12	0	0	0	0	487	
13	0	0	0	0	488	
14	0	0	0	0	489	
15	0	0	0	0	489	
0	0	0	0	0	487	
1	0	0	0	0	484	
2	0	0	0	0	487	
3	0	0	0	0	489	
4	0	0	0	0	487	
5	0	0	0	0	484	
6	0	0	0	0	484	
7	0	0	0	0	486	
8	0	0	0	0	488	
9	0	0	0	0	487	
10	0	0	0	0	485	
11	0	0	0	0	483	
12	0	0	0	0	485	
13	0	0	0	0	487	
14	0	0	0	0	489	
15	0	0	0	0	489	
0	0	0	0	0	488	
1	0	0	0	0	488	
2	0	0	0	0	491	
3	0	0	0	0	490	
4	0	0	0	0	490	
5	0	0	0	0	492	
6	0	0	0	0	494	
7	0	0	0	0	493	
8	0	0	0	0	494	
9	0	0	0	0	495	
10	0	0	0	0	494	
11	0	0	0	0	493	
12	0	0	0	0	494	
13	0	0	0	0	495	
14	0	0	0	0	496	
15	0	0	0	0	499	
0	0	0	0	0	502	
1	0	0	0	0	502	
2	0	0	0	0	504	
3	0	0	0	0	505	
4	0	0	0	0	503	
5	0	0	0	0	505	
6	0	0	0	0	503	
7	0	0	0	0	502	
8	0	0	0	0	505	
9	0	0	0	0	506	
10	0	0	0	0	506	
11	0	0	0	0	504	
12	0	0	0	0	500	
13	0	0	0	0	499	
14	0	0	0	0	501	
15	0	0	0	0	504	
0	0	0	0	0	508	
1	0	0	0	0	510	
2	0	0	0	0	512	
3	0	0	0	0	515	
4	0	0	0	0	516	
5	0	0	0	0	519	
6	0	0	0	0	519	
7	0	0	0	0	519	
8	0	0	0	0	519	
9	0	0	0	0	518	
10	0	0	0	0	517	
11	0	0	0	0	515	
12	0	0	0	0	513	
13	0	0	0	0	512	
14	0	0	0	0	512	
15	0	0	0	0	511	
0	0	0	0	0	512	
1	0	0	0	0	512	
2	0	0	0	0	512	
3	0	0	0	0	515	
4	0	0	0	0	518	
5	0	0	0	0	519	
6	0	0	0	0	521	
7	0	0	0	0	523	
8	0	0	0	0	524	
9	0	0	0	0	523	
10	0	0	0	0	525	
11	0	0	0	0	526	
12	0	0	0	0	526	
13	0	0	0	0	526	
14	0	0	0	0	524	
15	0	0	0	0	526	
0	0	0	0	0	528	
1	0	0	0	0	533	
2	0	0	0	0	533	
3	0	0	0	0	534	
4	0	0	0	0	534	
5	0	0	0	0	534	
6	0	0	0	0	535	
7	0	0	0	0	536	
8	0	0	0	0	537	
9	0	0	0	0	537	
10	0	0	0	0	536	
11	0	0	0	0	532	
12	0	0	0	0	533	
13	0	0	0	0	533	
14	0	0	0	0	531	
15	0	0	0	0	531	
0	0	0	0	0	530	
1	0	0	0	0	528	
2	0	0	0	0	529	
3	0	0	0	0	531	
4	0	0	0	0	534	
5	0	0	0	0	538	
6	0	0	0	0	541	
7	0	0	0	0	541	
8	0	0	0	0	543	
9	0	0	0	0	541	
10	0	0	0	0	539	
11	0	0	0	0	541	
12	0	0	0	0	540	
13	0	0	0	0	539	
14	0	0	0	0	540	
15	0	0	0	0	543	
0	0	0	0	0	545	
1	0	0	0	0	547	
2	0	0	0	0	549	
3	0	0	0	0	550	
4	0	0	0	0	552	
5	0	0	0	0	556	
6	0	0	0	0	557	
7	0	0	0	0	560	
8	0	0	0	0	561	
9	0	0	0	0	561	
10	0	0	0	0	563	
11	0	0	0	0	563	
12	0	0	0	0	565	
13	0	0	0	0	566	
14	0	0	0	0	566	
15	0	0	0	0	567	
0	0	0	0	0	565	
1	0	0	0	0	565	
2	0	0	0	0	568	
3	0	0	0	0	568	
4	0	0	0	0	568	
5	0	0	0	0	568	
6	0	0	0	0	571	
7	0	0	0	0	575	
8	0	0	0	0	576	
9	0	0	0	0	576	
10	0	0	0	0	574	
11	0	0	0	0	577	
12	0	0	0	0	579	
13	0	0	0	0	580	
14	0	0	0	0	583	
15	0	0	0	0	583	
0	0	0	0	0	587	
1	0	0	0	0	590	
2	0	0	0	0	591	
3	0	0	0	0	591	
4	0	0	0	0	591	
5	0	0	0	0	587	
6	0	0	0	0	583	
7	0	0	0	0	583	
8	0	0	0	0	585	
9	0	0	0	0	585	
10	0	0	0	0	585	
11	0	0	0	0	585	
12	0	0	0	0	583	
13	0	0	0	0	583	
14	0	0	0	0	583	
15	0	0	0	0	585	
0	0	0	0	0	584	
1	0	0	0	0	582	
2	0	0	0	0	583	
3	0	0	0	0	586	
4	0	0	0	0	587	
5	0	0	0	0	587	
6	0	0	0	0	586	
7	0	0	0	0	583	
8	0	0	0	0	581	
9	0	0	0	0	580	
10	0	0	0	0	580	
11	0	0	0	0	575	
12	0	0	0	0	573	
13	0	0	0	0	571	
14	0	0	0	0	569	
15	0	0	0	0	569	
0	0	0	0	0	571	
1	0	0	0	0	572	
2	0	0	0	0	567	
3	0	0	0	0	564	
4	0	0	0	0	562	
5	0	0	0	0	560	
6	0	0	0	0	558	
7	0	0	0	0	556	
8	0	0	0	0	556	
9	0	0	0	0	556	
10	0	0	0	0	554	
11	0	0	0	0	549	
12	0	0	0	0	545	
13	0	0	0	0	543	
14	0	0	0	0	539	
15	0	0	0	0	536	
0	0	0	0	0	532	
1	0	0	0	0	527	
2	0	0	0	0	523	
3	0	0	0	0	523	
4	0	0	0	0	519	
5	0	0	0	0	518	
6	0	0	0	0	515	
7	0	0	0	0	510	
8	0	0	0	0	502	
9	0	0	0	0	501	
10	0	0	0	0	504	
11	0	0	0	0	502	
12	0	0	0	0	499	
13	0	0	0	0	496	
14	0	0	0	0	494	
15	0	0	0	0	494	
0	0	0	0	0	491	
1	0	0	0	0	487	
2	0	0	0	0	483	
3	0	0	0	0	482	
4	0	0	0	0	481	
5	0	0	0	0	480	
6	0	0	0	0	476	
7	0	0	0	0	474	
8	0	0	0	0	471	
9	0	0	0	0	468	
10	0	0	0	0	467	
11	0	0	0	0	467	
12	0	0	0	0	470	
13	0	0	0	0	472	
14	0	0	0	0	470	
15	0	0	0	0	469	
0	0	0	0	0	467	
1	0	0	0	0	463	
2	0	0	0	0	460	
3	0	0	0	0	461	
4	0	0	0	0	460	
5	0	0	0	0	454	
6	0	0	0	0	451	
7	0	0	0	0	449	
8	0	0	0	0	448	
9	0	0	0	0	446	
10	0	0	0	0	445	
11	0	0	0	0	445	
12	0	0	0	0	446	
13	0	0	0	0	446	
14	0	0	0	0	446	
15	0	0	0	0	447	
0	0	0	0	0	445	
1	0	0	0	0	445	
2	0	0	0	0	447	
3	0	0	0	0	447	
4	0	0	0	0	448	
5	0	0	0	0	448	
6	0	0	0	0	445	
7	0	0	0	0	448	
8	0	0	0	0	448	
9	0	0	0	0	449	
10	0	0	0	0	448	
11	0	0	0	0	444	
12	0	0	0	0	443	
13	0	0	0	0	438	
14	0	0	0	0	435	
15	0	0	0	0	434	
0	0	0	0	0	433	
1	0	0	0	0	432	
2	0	0	0	0	432	
3	0	0	0	0	434	
4	0	0	0	0	437	
5	0	0	0	0	439	
6	0	0	0	0	440	
7	0	0	0	0	439	
8	0	0	0	0	441	
9	0	0	0	0	444	
10	0	0	0	0	445	
11	0	0	0	0	448	
12	0	0	0	0	451	
13	0	0	0	0	453	
14	0	0	0	0	453	
15	0	0	0	0	454	
0	0	0	0	0	455	
1	0	0	0	0	453	
2	0	0	0	0	450	
3	0	0	0	0	449	
4	0	0	0	0	449	
5	0	0	0	0	453	
6	0	0	0	0	455	
7	0	0	0	0	458	
8	0	0	0	0	460	
9	0	0	0	0	459	
10	0	0	0	0	456	
11	0	0	0	0	455	
12	0	0	0	0	456	
13	0	0	0	0	457	
14	0	0	0	0	457	
15	0	0	0	0	457	
0	0	0	0	0	458	
1	0	0	0	0	457	
2	0	0	0	0	456	
3	0	0	0	0	456	
4	0	0	0	0	454	
5	0	0	0	0	455	
6	0	0	0	0	460	
7	0	0	0	0	461	
8	0	0	0	0	466	
9	0	0	0	0	469	
10	0	0	0	0	472	
11	0	0	0	0	473	
12	0	0	0	0	475	
13	0	0	0	0	476	
14	0	0	0	0	478	
15	0	0	0	0	480	
0	0	0	0	0	480	
1	0	0	0	0	480	
2	0	0	0	0	479	
3	0	0	0	0	477	
4	0	0	0	0	473	
5	0	0	0	0	474	
6	0	0	0	0	476	
7	0	0	0	0	475	
8	0	0	0	0	477	
9	0	0	0	0	478	
10	0	0	0	0	477	
11	0	0	0	0	480	
12	0	0	0	0	483	
13	0	0	0	0	483	
14	0	0	0	0	483	
15	0	0	0	0	483	
0	0	0	0	0	483	
1	0	0	0	0	482	
2	0	0	0	0	482	
3	0	0	0	0	481	
4	0	0	0	0	483	
5	0	0	0	0	482	
6	0	0	0	0	477	
7	0	0	0	0	476	
8	0	0	0	0	480	
9	0	0	0	0	483	
10	0	0	0	0	483	
11	0	0	0	0	485	
12	0	0	0	0	489	
13	0	0	0	0	494	
14	0	0	0	0	494	
15	0	0	0	0	495	
0	0	0	0	0	495	
1	0	0	0	0	497	
2	0	0	0	0	495	
3	0	0	0	0	494	
4	0	0	0	0	496	
5	0	0	0	0	497	
6	0	0	0	0	498	
7	0	0	0	0	499	
8	0	0	0	0	496	
9	0	0	0	0	494	
10	0	0	0	0	494	
11	0	0	0	0	495	
12	0	0	0	0	494	
13	0	0	0	0	498	
14	0	0	0	0	500	
15	0	0	0	0	499	
0	0	0	0	0	497	
1	0	0	0	0	495	
2	0	0	0	0	496	
3	0	0	0	0	499	
4	0	0	0	0	503	
5	0	0	0	0	504	
6	0	0	0	0	504	
7	0	0	0	0	504	
8	0	0	0	0	503	
9	0	0	0	0	507	
10	0	0	0	0	509	
11	0	0	0	0	509	
12	0	0	0	0	510	
13	0	0	0	0	509	
14	0	0	0	0	508	
15	0	0	0	0	505	
0	0	0	0	0	502	
1	0	0	0	0	501	
2	0	0	0	0	500	
3	0	0	0	0	497	
4	0	0	0	0	497	
5	0	0	0	0	500	
6	0	0	0	0	504	
7	0	0	0	0	504	
8	0	0	0	0	504	
9	0	0	0	0	505	
10	0	0	0	0	508	
11	0	0	0	0	507	
12	0	0	0	0	507	
13	0	0	0	0	509	
14	0	0	0	0	512	
15	0	0	0	0	511	
0	0	0	0	0	510	
1	0	0	0	0	509	
2	0	0	0	0	508	
3	0	0	0	0	510	
4	0	0	0	0	509	
5	0	0	0	0	507	
6	0	0	0	0	506	
7	0	0	0	0	505	
8	0	0	0	0	506	
9	0	0	0	0	507	
10	0	0	0	0	507	
11	0	0	0	0	508	
12	0	0	0	0	508	
13	0	0	0	0	507	
14	0	0	0	0	507	
15	0	0	0	0	507	
0	0	0	0	0	507	
1	0	0	0	0	508	
2	0	0	0	0	510	
3	0	0	0	0	510	
4	0	0	0	0	512	
5	0	0	0	0	516	
6	0	0	0	0	516	
7	0	0	0	0	514	
8	0	0	0	0	513	
9	0	0	0	0	514	
10	0	0	0	0	514	
11	0	0	0	0	514	
12	0	0	0	0	519	
13	0	0	0	0	522	
14	0	0	0	0	525	
15	0	0	0	0	526	
0	0	0	0	0	525	
1	0	0	0	0	524	
2	0	0	0	0	523	
3	0	0	0	0	523	
4	0	0	0	0	519	
5	0	0	0	0	515	
6	0	0	0	0	514	
7	0	0	0	0	512	
8	0	0	0	0	511	
9	0	0	0	0	510	
10	0	0	0	0	511	
11	0	0	0	0	511	
12	0	0	0	0	508	
13	0	0	0	0	511	
14	0	0	0	0	513	
15	0	0	0	0	515	
0	0	0	0	0	517	
1	0	0	0	0	519	
2	0	0	0	0	517	
3	0	0	0	0	518	
4	0	0	0	0	518	
5	0	0	0	0	517	
6	0	0	0	0	512	
7	0	0	0	0	511	
8	0	0	0	0	511	
9	0	0	0	0	509	
10	0	0	0	0	507	
11	0	0	0	0	507	
12	0	0	0	0	508	
13	0	0	0	0	506	
14	0	0	0	0	507	
15	0	0	0	0	511	
0	0	0	0	0	511	
1	0	0	0	0	512	
2	0	0	0	0	512	
3	0	0	0	0	512	
4	0	0	0	0	515	
5	0	0	0	0	514	
6	0	0	0	0	515	
7	0	0	0	0	518	
8	0	0	0	0	516	
9	0	0	0	0	517	
10	0	0	0	0	519	
11	0	0	0	0	521	
12	0	0	0	0	519	
13	0	0	0	0	517	
14	0	0	0	0	518	
15	0	0	0	0	517	
0	0	0	0	0	519	
1	0	0	0	0	524	
2	0	0	0	0	527	
3	0	0	0	0	526	
4	0	0	0	0	523	
5	0	0	0	0	523	
6	0	0	0	0	523	
7	0	0	0	0	521	
8	0	0	0	0	521	
9	0	0	0	0	520	
10	0	0	0	0	520	
11	0	0	0	0	521	
12	0	0	0	0	524	
13	0	0	0	0	524	
14	0	0	0	0	519	
15	0	0	0	0	519	
0	0	0	0	0	520	
1	0	0	0	0	518	
2	0	0	0	0	516	
3	0	0	0	0	515	
4	0	0	0	0	516	
5	0	0	0	0	520	
6	0	0	0	0	526	
7	0	0	0	0	529	
8	0	0	0	0	526	
9	0	0	0	0	525	
10	0	0	0	0	526	
11	0	0	0	0	526	
12	0	0	0	0	524	
13	0	0	0	0	521	
14	0	0	0	0	520	
15	0	0	0	0	518	
0	0	0	0	0	514	
1	0	0	0	0	511	
2	0	0	0	0	510	
3	0	0	0	0	511	
4	0	0	0	0	513	
5	0	0	0	0	512	
6	0	0	0	0	513	
7	0	0	0	0	513	
8	0	0	0	0	515	
9	0	0	0	0	515	
10	0	0	0	0	519	
11	0	0	0	0	523	
12	0	0	0	0	524	
13	0	0	0	0	528	
14	0	0	0	0	531	
15	0	0	0	0	532	
0	0	0	0	0	531	
1	0	0	0	0	534	
2	0	0	0	0	536	
3	0	0	0	0	536	
4	0	0	0	0	537	
5	0	0	0	0	539	
6	0	0	0	0	539	
7	0	0	0	0	540	
8	0	0	0	0	539	
9	0	0	0	0	539	
10	0	0	0	0	533	
11	0	0	0	0	527	
12	0	0	0	0	526	
13	0	0	0	0	526	
14	0	0	0	0	527	
15	0	0	0	0	527	
0	0	0	0	0	526	
1	0	0	0	0	524	
2	0	0	0	0	525	
3	0	0	0	0	522	
4	0	0	0	0	519	
5	0	0	0	0	519	
6	0	0	0	0	519	
7	0	0	0	0	519	
8	0	0	0	0	519	
9	0	0	0	0	518	
10	0	0	0	0	515	
11	0	0	0	0	511	
12	0	0	0	0	512	
13	0	0	0	0	512	
14	0	0	0	0	510	
15	0	0	0	0	510	
0	0	0	0	0	511	
1	0	0	0	0	513	
2	0	0	0	0	515	
3	0	0	0	0	518	
4	0	0	0	0	519	
5	0	0	0	0	520	
6	0	0	0	0	521	
7	0	0	0	0	519	
8	0	0	0	0	519	
9	0	0	0	0	519	
10	0	0	0	0	520	
11	0	0	0	0	518	
12	0	0	0	0	515	
13	0	0	0	0	512	
14	0	0	0	0	509	
15	0	0	0	0	508	
0	0	0	0	0	503	
1	0	0	0	0	501	
2	0	0	0	0	504	
3	0	0	0	0	506	
4	0	0	0	0	505	
5	0	0	0	0	503	
6	0	0	0	0	500	
7	0	0	0	0	504	
8	0	0	0	0	505	
9	0	0	0	0	511	
10	0	0	0	0	515	
11	0	0	0	0	517	
12	0	0	0	0	514	
13	0	0	0	0	510	
14	0	0	0	0	507	
15	0	0	0	0	504	
0	0	0	0	0	504	
1	0	0	0	0	507	
2	0	0	0	0	510	
3	0	0	0	0	512	
4	0	0	0	0	508	
5	0	0	0	0	506	
6	0	0	0	0	508	
7	0	0	0	0	507	
8	0	0	0	0	508	
9	0	0	0	0	510	
10	0	0	0	0	512	
11	0	0	0	0	519	
12	0	0	0	0	518	
13	0	0	0	0	518	
14	0	0	0	0	515	
15	0	0	0	0	514	
0	0	0	0	0	513	
1	0	0	0	0	512	
2	0	0	0	0	515	
3	0	0	0	0	514	
4	0	0	0	0	514	
5	0	0	0	0	516	
6	0	0	0	0	517	
7	0	0	0	0	518	
8	0	0	0	0	519	
9	0	0	0	0	520	
10	0	0	0	0	521	
11	0	0	0	0	522	
12	0	0	0	0	523	
13	0	0	0	0	524	
14	0	0	0	0	524	
15	0	0	0	0	520	
0	0	0	0	0	515	
1	0	0	0	0	512	
2	0	0	0	0	510	
3	0	0	0	0	512	
4	0	0	0	0	512	
5	0	0	0	0	508	
6	0	0	0	0	503	
7	0	0	0	0	502	
8	0	0	0	0	503	
9	0	0	0	0	502	
10	0	0	0	0	502	
11	0	0	0	0	506	
12	0	0	0	0	512	
13	0	0	0	0	519	
14	0	0	0	0	525	
15	0	0	0	0	531	
0	0	0	0	0	538	
1	0	0	0	0	544	
2	0	0	0	0	550	
3	0	0	0	0	559	
4	0	0	0	0	573	
5	0	0	0	0	582	
6	0	0	0	0	591	
7	0	0	0	0	603	
8	0	0	0	0	619	
9	0	0	0	0	632	
10	0	0	0	0	645	
11	0	0	0	0	662	
12	0	0	0	0	681	
13	0	0	0	0	702	
14	0	0	0	0	717	
15	0	0	0	0	736	
0	0	0	0	0	755	
1	0	0	0	0	773	
2	0	0	0	0	789	
3	0	0	0	0	803	
4	0	0	0	0	819	
5	0	0	0	0	836	
6	0	0	0	0	849	
7	0	0	0	0	854	
8	0	0	0	0	846	
9	0	0	0	0	839	
10	0	0	0	0	832	
11	0	0	0	0	816	
12	0	0	0	0	797	
13	0	0	0	0	775	
14	0	0	0	0	749	
15	0	0	0	0	719	
0	0	0	0	0	688	
1	0	0	0	0	656	
2	0	0	0	0	616	
3	0	0	0	0	574	
4	0	0	0	0	528	
5	0	0	0	0	491	
6	0	0	0	0	459	
7	0	0	0	0	432	
8	0	0	0	0	411	
9	0	0	0	0	399	
10	0	0	0	0	394	
11	0	0	0	0	393	
12	0	0	0	0	396	
13	0	0	0	0	404	
14	0	0	0	0	410	
15	0	0	0	0	411	
0	0	0	0	0	417	
1	0	0	0	0	426	
2	0	0	0	0	436	
3	0	0	0	0	443	
4	0	0	0	0	446	
5	0	0	0	0	450	
6	0	0	0	0	457	
7	0	0	0	0	462	
8	0	0	0	0	468	
9	0	0	0	0	472	
10	0	0	0	0	475	
11	0	0	0	0	482	
12	0	0	0	0	487	
13	0	0	0	0	486	
14	0	0	0	0	487	
15	0	0	0	0	488	
0	0	0	0	0	484	
1	0	0	0	0	480	
2	0	0	0	0	480	
3	0	0	0	0	480	
4	0	0	0	0	481	
5	0	0	0	0	478	
6	0	0	0	0	472	
7	0	0	0	0	470	
8	0	0	0	0	470	
9	0	0	0	0	471	
10	0	0	0	0	471	
11	0	0	0	0	474	
12	0	0	0	0	475	
13	0	0	0	0	476	
14	0	0	0	0	476	
15	0	0	0	0	478	
0	0	0	0	0	483	
1	0	0	0	0	482	
2	0	0	0	0	482	
3	0	0	0	0	483	
4	0	0	0	0	483	
5	0	0	0	0	484	
6	0	0	0	0	483	
7	0	0	0	0	481	
8	0	0	0	0	483	
9	0	0	0	0	484	
10	0	0	0	0	484	
11	0	0	0	0	482	
12	0	0	0	0	483	
13	0	0	0	0	486	
14	0	0	0	0	492	
15	0	0	0	0	495	
0	0	0	0	0	494	
1	0	0	0	0	490	
2	0	0	0	0	487	
3	0	0	0	0	485	
4	0	0	0	0	483	
5	0	0	0	0	483	
6	0	0	0	0	482	
7	0	0	0	0	480	
8	0	0	0	0	482	
9	0	0	0	0	484	
10	0	0	0	0	486	
11	0	0	0	0	487	
12	0	0	0	0	487	
13	0	0	0	0	488	
14	0	0	0	0	489	
15	0	0	0	0	490	
0	0	0	0	0	490	
1	0	0	0	0	491	
2	0	0	0	0	490	
3	0	0	0	0	491	
4	0	0	0	0	496	
5	0	0	0	0	498	
6	0	0	0	0	499	
7	0	0	0	0	499	
8	0	0	0	0	502	
9	0	0	0	0	504	
10	0	0	0	0	504	
11	0	0	0	0	502	
12	0	0	0	0	500	
13	0	0	0	0	499	
14	0	0	0	0	498	
15	0	0	0	0	501	
0	0	0	0	0	505	
1	0	0	0	0	506	
2	0	0	0	0	508	
3	0	0	0	0	509	
4	0	0	0	0	508	
5	0	0	0	0	507	
6	0	0	0	0	508	
7	0	0	0	0	511	
8	0	0	0	0	510	
9	0	0	0	0	508	
10	0	0	0	0	509	
11	0	0	0	0	507	
12	0	0	0	0	507	
13	0	0	0	0	505	
14	0	0	0	0	506	
15	0	0	0	0	507	
0	0	0	0	0	508	
1	0	0	0	0	512	
2	0	0	0	0	516	
3	0	0	0	0	517	
4	0	0	0	0	520	
5	0	0	0	0	518	
6	0	0	0	0	518	
7	0	0	0	0	520	
8	0	0	0	0	521	
9	0	0	0	0	519	
10	0	0	0	0	518	
11	0	0	0	0	518	
12	0	0	0	0	519	
13	0	0	0	0	516	
14	0	0	0	0	512	
15	0	0	0	0	510	
0	0	0	0	0	512	
1	0	0	0	0	516	
2	0	0	0	0	519	
3	0	0	0	0	519	
4	0	0	0	0	518	
5	0	0	0	0	517	
6	0	0	0	0	517	
7	0	0	0	0	518	
8	0	0	0	0	518	
9	0	0	0	0	518	
10	0	0	0	0	519	
11	0	0	0	0	519	
12	0	0	0	0	517	
13	0	0	0	0	516	
14	0	0	0	0	515	
15	0	0	0	0	518	
0	0	0	0	0	523	
1	0	0	0	0	524	
2	0	0	0	0	525	
3	0	0	0	0	527	
4	0	0	0	0	528	
5	0	0	0	0	527	
6	0	0	0	0	524	
7	0	0	0	0	523	
8	0	0	0	0	524	
9	0	0	0	0	526	
10	0	0	0	0	524	
11	0	0	0	0	519	
12	0	0	0	0	519	
13	0	0	0	0	518	
14	0	0	0	0	519	
15	0	0	0	0	523	
0	0	0	0	0	527	
1	0	0	0	0	528	
2	0	0	0	0	527	
3	0	0	0	0	527	
4	0	0	0	0	527	
5	0	0	0	0	528	
6	0	0	0	0	533	
7	0	0	0	0	535	
8	0	0	0	0	536	
9	0	0	0	0	535	
10	0	0	0	0	535	
11	0	0	0	0	536	
12	0	0	0	0	537	
13	0	0	0	0	541	
14	0	0	0	0	544	
15	0	0	0	0	547	
0	0	0	0	0	551	
1	0	0	0	0	551	
2	0	0	0	0	550	
3	0	0	0	0	549	
4	0	0	0	0	552	
5	0	0	0	0	556	
6	0	0	0	0	555	
7	0	0	0	0	555	
8	0	0	0	0	554	
9	0	0	0	0	558	
10	0	0	0	0	558	
11	0	0	0	0	556	
12	0	0	0	0	552	
13	0	0	0	0	551	
14	0	0	0	0	552	
15	0	0	0	0	554	
0	0	0	0	0	556	
1	0	0	0	0	560	
2	0	0	0	0	559	
3	0	0	0	0	558	
4	0	0	0	0	557	
5	0	0	0	0	554	
6	0	0	0	0	555	
7	0	0	0	0	558	
8	0	0	0	0	560	
9	0	0	0	0	560	
10	0	0	0	0	559	
11	0	0	0	0	559	
12	0	0	0	0	560	
13	0	0	0	0	561	
14	0	0	0	0	564	
15	0	0	0	0	564	
0	0	0	0	0	565	
1	0	0	0	0	565	
2	0	0	0	0	566	
3	0	0	0	0	568	
4	0	0	0	0	568	
5	0	0	0	0	572	
6	0	0	0	0	571	
7	0	0	0	0	571	
8	0	0	0	0	568	
9	0	0	0	0	566	
10	0	0	0	0	565	
11	0	0	0	0	563	
12	0	0	0	0	561	
13	0	0	0	0	560	
14	0	0	0	0	560	
15	0	0	0	0	560	
0	0	0	0	0	559	
1	0	0	0	0	557	
2	0	0	0	0	559	
3	0	0	0	0	560	
4	0	0	0	0	559	
5	0	0	0	0	559	
6	0	0	0	0	558	
7	0	0	0	0	558	
8	0	0	0	0	556	
9	0	0	0	0	554	
10	0	0	0	0	553	
11	0	0	0	0	551	
12	0	0	0	0	551	
13	0	0	0	0	551	
14	0	0	0	0	549	
15	0	0	0	0	548	
0	0	0	0	0	545	
1	0	0	0	0	544	
2	0	0	0	0	542	
3	0	0	0	0	539	
4	0	0	0	0	538	
5	0	0	0	0	537	
6	0	0	0	0	536	
7	0	0	0	0	531	
8	0	0	0	0	530	
9	0	0	0	0	528	
10	0	0	0	0	527	
11	0	0	0	0	526	
12	0	0	0	0	524	
13	0	0	0	0	520	
14	0	0	0	0	517	
15	0	0	0	0	512	
0	0	0	0	0	508	
1	0	0	0	0	503	
2	0	0	0	0	500	
3	0	0	0	0	502	
4	0	0	0	0	500	
5	0	0	0	0	497	
6	0	0	0	0	494	
7	0	0	0	0	491	
8	0	0	0	0	490	
9	0	0	0	0	489	
10	0	0	0	0	486	
11	0	0	0	0	483	
12	0	0	0	0	483	
13	0	0	0	0	482	
14	0	0	0	0	479	
15	0	0	0	0	476	
0	0	0	0	0	475	
1	0	0	0	0	470	
2	0	0	0	0	469	
3	0	0	0	0	470	
4	0	0	0	0	473	
5	0	0	0	0	472	
6	0	0	0	0	469	
7	0	0	0	0	465	
8	0	0	0	0	462	
9	0	0	0	0	458	
10	0	0	0	0	455	
11	0	0	0	0	450	
12	0	0	0	0	446	
13	0	0	0	0	446	
14	0	0	0	0	447	
15	0	0	0	0	446	
0	0	0	0	0	446	
1	0	0	0	0	447	
2	0	0	0	0	445	
3	0	0	0	0	445	
4	0	0	0	0	446	
5	0	0	0	0	447	
6	0	0	0	0	448	
7	0	0	0	0	447	
8	0	0	0	0	448	
9	0	0	0	0	447	
10	0	0	0	0	447	
11	0	0	0	0	447	
12	0	0	0	0	445	
13	0	0	0	0	443	
14	0	0	0	0	441	
15	0	0	0	0	443	
0	0	0	0	0	441	
1	0	0	0	0	441	
2	0	0	0	0	440	
3	0	0	0	0	439	
4	0	0	0	0	439	
5	0	0	0	0	437	
6	0	0	0	0	435	
7	0	0	0	0	436	
8	0	0	0	0	435	
9	0	0	0	0	435	
10	0	0	0	0	436	
11	0	0	0	0	435	
12	0	0	0	0	440	
13	0	0	0	0	439	
14	0	0	0	0	440	
15	0	0	0	0	441	
0	0	0	0	0	443	
1	0	0	0	0	443	
2	0	0	0	0	442	
3	0	0	0	0	443	
4	0	0	0	0	444	
5	0	0	0	0	447	
6	0	0	0	0	449	
7	0	0	0	0	450	
8	0	0	0	0	451	
9	0	0	0	0	452	
10	0	0	0	0	452	
11	0	0	0	0	452	
12	0	0	0	0	452	
13	0	0	0	0	452	
14	0	0	0	0	453	
15	0	0	0	0	455	
0	0	0	0	0	456	
1	0	0	0	0	455	
2	0	0	0	0	455	
3	0	0	0	0	455	
4	0	0	0	0	455	
5	0	0	0	0	455	
6	0	0	0	0	455	
7	0	0	0	0	461	
8	0	0	0	0	466	
9	0	0	0	0	467	
10	0	0	0	0	468	
11	0	0	0	0	472	
12	0	0	0	0	473	
13	0	0	0	0	472	
14	0	0	0	0	468	
15	0	0	0	0	465	
0	0	0	0	0	464	
1	0	0	0	0	467	
2	0	0	0	0	467	
3	0	0	0	0	466	
4	0	0	0	0	468	
5	0	0	0	0	468	
6	0	0	0	0	471	
7	0	0	0	0	473	
8	0	0	0	0	472	
9	0	0	0	0	471	
10	0	0	0	0	469	
11	0	0	0	0	468	
12	0	0	0	0	468	
13	0	0	0	0	469	
14	0	0	0	0	472	
15	0	0	0	0	474	
0	0	0	0	0	476	
1	0	0	0	0	477	
2	0	0	0	0	478	
3	0	0	0	0	480	
4	0	0	0	0	481	
5	0	0	0	0	483	
6	0	0	0	0	484	
7	0	0	0	0	485	
8	0	0	0	0	485	
9	0	0	0	0	486	
10	0	0	0	0	487	
11	0	0	0	0	488	
12	0	0	0	0	488	
13	0	0	0	0	488	
14	0	0	0	0	489	
15	0	0	0	0	490	
0	0	0	0	0	488	
1	0	0	0	0	487	
2	0	0	0	0	487	
3	0	0	0	0	484	
4	0	0	0	0	484	
5	0	0	0	0	485	
6	0	0	0	0	487	
7	0	0	0	0	489	
8	0	0	0	0	490	
9	0	0	0	0	492	
10	0	0	0	0	494	
11	0	0	0	0	494	
12	0	0	0	0	495	
13	0	0	0	0	497	
14	0	0	0	0	499	
15	0	0	0	0	499	
0	0	0	0	0	498	
1	0	0	0	0	500	
2	0	0	0	0	502	
3	0	0	0	0	500	
4	0	0	0	0	499	
5	0	0	0	0	496	
6	0	0	0	0	494	
7	0	0	0	0	492	
8	0	0	0	0	490	
9	0	0	0	0	489	
10	0	0	0	0	490	
11	0	0	0	0	493	
12	0	0	0	0	497	
13	0	0	0	0	503	
14	0	0	0	0	507	
15	0	0	0	0	507	
0	0	0	0	0	506	
1	0	0	0	0	505	
2	0	0	0	0	506	
3	0	0	0	0	506	
4	0	0	0	0	506	
5	0	0	0	0	508	
6	0	0	0	0	508	
7	0	0	0	0	510	
8	0	0	0	0	510	
9	0	0	0	0	509	
10	0	0	0	0	509	
11	0	0	0	0	508	
12	0	0	0	0	507	
13	0	0	0	0	507	
14	0	0	0	0	508	
15	0	0	0	0	510	
0	0	0	0	0	507	
1	0	0	0	0	505	
2	0	0	0	0	509	
3	0	0	0	0	510	
4	0	0	0	0	506	
5	0	0	0	0	504	
6	0	0	0	0	504	
7	0	0	0	0	504	
8	0	0	0	0	505	
9	0	0	0	0	506	
10	0	0	0	0	507	
11	0	0	0	0	509	
12	0	0	0	0	510	
13	0	0	0	0	511	
14	0	0	0	0	512	
15	0	0	0	0	512	
0	0	0	0	0	512	
1	0	0	0	0	513	
2	0	0	0	0	512	
3	0	0	0	0	510	
4	0	0	0	0	508	
5	0	0	0	0	508	
6	0	0	0	0	508	
7	0	0	0	0	508	
8	0	0	0	0	508	
9	0	0	0	0	508	
10	0	0	0	0	509	
11	0	0	0	0	509	
12	0	0	0	0	510	
13	0	0	0	0	512	
14	0	0	0	0	512	
15	0	0	0	0	512	
0	0	0	0	0	510	
1	0	0	0	0	510	
2	0	0	0	0	510	
3	0	0	0	0	509	
4	0	0	0	0	509	
5	0	0	0	0	509	
6	0	0	0	0	509	
7	0	0	0	0	510	
8	0	0	0	0	509	
9	0	0	0	0	509	
10	0	0	0	0	508	
11	0	0	0	0	509	
12	0	0	0	0	509	
13	0	0	0	0	510	
14	0	0	0	0	511	
15	0	0	0	0	512	
0	0	0	0	0	513	
1	0	0	0	0	512	
2	0	0	0	0	510	
3	0	0	0	0	510	
4	0	0	0	0	511	
5	0	0	0	0	509	
6	0	0	0	0	508	
7	0	0	0	0	507	
8	0	0	0	0	504	
9	0	0	0	0	503	
10	0	0	0	0	505	
11	0	0	0	0	508	
12	0	0	0	0	510	
13	0	0	0	0	511	
14	0	0	0	0	513	
15	0	0	0	0	515	
0	0	0	0	0	515	
1	0	0	0	0	514	
2	0	0	0	0	513	
3	0	0	0	0	510	
4	0	0	0	0	506	
5	0	0	0	0	503	
6	0	0	0	0	500	
7	0	0	0	0	498	
8	0	0	0	0	498	
9	0	0	0	0	499	
10	0	0	0	0	500	
11	0	0	0	0	501	
12	0	0	0	0	501	
13	0	0	0	0	501	
14	0	0	0	0	504	
15	0	0	0	0	507	
0	0	0	0	0	507	
1	0	0	0	0	508	
2	0	0	0	0	508	
3	0	0	0	0	510	
4	0	0	0	0	511	
5	0	0	0	0	511	
6	0	0	0	0	510	
7	0	0	0	0	507	
8	0	0	0	0	504	
9	0	0	0	0	504	
10	0	0	0	0	503	
11	0	0	0	0	503	
12	0	0	0	0	503	
13	0	0	0	0	502	
14	0	0	0	0	503	
15	0	0	0	0	503	
0	0	0	0	0	505	
1	0	0	0	0	508	
2	0	0	0	0	510	
3	0	0	0	0	512	
4	0	0	0	0	512	
5	0	0	0	0	513	
6	0	0	0	0	513	
7	0	0	0	0	514	
8	0	0	0	0	514	
9	0	0	0	0	513	
10	0	0	0	0	515	
11	0	0	0	0	515	
12	0	0	0	0	514	
13	0	0	0	0	515	
14	0	0	0	0	515	
15	0	0	0	0	513	
0	0	0	0	0	513	
1	0	0	0	0	511	
2	0	0	0	0	509	
3	0	0	0	0	509	
4	0	0	0	0	508	
5	0	0	0	0	505	
6	0	0	0	0	505	
7	0	0	0	0	504	
8	0	0	0	0	503	
9	0	0	0	0	504	
10	0	0	0	0	504	
11	0	0	0	0	504	
12	0	0	0	0	507	
13	0	0	0	0	509	
14	0	0	0	0	510	
15	0	0	0	0	510	
0	0	0	0	0	511	
1	0	0	0	0	512	
2	0	0	0	0	513	
3	0	0	0	0	515	
4	0	0	0	0	516	
5	0	0	0	0	517	
6	0	0	0	0	518	
7	0	0	0	0	518	
8	0	0	0	0	518	
9	0	0	0	0	517	
10	0	0	0	0	513	
11	0	0	0	0	511	
12	0	0	0	0	510	
13	0	0	0	0	509	
14	0	0	0	0	510	
15	0	0	0	0	510	
0	0	0	0	0	509	
1	0	0	0	0	508	
2	0	0	0	0	508	
3	0	0	0	0	507	
4	0	0	0	0	506	
5	0	0	0	0	503	
6	0	0	0	0	499	
7	0	0	0	0	495	
8	0	0	0	0	492	
9	0	0	0	0	489	
10	0	0	0	0	487	
11	0	0	0	0	488	
12	0	0	0	0	491	
13	0	0	0	0	493	
14	0	0	0	0	492	
15	0	0	0	0	491	
0	0	0	0	0	491	
1	0	0	0	0	492	
2	0	0	0	0	491	
3	0	0	0	0	492	
4	0	0	0	0	494	
5	0	0	0	0	495	
6	0	0	0	0	496	
7	0	0	0	0	496	
8	0	0	0	0	497	
9	0	0	0	0	498	
10	0	0	0	0	496	
11	0	0	0	0	496	
12	0	0	0	0	496	
13	0	0	0	0	495	
14	0	0	0	0	495	
15	0	0	0	0	494	
0	0	0	0	0	493	
1	0	0	0	0	493	
2	0	0	0	0	493	
3	0	0	0	0	492	
4	0	0	0	0	491	
5	0	0	0	0	490	
6	0	0	0	0	490	
7	0	0	0	0	489	
8	0	0	0	0	487	
9	0	0	0	0	485	
10	0	0	0	0	484	
11	0	0	0	0	483	
12	0	0	0	0	483	
13	0	0	0	0	483	
14	0	0	0	0	483	
15	0	0	0	0	486	
0	0	0	0	0	486	
1	0	0	0	0	485	
2	0	0	0	0	486	
3	0	0	0	0	486	
4	0	0	0	0	486	
5	0	0	0	0	486	
6	0	0	0	0	485	
7	0	0	0	0	486	
8	0	0	0	0	486	
9	0	0	0	0	487	
10	0	0	0	0	487	
11	0	0	0	0	487	
12	0	0	0	0	487	
13	0	0	0	0	487	
14	0	0	0	0	487	
15	0	0	0	0	488	
0	0	0	0	0	488	
1	0	0	0	0	489	
2	0	0	0	0	491	
3	0	0	0	0	492	
4	0	0	0	0	491	
5	0	0	0	0	492	
6	0	0	0	0	493	
7	0	0	0	0	493	
8	0	0	0	0	494	
9	0	0	0	0	496	
10	0	0	0	0	495	
11	0	0	0	0	494	
12	0	0	0	0	492	
13	0	0	0	0	494	
14	0	0	0	0	495	
15	0	0	0	0	495	
0	0	0	0	0	495	
1	0	0	0	0	497	
2	0	0	0	0	500	
3	0	0	0	0	499	
4	0	0	0	0	498	
5	0	0	0	0	499	
6	0	0	0	0	499	
7	0	0	0	0	496	
8	0	0	0	0	491	
9	0	0	0	0	486	
10	0	0	0	0	484	
11	0	0	0	0	483	
12	0	0	0	0	484	
13	0	0	0	0	487	
14	0	0	0	0	488	
15	0	0	0	0	493	
0	0	0	0	0	497	
1	0	0	0	0	502	
2	0	0	0	0	508	
3	0	0	0	0	514	
4	0	0	0	0	520	
5	0	0	0	0	528	
6	0	0	0	0	535	
7	0	0	0	0	543	
8	0	0	0	0	552	
9	0	0	0	0	563	
10	0	0	0	0	573	
11	0	0	0	0	585	
12	0	0	0	0	598	
13	0	0	0	0	613	
14	0	0	0	0	629	
15	0	0	0	0	647	
0	0	0	0	0	668	
1	0	0	0	0	688	
2	0	0	0	0	704	
3	0	0	0	0	723	
4	0	0	0	0	743	
5	0	0	0	0	764	
6	0	0	0	0	783	
7	0	0	0	0	801	
8	0	0	0	0	821	
9	0	0	0	0	835	
10	0	0	0	0	841	
11	0	0	0	0	839	
12	0	0	0	0	831	
13	0	0	0	0	825	
14	0	0	0	0	812	
15	0	0	0	0	793	
0	0	0	0	0	772	
1	0	0	0	0	748	
2	0	0	0	0	718	
3	0	0	0	0	688	
4	0	0	0	0	655	
5	0	0	0	0	617	
6	0	0	0	0	576	
7	0	0	0	0	536	
8	0	0	0	0	496	
9	0	0	0	0	460	
10	0	0	0	0	428	
11	0	0	0	0	404	
12	0	0	0	0	387	
13	0	0	0	0	377	
14	0	0	0	0	374	
15	0	0	0	0	376	
0	0	0	0	0	382	
1	0	0	0	0	389	
2	0	0	0	0	396	
3	0	0	0	0	405	
4	0	0	0	0	414	
5	0	0	0	0	423	
6	0	0	0	0	430	
7	0	0	0	0	434	
8	0	0	0	0	440	
9	0	0	0	0	446	
10	0	0	0	0	449	
11	0	0	0	0	453	
12	0	0	0	0	455	
13	0	0	0	0	456	
14	0	0	0	0	456	
15	0	0	0	0	456	
0	0	0	0	0	457	
1	0	0	0	0	457	
2	0	0	0	0	458	
3	0	0	0	0	458	
4	0	0	0	0	459	
5	0	0	0	0	460	
6	0	0	0	0	460	
7	0	0	0	0	462	
8	0	0	0	0	463	
9	0	0	0	0	462	
10	0	0	0	0	461	
11	0	0	0	0	462	
12	0	0	0	0	463	
13	0	0	0	0	462	
14	0	0	0	0	461	
15	0	0	0	0	462	
0	0	0	0	0	462	
1	0	0	0	0	463	
2	0	0	0	0	465	
3	0	0	0	0	466	
4	0	0	0	0	466	
5	0	0	0	0	467	
6	0	0	0	0	467	
7	0	0	0	0	467	
8	0	0	0	0	469	
9	0	0	0	0	471	
10	0	0	0	0	472	
11	0	0	0	0	472	
12	0	0	0	0	473	
13	0	0	0	0	473	
14	0	0	0	0	475	
15	0	0	0	0	475	
0	0	0	0	0	476	
1	0	0	0	0	474	
2	0	0	0	0	473	
3	0	0	0	0	473	
4	0	0	0	0	472	
5	0	0	0	0	473	
6	0	0	0	0	474	
7	0	0	0	0	475	
8	0	0	0	0	476	
9	0	0	0	0	476	
10	0	0	0	0	476	
11	0	0	0	0	479	
12	0	0	0	0	479	
13	0	0	0	0	479	
14	0	0	0	0	479	
15	0	0	0	0	480	
0	0	0	0	0	480	
1	0	0	0	0	479	
2	0	0	0	0	480	
3	0	0	0	0	480	
4	0	0	0	0	480	
5	0	0	0	0	481	
6	0	0	0	0	480	
7	0	0	0	0	480	
8	0	0	0	0	481	
9	0	0	0	0	482	
10	0	0	0	0	482	
11	0	0	0	0	483	
12	0	0	0	0	484	
13	0	0	0	0	484	
14	0	0	0	0	485	
15	0	0	0	0	484	
0	0	0	0	0	483	
1	0	0	0	0	483	
2	0	0	0	0	483	
3	0	0	0	0	484	
4	0	0	0	0	484	
5	0	0	0	0	485	
6	0	0	0	0	486	
7	0	0	0	0	487	
8	0	0	0	0	487	
9	0	0	0	0	489	
10	0	0	0	0	489	
11	0	0	0	0	492	
12	0	0	0	0	495	
13	0	0	0	0	496	
14	0	0	0	0	497	
15	0	0	0	0	497	
0	0	0	0	0	497	
1	0	0	0	0	496	
2	0	0	0	0	494	
3	0	0	0	0	492	
4	0	0	0	0	492	
5	0	0	0	0	492	
6	0	0	0	0	492	
7	0	0	0	0	494	
8	0	0	0	0	494	
9	0	0	0	0	494	
10	0	0	0	0	496	
11	0	0	0	0	498	
12	0	0	0	0	500	
13	0	0	0	0	502	
14	0	0	0	0	503	
15	0	0	0	0	503	
0	0	0	0	0	504	
1	0	0	0	0	504	
2	0	0	0	0	504	
3	0	0	0	0	505	
4	0	0	0	0	505	
5	0	0	0	0	505	
6	0	0	0	0	506	
7	0	0	0	0	507	
8	0	0	0	0	507	
9	0	0	0	0	509	
10	0	0	0	0	509	
11	0	0	0	0	510	
12	0	0	0	0	512	
13	0	0	0	0	512	
14	0	0	0	0	513	
15	0	0	0	0	514	
0	0	0	0	0	515	
1	0	0	0	0	516	
2	0	0	0	0	516	
3	0	0	0	0	516	
4	0	0	0	0	517	
5	0	0	0	0	518	
6	0	0	0	0	518	
7	0	0	0	0	518	
8	0	0	0	0	519	
9	0	0	0	0	519	
10	0	0	0	0	520	
11	0	0	0	0	520	
12	0	0	0	0	521	
13	0	0	0	0	523	
14	0	0	0	0	524	
15	0	0	0	0	526	
0	0	0	0	0	527	
1	0	0	0	0	527	
2	0	0	0	0	530	
3	0	0	0	0	530	
4	0	0	0	0	531	
5	0	0	0	0	531	
6	0	0	0	0	530	
7	0	0	0	0	531	
8	0	0	0	0	531	
9	0	0	0	0	531	
10	0	0	0	0	530	
11	0	0	0	0	529	
12	0	0	0	0	531	
13	0	0	0	0	533	
14	0	0	0	0	536	
15	0	0	0	0	539	
0	0	0	0	0	539	
1	0	0	0	0	540	
2	0	0	0	0	541	
3	0	0	0	0	542	
4	0	0	0	0	543	
5	0	0	0	0	543	
6	0	0	0	0	544	
7	0	0	0	0	544	
8	0	0	0	0	545	
9	0	0	0	0	544	
10	0	0	0	0	543	
11	0	0	0	0	545	
12	0	0	0	0	546	
13	0	0	0	0	547	
14	0	0	0	0	547	
15	0	0	0	0	548	
0	0	0	0	0	550	
1	0	0	0	0	551	
2	0	0	0	0	553	
3	0	0	0	0	553	
4	0	0	0	0	551	
5	0	0	0	0	551	
6	0	0	0	0	550	
7	0	0	0	0	549	
8	0	0	0	0	550	
9	0	0	0	0	552	
10	0	0	0	0	554	
11	0	0	0	0	553	
12	0	0	0	0	554	
13	0	0	0	0	555	
14	0	0	0	0	557	
15	0	0	0	0	558	
0	0	0	0	0	558	
1	0	0	0	0	559	
2	0	0	0	0	561	
3	0	0	0	0	563	
4	0	0	0	0	564	
5	0	0	0	0	564	
6	0	0	0	0	566	
7	0	0	0	0	566	
8	0	0	0	0	564	
9	0	0	0	0	565	
10	0	0	0	0	563	
11	0	0	0	0	563	
12	0	0	0	0	561	
13	0	0	0	0	561	
14	0	0	0	0	561	
15	0	0	0	0	561	
0	0	0	0	0	563	
1	0	0	0	0	563	
2	0	0	0	0	563	
3	0	0	0	0	563	
4	0	0	0	0	561	
5	0	0	0	0	560	
6	0	0	0	0	560	
7	0	0	0	0	560	
8	0	0	0	0	560	
9	0	0	0	0	559	
10	0	0	0	0	559	
11	0	0	0	0	558	
12	0	0	0	0	558	
13	0	0	0	0	556	
14	0	0	0	0	557	
15	0	0	0	0	558	
0	0	0	0	0	556	
1	0	0	0	0	553	
2	0	0	0	0	551	
3	0	0	0	0	549	
4	0	0	0	0	547	
5	0	0	0	0	545	
6	0	0	0	0	543	
7	0	0	0	0	543	
8	0	0	0	0	541	
9	0	0	0	0	539	
10	0	0	0	0	537	
11	0	0	0	0	536	
12	0	0	0	0	536	
13	0	0	0	0	534	
14	0	0	0	0	532	
15	0	0	0	0	529	
0	0	0	0	0	526	
1	0	0	0	0	525	
2	0	0	0	0	523	
3	0	0	0	0	523	
4	0	0	0	0	520	
5	0	0	0	0	519	
6	0	0	0	0	517	
7	0	0	0	0	515	
8	0	0	0	0	512	
9	0	0	0	0	508	
10	0	0	0	0	504	
11	0	0	0	0	500	
12	0	0	0	0	497	
13	0	0	0	0	494	
14	0	0	0	0	490	
15	0	0	0	0	486	
0	0	0	0	0	482	
1	0	0	0	0	480	
2	0	0	0	0	477	
3	0	0	0	0	476	
4	0	0	0	0	476	
5	0	0	0	0	475	
6	0	0	0	0	473	
7	0	0	0	0	471	
8	0	0	0	0	469	
9	0	0	0	0	467	
10	0	0	0	0	464	
11	0	0	0	0	463	
12	0	0	0	0	461	
13	0	0	0	0	459	
14	0	0	0	0	456	
15	0	0	0	0	455	
0	0	0	0	0	454	
1	0	0	0	0	454	
2	0	0	0	0	454	
3	0	0	0	0	454	
4	0	0	0	0	454	
5	0	0	0	0	454	
6	0	0	0	0	452	
7	0	0	0	0	451	
8	0	0	0	0	449	
9	0	0	0	0	449	
10	0	0	0	0	448	
11	0	0	0	0	448	
12	0	0	0	0	446	
13	0	0	0	0	445	
14	0	0	0	0	445	
15	0	0	0	0	445	
0	0	0	0	0	445	
1	0	0	0	0	445	
2	0	0	0	0	444	
3	0	0	0	0	445	
4	0	0	0	0	446	
5	0	0	0	0	448	
6	0	0	0	0	448	
7	0	0	0	0	448	
8	0	0	0	0	448	
9	0	0	0	0	448	
10	0	0	0	0	448	
11	0	0	0	0	449	
12	0	0	0	0	450	
13	0	0	0	0	451	
14	0	0	0	0	451	
15	0	0	0	0	451	
0	0	0	0	0	450	
1	0	0	0	0	450	
2	0	0	0	0	451	
3	0	0	0	0	450	
4	0	0	0	0	451	
5	0	0	0	0	452	
6	0	0	0	0	452	
7	0	0	0	0	453	
8	0	0	0	0	453	
9	0	0	0	0	453	
10	0	0	0	0	452	
11	0	0	0	0	451	
12	0	0	0	0	451	
13	0	0	0	0	451	
14	0	0	0	0	451	
15	0	0	0	0	453	
0	0	0	0	0	454	
1	0	0	0	0	455	
2	0	0	0	0	454	
3	0	0	0	0	455	
4	0	0	0	0	455	
5	0	0	0	0	457	
6	0	0	0	0	461	
7	0	0	0	0	464	
8	0	0	0	0	466	
9	0	0	0	0	465	
10	0	0	0	0	464	
11	0	0	0	0	464	
12	0	0	0	0	463	
13	0	0	0	0	464	
14	0	0	0	0	464	
15	0	0	0	0	464	
0	0	0	0	0	465	
1	0	0	0	0	467	
2	0	0	0	0	469	
3	0	0	0	0	470	
4	0	0	0	0	470	
5	0	0	0	0	472	
6	0	0	0	0	473	
7	0	0	0	0	474	
8	0	0	0	0	474	
9	0	0	0	0	474	
10	0	0	0	0	473	
11	0	0	0	0	472	
12	0	0	0	0	473	
13	0	0	0	0	473	
14	0	0	0	0	473	
15	0	0	0	0	475	
0	0	0	0	0	475	
1	0	0	0	0	476	
2	0	0	0	0	477	
3	0	0	0	0	478	
4	0	0	0	0	478	
5	0	0	0	0	480	
6	0	0	0	0	481	
7	0	0	0	0	482	
8	0	0	0	0	482	
9	0	0	0	0	483	
10	0	0	0	0	484	
11	0	0	0	0	486	
12	0	0	0	0	486	
13	0	0	0	0	486	
14	0	0	0	0	486	
15	0	0	0	0	487	
0	0	0	0	0	488	
1	0	0	0	0	489	
2	0	0	0	0	489	
3	0	0	0	0	491	
4	0	0	0	0	490	
5	0	0	0	0	491	
6	0	0	0	0	492	
7	0	0	0	0	492	
8	0	0	0	0	493	
9	0	0	0	0	493	
10	0	0	0	0	494	
11	0	0	0	0	494	
12	0	0	0	0	495	
13	0	0	0	0	495	
14	0	0	0	0	495	
15	0	0	0	0	496	
0	0	0	0	0	496	
1	0	0	0	0	497	
2	0	0	0	0	498	
3	0	0	0	0	499	
4	0	0	0	0	500	
5	0	0	0	0	502	
6	0	0	0	0	503	
7	0	0	0	0	505	
8	0	0	0	0	507	
9	0	0	0	0	508	
10	0	0	0	0	509	
11	0	0	0	0	510	
12	0	0	0	0	511	
13	0	0	0	0	510	
14	0	0	0	0	510	
15	0	0	0	0	508	
0	0	0	0	0	506	
1	0	0	0	0	506	
2	0	0	0	0	507	
3	0	0	0	0	508	
4	0	0	0	0	509	
5	0	0	0	0	510	
6	0	0	0	0	512	
7	0	0	0	0	512	
8	0	0	0	0	513	
9	0	0	0	0	514	
10	0	0	0	0	515	
11	0	0	0	0	514	
12	0	0	0	0	513	
13	0	0	0	0	512	
14	0	0	0	0	511	
15	0	0	0	0	510	
0	0	0	0	0	510	
1	0	0	0	0	510	
2	0	0	0	0	510	
3	0	0	0	0	511	
4	0	0	0	0	510	
5	0	0	0	0	510	
6	0	0	0	0	511	
7	0	0	0	0	513	
8	0	0	0	0	514	
9	0	0	0	0	514	
10	0	0	0	0	514	
11	0	0	0	0	514	
12	0	0	0	0	514	
13	0	0	0	0	514	
14	0	0	0	0	513	
15	0	0	0	0	511	
0	0	0	0	0	511	
1	0	0	0	0	511	
2	0	0	0	0	511	
3	0	0	0	0	512	
4	0	0	0	0	512	
5	0	0	0	0	511	
6	0	0	0	0	512	
7	0	0	0	0	512	
8	0	0	0	0	513	
9	0	0	0	0	513	
10	0	0	0	0	513	
11	0	0	0	0	513	
12	0	0	0	0	513	
13	0	0	0	0	512	
14	0	0	0	0	512	
15	0	0	0	0	511	
0	0	0	0	0	511	
1	0	0	0	0	511	
2	0	0	0	0	512	
3	0	0	0	0	512	
4	0	0	0	0	512	
5	0	0	0	0	513	
6	0	0	0	0	513	
7	0	0	0	0	513	
8	0	0	0	0	514	
9	0	0	0	0	514	
10	0	0	0	0	514	
11	0	0	0	0	513	
12	0	0	0	0	513	
13	0	0	0	0	514	
14	0	0	0	0	513	
15	0	0	0	0	514	
0	0	0	0	0	513	
1	0	0	0	0	513	
2	0	0	0	0	513	
3	0	0	0	0	512	
4	0	0	0	0	512	
5	0	0	0	0	511	
6	0	0	0	0	510	
7	0	0	0	0	508	
8	0	0	0	0	508	
9	0	0	0	0	509	
10	0	0	0	0	510	
11	0	0	0	0	510	
12	0	0	0	0	511	
13	0	0	0	0	511	
14	0	0	0	0	511	
15	0	0	0	0	512	
0	0	0	0	0	511	
1	0	0	0	0	512	
2	0	0	0	0	512	
3	0	0	0	0	512	
4	0	0	0	0	513	
5	0	0	0	0	512	
6	0	0	0	0	512	
7	0	0	0	0	511	
8	0	0	0	0	511	
9	0	0	0	0	513	
10	0	0	0	0	513	
11	0	0	0	0	514	
12	0	0	0	0	514	
13	0	0	0	0	514	
14	0	0	0	0	513	
15	0	0	0	0	513	
0	0	0	0	0	513	
1	0	0	0	0	513	
2	0	0	0	0	512	
3	0	0	0	0	511	
4	0	0	0	0	509	
5	0	0	0	0	509	
6	0	0	0	0	509	
7	0	0	0	0	510	
8	0	0	0	0	510	
9	0	0	0	0	510	
10	0	0	0	0	512	
11	0	0	0	0	513	
12	0	0	0	0	513	
13	0	0	0	0	514	
14	0	0	0	0	513	
15	0	0	0	0	512	
0	0	0	0	0	511	
1	0	0	0	0	511	
2	0	0	0	0	511	
3	0	0	0	0	511	
4	0	0	0	0	511	
5	0	0	0	0	511	
6	0	0	0	0	512	
7	0	0	0	0	512	
8	0	0	0	0	512	
9	0	0	0	0	513	
10	0	0	0	0	513	
11	0	0	0	0	514	
12	0	0	0	0	514	
13	0	0	0	0	515	
14	0	0	0	0	514	
15	0	0	0	0	514	
0	0	0	0	0	515	
1	0	0	0	0	515	
2	0	0	0	0	513	
3	0	0	0	0	514	
4	0	0	0	0	514	
5	0	0	0	0	513	
6	0	0	0	0	513	
7	0	0	0	0	512	
8	0	0	0	0	513	
9	0	0	0	0	513	
10	0	0	0	0	514	
11	0	0	0	0	515	
12	0	0	0	0	515	
13	0	0	0	0	517	
14	0	0	0	0	517	
15	0	0	0	0	516	
0	0	0	0	0	517	
1	0	0	0	0	516	
2	0	0	0	0	516	
3	0	0	0	0	516	
4	0	0	0	0	517	
5	0	0	0	0	517	
6	0	0	0	0	518	
7	0	0	0	0	518	
8	0	0	0	0	518	
9	0	0	0	0	516	
10	0	0	0	0	516	
11	0	0	0	0	516	
12	0	0	0	0	515	
13	0	0	0	0	516	
14	0	0	0	0	517	
15	0	0	0	0	515	
0	0	0	0	0	516	
1	0	0	0	0	518	
2	0	0	0	0	518	
3	0	0	0	0	518	
4	0	0	0	0	516	
5	0	0	0	0	515	
6	0	0	0	0	515	
7	0	0	0	0	515	
8	0	0	0	0	515	
9	0	0	0	0	517	
10	0	0	0	0	518	
11	0	0	0	0	520	
12	0	0	0	0	521	
13	0	0	0	0	524	
14	0	0	0	0	526	
15	0	0	0	0	526	
0	0	0	0	0	527	
1	0	0	0	0	526	
2	0	0	0	0	527	
3	0	0	0	0	529	
4	0	0	0	0	531	
5	0	0	0	0	535	
6	0	0	0	0	536	
7	0	0	0	0	537	
8	0	0	0	0	537	
9	0	0	0	0	538	
10	0	0	0	0	538	
11	0	0	0	0	538	
12	0	0	0	0	539	
13	0	0	0	0	540	
14	0	0	0	0	540	
15	0	0	0	0	540	
0	0	0	0	0	539	
1	0	0	0	0	539	
2	0	0	0	0	539	
3	0	0	0	0	537	
4	0	0	0	0	534	
5	0	0	0	0	532	
6	0	0	0	0	531	
7	0	0	0	0	530	
8	0	0	0	0	527	
9	0	0	0	0	525	
10	0	0	0	0	522	
11	0	0	0	0	521	
12	0	0	0	0	520	
13	0	0	0	0	520	
14	0	0	0	0	520	
15	0	0	0	0	523	
0	0	0	0	0	526	
1	0	0	0	0	528	
2	0	0	0	0	531	
3	0	0	0	0	535	
4	0	0	0	0	536	
5	0	0	0	0	536	
6	0	0	0	0	537	
7	0	0	0	0	537	
8	0	0	0	0	538	
9	0	0	0	0	537	
10	0	0	0	0	536	
11	0	0	0	0	536	
12	0	0	0	0	535	
13	0	0	0	0	535	
14	0	0	0	0	535	
15	0	0	0	0	536	
0	0	0	0	0	537	
1	0	0	0	0	536	
2	0	0	0	0	536	
3	0	0	0	0	533	
4	0	0	0	0	531	
5	0	0	0	0	529	
6	0	0	0	0	527	
7	0	0	0	0	523	
8	0	0	0	0	520	
9	0	0	0	0	519	
10	0	0	0	0	516	
11	0	0	0	0	515	
12	0	0	0	0	513	
13	0	0	0	0	512	
14	0	0	0	0	513	
15	0	0	0	0	513	
0	0	0	0	0	514	
1	0	0	0	0	515	
2	0	0	0	0	515	
3	0	0	0	0	515	
4	0	0	0	0	515	
5	0	0	0	0	515	
6	0	0	0	0	516	
7	0	0	0	0	515	
8	0	0	0	0	515	
9	0	0	0	0	514	
10	0	0	0	0	515	
11	0	0	0	0	516	
12	0	0	0	0	519	
13	0	0	0	0	520	
14	0	0	0	0	520	
15	0	0	0	0	520	
0	0	0	0	0	521	
1	0	0	0	0	523	
2	0	0	0	0	524	
3	0	0	0	0	524	
4	0	0	0	0	522	
5	0	0	0	0	522	
6	0	0	0	0	522	
7	0	0	0	0	521	
8	0	0	0	0	519	
9	0	0	0	0	515	
10	0	0	0	0	514	
11	0	0	0	0	511	
12	0	0	0	0	508	
13	0	0	0	0	507	
14	0	0	0	0	506	
15	0	0	0	0	506	
0	0	0	0	0	506	
1	0	0	0	0	507	
2	0	0	0	0	508	
3	0	0	0	0	508	
4	0	0	0	0	510	
5	0	0	0	0	510	
6	0	0	0	0	511	
7	0	0	0	0	511	
8	0	0	0	0	510	
9	0	0	0	0	510	
10	0	0	0	0	510	
11	0	0	0	0	510	
12	0	0	0	0	510	
13	0	0	0	0	511	
14	0	0	0	0	512	
15	0	0	0	0	514	
0	0	0	0	0	515	
1	0	0	0	0	515	
2	0	0	0	0	515	
3	0	0	0	0	516	
4	0	0	0	0	516	
5	0	0	0	0	516	
6	0	0	0	0	516	
7	0	0	0	0	517	
8	0	0	0	0	518	
9	0	0	0	0	518	
10	0	0	0	0	518	
11	0	0	0	0	518	
12	0	0	0	0	518	
13	0	0	0	0	518	
14	0	0	0	0	516	
15	0	0	0	0	515	
0	0	0	0	0	515	
1	0	0	0	0	515	
2	0	0	0	0	515	
3	0	0	0	0	514	
4	0	0	0	0	514	
5	0	0	0	0	515	
6	0	0	0	0	515	
7	0	0	0	0	514	
8	0	0	0	0	512	
9	0	0	0	0	512	
10	0	0	0	0	511	
11	0	0	0	0	509	
12	0	0	0	0	507	
13	0	0	0	0	506	
14	0	0	0	0	505	
15	0	0	0	0	505	
0	0	0	0	0	505	
1	0	0	0	0	509	
2	0	0	0	0	513	
3	0	0	0	0	519	
4	0	0	0	0	527	
5	0	0	0	0	535	
6	0	0	0	0	543	
7	0	0	0	0	550	
8	0	0	0	0	557	
9	0	0	0	0	564	
10	0	0	0	0	572	
11	0	0	0	0	582	
12	0	0	0	0	591	
13	0	0	0	0	605	
14	0	0	0	0	619	
15	0	0	0	0	635	
0	0	0	0	0	652	
1	0	0	0	0	672	
2	0	0	0	0	692	
3	0	0	0	0	714	
4	0	0	0	0	738	
5	0	0	0	0	761	
6	0	0	0	0	783	
7	0	0	0	0	808	
8	0	0	0	0	834	
9	0	0	0	0	862	
10	0	0	0	0	887	
11	0	0	0	0	907	
12	0	0	0	0	924	
13	0	0	0	0	935	
14	0	0	0	0	939	
15	0	0	0	0	940	
0	0	0	0	0	935	
1	0	0	0	0	929	
2	0	0	0	0	914	
3	0	0	0	0	889	
4	0	0	0	0	860	
5	0	0	0	0	825	
6	0	0	0	0	786	
7	0	0	0	0	742	
8	0	0	0	0	698	
9	0	0	0	0	654	
10	0	0	0	0	607	
11	0	0	0	0	562	
12	0	0	0	0	516	
13	0	0	0	0	471	
14	0	0	0	0	434	
15	0	0	0	0	406	
0	0	0	0	0	387	
1	0	0	0	0	376	
2	0	0	0	0	372	
3	0	0	0	0	376	
4	0	0	0	0	381	
5	0	0	0	0	387	
6	0	0	0	0	393	
7	0	0	0	0	399	
8	0	0	0	0	406	
9	0	0	0	0	412	
10	0	0	0	0	416	
11	0	0	0	0	422	
12	0	0	0	0	428	
13	0	0	0	0	434	
14	0	0	0	0	441	
15	0	0	0	0	447	
0	0	0	0	0	451	
1	0	0	0	0	454	
2	0	0	0	0	455	
3	0	0	0	0	456	
4	0	0	0	0	457	
5	0	0	0	0	457	
6	0	0	0	0	456	
7	0	0	0	0	456	
8	0	0	0	0	455	
9	0	0	0	0	455	
10	0	0	0	0	452	
11	0	0	0	0	451	
12	0	0	0	0	450	
13	0	0	0	0	448	
14	0	0	0	0	447	
15	0	0	0	0	447	
0	0	0	0	0	446	
1	0	0	0	0	448	
2	0	0	0	0	449	
3	0	0	0	0	450	
4	0	0	0	0	450	
5	0	0	0	0	451	
6	0	0	0	0	451	
7	0	0	0	0	453	
8	0	0	0	0	455	
9	0	0	0	0	458	
10	0	0	0	0	459	
11	0	0	0	0	460	
12	0	0	0	0	460	
13	0	0	0	0	461	
14	0	0	0	0	461	
15	0	0	0	0	462	
0	0	0	0	0	463	
1	0	0	0	0	463	
2	0	0	0	0	463	
3	0	0	0	0	463	
4	0	0	0	0	463	
5	0	0	0	0	464	
6	0	0	0	0	467	
7	0	0	0	0	469	
8	0	0	0	0	470	
9	0	0	0	0	471	
10	0	0	0	0	472	
11	0	0	0	0	473	
12	0	0	0	0	474	
13	0	0	0	0	475	
14	0	0	0	0	476	
15	0	0	0	0	478	
0	0	0	0	0	477	
1	0	0	0	0	478	
2	0	0	0	0	479	
3	0	0	0	0	479	
4	0	0	0	0	479	
5	0	0	0	0	480	
6	0	0	0	0	480	
7	0	0	0	0	481	
8	0	0	0	0	484	
9	0	0	0	0	486	
10	0	0	0	0	486	
11	0	0	0	0	486	
12	0	0	0	0	487	
13	0	0	0	0	487	
14	0	0	0	0	488	
15	0	0	0	0	488	
0	0	0	0	0	489	
1	0	0	0	0	488	
2	0	0	0	0	488	
3	0	0	0	0	488	
4	0	0	0	0	489	
5	0	0	0	0	491	
6	0	0	0	0	492	
7	0	0	0	0	492	
8	0	0	0	0	494	
9	0	0	0	0	493	
10	0	0	0	0	495	
11	0	0	0	0	495	
12	0	0	0	0	494	
13	0	0	0	0	494	
14	0	0	0	0	495	
15	0	0	0	0	496	
0	0	0	0	0	495	
1	0	0	0	0	496	
2	0	0	0	0	496	
3	0	0	0	0	496	
4	0	0	0	0	496	
5	0	0	0	0	498	
6	0	0	0	0	499	
7	0	0	0	0	500	
8	0	0	0	0	502	
9	0	0	0	0	503	
10	0	0	0	0	503	
11	0	0	0	0	504	
12	0	0	0	0	504	
13	0	0	0	0	506	
14	0	0	0	0	507	
15	0	0	0	0	508	
0	0	0	0	0	509	
1	0	0	0	0	510	
2	0	0	0	0	510	
3	0	0	0	0	510	
4	0	0	0	0	510	
5	0	0	0	0	508	
6	0	0	0	0	508	
7	0	0	0	0	508	
8	0	0	0	0	507	
9	0	0	0	0	507	
10	0	0	0	0	506	
11	0	0	0	0	506	
12	0	0	0	0	506	
13	0	0	0	0	507	
14	0	0	0	0	509	
15	0	0	0	0	510	
0	0	0	0	0	511	
1	0	0	0	0	512	
2	0	0	0	0	513	
3	0	0	0	0	513	
4	0	0	0	0	514	
5	0	0	0	0	515	
6	0	0	0	0	517	
7	0	0	0	0	518	
8	0	0	0	0	518	
9	0	0	0	0	519	
10	0	0	0	0	521	
11	0	0	0	0	524	
12	0	0	0	0	526	
13	0	0	0	0	528	
14	0	0	0	0	529	
15	0	0	0	0	531	
0	0	0	0	0	531	
1	0	0	0	0	531	
2	0	0	0	0	531	
3	0	0	0	0	530	
4	0	0	0	0	531	
5	0	0	0	0	532	
6	0	0	0	0	532	
7	0	0	0	0	533	
8	0	0	0	0	533	
9	0	0	0	0	535	
10	0	0	0	0	535	
11	0	0	0	0	536	
12	0	0	0	0	538	
13	0	0	0	0	538	
14	0	0	0	0	540	
15	0	0	0	0	543	
0	0	0	0	0	545	
1	0	0	0	0	545	
2	0	0	0	0	545	
3	0	0	0	0	546	
4	0	0	0	0	546	
5	0	0	0	0	547	
6	0	0	0	0	548	
7	0	0	0	0	548	
8	0	0	0	0	550	
9	0	0	0	0	550	
10	0	0	0	0	551	
11	0	0	0	0	552	
12	0	0	0	0	552	
13	0	0	0	0	553	
14	0	0	0	0	555	
15	0	0	0	0	556	
0	0	0	0	0	556	
1	0	0	0	0	555	
2	0	0	0	0	555	
3	0	0	0	0	555	
4	0	0	0	0	556	
5	0	0	0	0	557	
6	0	0	0	0	556	
7	0	0	0	0	558	
8	0	0	0	0	558	
9	0	0	0	0	560	
10	0	0	0	0	561	
11	0	0	0	0	561	
12	0	0	0	0	564	
13	0	0	0	0	567	
14	0	0	0	0	571	
15	0	0	0	0	571	
0	0	0	0	0	573	
1	0	0	0	0	575	
2	0	0	0	0	577	
3	0	0	0	0	578	
4	0	0	0	0	578	
5	0	0	0	0	577	
6	0	0	0	0	578	
7	0	0	0	0	577	
8	0	0	0	0	577	
9	0	0	0	0	577	
10	0	0	0	0	576	
11	0	0	0	0	577	
12	0	0	0	0	577	
13	0	0	0	0	579	
14	0	0	0	0	581	
15	0	0	0	0	581	
0	0	0	0	0	582	
1	0	0	0	0	581	
2	0	0	0	0	580	
3	0	0	0	0	578	
4	0	0	0	0	576	
5	0	0	0	0	576	
6	0	0	0	0	575	
7	0	0	0	0	575	
8	0	0	0	0	575	
9	0	0	0	0	575	
10	0	0	0	0	577	
11	0	0	0	0	577	
12	0	0	0	0	578	
13	0	0	0	0	578	
14	0	0	0	0	579	
15	0	0	0	0	578	
0	0	0	0	0	577	
1	0	0	0	0	576	
2	0	0	0	0	575	
3	0	0	0	0	572	
4	0	0	0	0	571	
5	0	0	0	0	571	
6	0	0	0	0	571	
7	0	0	0	0	570	
8	0	0	0	0	568	
9	0	0	0	0	566	
10	0	0	0	0	563	
11	0	0	0	0	563	
12	0	0	0	0	561	
13	0	0	0	0	558	
14	0	0	0	0	556	
15	0	0	0	0	553	
0	0	0	0	0	551	
1	0	0	0	0	550	
2	0	0	0	0	548	
3	0	0	0	0	546	
4	0	0	0	0	543	
5	0	0	0	0	539	
6	0	0	0	0	535	
7	0	0	0	0	532	
8	0	0	0	0	529	
9	0	0	0	0	523	
10	0	0	0	0	521	
11	0	0	0	0	518	
12	0	0	0	0	515	
13	0	0	0	0	513	
14	0	0	0	0	512	
15	0	0	0	0	509	
0	0	0	0	0	505	
1	0	0	0	0	502	
2	0	0	0	0	499	
3	0	0	0	0	496	
4	0	0	0	0	493	
5	0	0	0	0	489	
6	0	0	0	0	484	
7	0	0	0	0	482	
8	0	0	0	0	480	
9	0	0	0	0	478	
10	0	0	0	0	476	
11	0	0	0	0	473	
12	0	0	0	0	470	
13	0	0	0	0	467	
14	0	0	0	0	465	
15	0	0	0	0	462	
0	0	0	0	0	459	
1	0	0	0	0	457	
2	0	0	0	0	455	
3	0	0	0	0	452	
4	0	0	0	0	449	
5	0	0	0	0	447	
6	0	0	0	0	445	
7	0	0	0	0	444	
8	0	0	0	0	444	
9	0	0	0	0	443	
10	0	0	0	0	441	
11	0	0	0	0	441	
12	0	0	0	0	439	
13	0	0	0	0	440	
14	0	0	0	0	440	
15	0	0	0	0	439	
0	0	0	0	0	439	
1	0	0	0	0	439	
2	0	0	0	0	438	
3	0	0	0	0	436	
4	0	0	0	0	434	
5	0	0	0	0	433	
6	0	0	0	0	433	
7	0	0	0	0	432	
8	0	0	0	0	432	
9	0	0	0	0	433	
10	0	0	0	0	432	
11	0	0	0	0	431	
12	0	0	0	0	430	
13	0	0	0	0	430	
14	0	0	0	0	431	
15	0	0	0	0	432	
0	0	0	0	0	433	
1	0	0	0	0	435	
2	0	0	0	0	435	
3	0	0	0	0	436	
4	0	0	0	0	438	
5	0	0	0	0	439	
6	0	0	0	0	439	
7	0	0	0	0	440	
8	0	0	0	0	441	
9	0	0	0	0	440	
10	0	0	0	0	442	
11	0	0	0	0	442	
12	0	0	0	0	442	
13	0	0	0	0	443	
14	0	0	0	0	444	
15	0	0	0	0	446	
0	0	0	0	0	448	
1	0	0	0	0	449	
2	0	0	0	0	451	
3	0	0	0	0	451	
4	0	0	0	0	451	
5	0	0	0	0	452	
6	0	0	0	0	452	
7	0	0	0	0	453	
8	0	0	0	0	454	
9	0	0	0	0	454	
10	0	0	0	0	454	
11	0	0	0	0	454	
12	0	0	0	0	453	
13	0	0	0	0	456	
14	0	0	0	0	455	
15	0	0	0	0	456	
0	0	0	0	0	456	
1	0	0	0	0	457	
2	0	0	0	0	458	
3	0	0	0	0	457	
4	0	0	0	0	458	
5	0	0	0	0	460	
6	0	0	0	0	462	
7	0	0	0	0	465	
8	0	0	0	0	467	
9	0	0	0	0	469	
10	0	0	0	0	471	
11	0	0	0	0	470	
12	0	0	0	0	471	
13	0	0	0	0	471	
14	0	0	0	0	471	
15	0	0	0	0	470	
0	0	0	0	0	469	
1	0	0	0	0	470	
2	0	0	0	0	471	
3	0	0	0	0	472	
4	0	0	0	0	474	
5	0	0	0	0	476	
6	0	0	0	0	476	
7	0	0	0	0	478	
8	0	0	0	0	481	
9	0	0	0	0	483	
10	0	0	0	0	484	
11	0	0	0	0	484	
12	0	0	0	0	484	
13	0	0	0	0	484	
14	0	0	0	0	485	
15	0	0	0	0	484	
0	0	0	0	0	485	
1	0	0	0	0	486	
2	0	0	0	0	485	
3	0	0	0	0	484	
4	0	0	0	0	483	
5	0	0	0	0	483	
6	0	0	0	0	484	
7	0	0	0	0	485	
8	0	0	0	0	485	
9	0	0	0	0	487	
10	0	0	0	0	488	
11	0	0	0	0	488	
12	0	0	0	0	489	
13	0	0	0	0	491	
14	0	0	0	0	491	
15	0	0	0	0	491	
0	0	0	0	0	490	
1	0	0	0	0	491	
2	0	0	0	0	493	
3	0	0	0	0	493	
4	0	0	0	0	494	
5	0	0	0	0	495	
6	0	0	0	0	497	
7	0	0	0	0	499	
8	0	0	0	0	499	
9	0	0	0	0	500	
10	0	0	0	0	501	
11	0	0	0	0	501	
12	0	0	0	0	500	
13	0	0	0	0	499	
14	0	0	0	0	500	
15	0	0	0	0	500	
0	0	0	0	0	500	
1	0	0	0	0	499	
2	0	0	0	0	500	
3	0	0	0	0	502	
4	0	0	0	0	502	
5	0	0	0	0	502	
6	0	0	0	0	503	
7	0	0	0	0	504	
8	0	0	0	0	504	
9	0	0	0	0	504	
10	0	0	0	0	504	
11	0	0	0	0	502	
12	0	0	0	0	501	
13	0	0	0	0	500	
14	0	0	0	0	500	
15	0	0	0	0	501	
0	0	0	0	0	500	
1	0	0	0	0	500	
2	0	0	0	0	502	
3	0	0	0	0	503	
4	0	0	0	0	504	
5	0	0	0	0	506	
6	0	0	0	0	507	
7	0	0	0	0	508	
8	0	0	0	0	508	
9	0	0	0	0	509	
10	0	0	0	0	511	
11	0	0	0	0	511	
12	0	0	0	0	511	
13	0	0	0	0	511	
14	0	0	0	0	510	
15	0	0	0	0	510	
0	0	0	0	0	510	
1	0	0	0	0	509	
2	0	0	0	0	508	
3	0	0	0	0	509	
4	0	0	0	0	508	
5	0	0	0	0	508	
6	0	0	0	0	508	
7	0	0	0	0	508	
8	0	0	0	0	508	
9	0	0	0	0	510	
10	0	0	0	0	512	
11	0	0	0	0	513	
12	0	0	0	0	512	
13	0	0	0	0	511	
14	0	0	0	0	511	
15	0	0	0	0	510	
0	0	0	0	0	510	
1	0	0	0	0	510	
2	0	0	0	0	509	
3	0	0	0	0	509	
4	0	0	0	0	509	
5	0	0	0	0	510	
6	0	0	0	0	511	
7	0	0	0	0	512	
8	0	0	0	0	513	
9	0	0	0	0	513	
10	0	0	0	0	514	
11	0	0	0	0	515	
12	0	0	0	0	516	
13	0	0	0	0	517	
14	0	0	0	0	516	
15	0	0	0	0	518	
0	0	0	0	0	518	
1	0	0	0	0	517	
2	0	0	0	0	517	
3	0	0	0	0	516	
4	0	0	0	0	516	
5	0	0	0	0	516	
6	0	0	0	0	516	
7	0	0	0	0	516	
8	0	0	0	0	515	
9	0	0	0	0	517	
10	0	0	0	0	517	
11	0	0	0	0	518	
12	0	0	0	0	519	
13	0	0	0	0	519	
14	0	0	0	0	519	
15	0	0	0	0	519	
0	0	0	0	0	520	
1	0	0	0	0	520	
2	0	0	0	0	517	
3	0	0	0	0	515	
4	0	0	0	0	514	
5	0	0	0	0	513	
6	0	0	0	0	512	
7	0	0	0	0	512	
8	0	0	0	0	513	
9	0	0	0	0	513	
10	0	0	0	0	514	
11	0	0	0	0	515	
12	0	0	0	0	516	
13	0	0	0	0	516	
14	0	0	0	0	515	
15	0	0	0	0	516	
0	0	0	0	0	517	
1	0	0	0	0	516	
2	0	0	0	0	516	
3	0	0	0	0	516	
4	0	0	0	0	515	
5	0	0	0	0	515	
6	0	0	0	0	515	
7	0	0	0	0	515	
8	0	0	0	0	515	
9	0	0	0	0	513	
10	0	0	0	0	514	
11	0	0	0	0	514	
12	0	0	0	0	515	
13	0	0	0	0	515	
14	0	0	0	0	516	
15	0	0	0	0	516	
0	0	0	0	0	516	
1	0	0	0	0	515	
2	0	0	0	0	513	
3	0	0	0	0	513	
4	0	0	0	0	512	
5	0	0	0	0	510	
6	0	0	0	0	510	
7	0	0	0	0	510	
8	0	0	0	0	510	
9	0	0	0	0	510	
10	0	0	0	0	510	
11	0	0	0	0	512	
12	0	0	0	0	513	
13	0	0	0	0	515	
14	0	0	0	0	514	
15	0	0	0	0	514	
0	0	0	0	0	514	
1	0	0	0	0	513	
2	0	0	0	0	513	
3	0	0	0	0	512	
4	0	0	0	0	512	
5	0	0	0	0	512	
6	0	0	0	0	512	
7	0	0	0	0	512	
8	0	0	0	0	512	
9	0	0	0	0	513	
10	0	0	0	0	514	
11	0	0	0	0	513	
12	0	0	0	0	512	
13	0	0	0	0	512	
14	0	0	0	0	512	
15	0	0	0	0	513	
0	0	0	0	0	513	
1	0	0	0	0	514	
2	0	0	0	0	513	
3	0	0	0	0	513	
4	0	0	0	0	513	
5	0	0	0	0	512	
6	0	0	0	0	512	
7	0	0	0	0	511	
8	0	0	0	0	512	
9	0	0	0	0	513	
10	0	0	0	0	513	
11	0	0	0	0	515	
12	0	0	0	0	517	
13	0	0	0	0	517	
14	0	0	0	0	518	
15	0	0	0	0	518	
0	0	0	0	0	518	
1	0	0	0	0	517	
2	0	0	0	0	516	
3	0	0	0	0	517	
4	0	0	0	0	518	
5	0	0	0	0	517	
6	0	0	0	0	515	
7	0	0	0	0	515	
8	0	0	0	0	516	
9	0	0	0	0	516	
10	0	0	0	0	518	
11	0	0	0	0	518	
12	0	0	0	0	517	
13	0	0	0	0	517	
14	0	0	0	0	518	
15	0	0	0	0	518	
0	0	0	0	0	517	
1	0	0	0	0	518	
2	0	0	0	0	518	
3	0	0	0	0	517	
4	0	0	0	0	518	
5	0	0	0	0	517	
6	0	0	0	0	514	
7	0	0	0	0	513	
8	0	0	0	0	513	
9	0	0	0	0	512	
10	0	0	0	0	510	
11	0	0	0	0	509	
12	0	0	0	0	509	
13	0	0	0	0	508	
14	0	0	0	0	510	
15	0	0	0	0	510	
0	0	0	0	0	512	
1	0	0	0	0	512	
2	0	0	0	0	511	
3	0	0	0	0	510	
4	0	0	0	0	509	
5	0	0	0	0	509	
6	0	0	0	0	510	
7	0	0	0	0	509	
8	0	0	0	0	509	
9	0	0	0	0	508	
10	0	0	0	0	508	
11	0	0	0	0	510	
12	0	0	0	0	510	
13	0	0	0	0	512	
14	0	0	0	0	515	
15	0	0	0	0	516	
0	0	0	0	0	517	
1	0	0	0	0	518	
2	0	0	0	0	520	
3	0	0	0	0	520	
4	0	0	0	0	521	
5	0	0	0	0	522	
6	0	0	0	0	520	
7	0	0	0	0	520	
8	0	0	0	0	520	
9	0	0	0	0	521	
10	0	0	0	0	522	
11	0	0	0	0	521	
12	0	0	0	0	525	
13	0	0	0	0	526	
14	0	0	0	0	527	
15	0	0	0	0	530	
0	0	0	0	0	531	
1	0	0	0	0	532	
2	0	0	0	0	533	
3	0	0	0	0	532	
4	0	0	0	0	533	
5	0	0	0	0	533	
6	0	0	0	0	534	
7	0	0	0	0	534	
8	0	0	0	0	531	
9	0	0	0	0	529	
10	0	0	0	0	525	
11	0	0	0	0	522	
12	0	0	0	0	520	
13	0	0	0	0	519	
14	0	0	0	0	518	
15	0	0	0	0	516	
0	0	0	0	0	515	
1	0	0	0	0	515	
2	0	0	0	0	515	
3	0	0	0	0	518	
4	0	0	0	0	519	
5	0	0	0	0	522	
6	0	0	0	0	524	
7	0	0	0	0	528	
8	0	0	0	0	531	
9	0	0	0	0	532	
10	0	0	0	0	531	
11	0	0	0	0	531	
12	0	0	0	0	531	
13	0	0	0	0	531	
14	0	0	0	0	530	
15	0	0	0	0	531	
0	0	0	0	0	532	
1	0	0	0	0	533	
2	0	0	0	0	534	
3	0	0	0	0	534	
4	0	0	0	0	535	
5	0	0	0	0	536	
6	0	0	0	0	535	
7	0	0	0	0	533	
8	0	0	0	0	531	
9	0	0	0	0	530	
10	0	0	0	0	528	
11	0	0	0	0	526	
12	0	0	0	0	524	
13	0	0	0	0	522	
14	0	0	0	0	521	
15	0	0	0	0	519	
0	0	0	0	0	518	
1	0	0	0	0	518	
2	0	0	0	0	517	
3	0	0	0	0	517	
4	0	0	0	0	517	
5	0	0	0	0	518	
6	0	0	0	0	519	
7	0	0	0	0	519	
8	0	0	0	0	520	
9	0	0	0	0	522	
10	0	0	0	0	522	
11	0	0	0	0	523	
12	0	0	0	0	522	
13	0	0	0	0	522	
14	0	0	0	0	523	
15	0	0	0	0	523	
0	0	0	0	0	524	
1	0	0	0	0	525	
2	0	0	0	0	526	
3	0	0	0	0	526	
4	0	0	0	0	527	
5	0	0	0	0	528	
6	0	0	0	0	529	
7	0	0	0	0	529	
8	0	0	0	0	525	
9	0	0	0	0	523	
10	0	0	0	0	521	
11	0	0	0	0	518	
12	0	0	0	0	514	
13	0	0	0	0	512	
14	0	0	0	0	511	
15	0	0	0	0	509	
0	0	0	0	0	507	
1	0	0	0	0	506	
2	0	0	0	0	507	
3	0	0	0	0	506	
4	0	0	0	0	506	
5	0	0	0	0	505	
6	0	0	0	0	504	
7	0	0	0	0	504	
8	0	0	0	0	502	
9	0	0	0	0	502	
10	0	0	0	0	501	
11	0	0	0	0	504	
12	0	0	0	0	505	
13	0	0	0	0	504	
14	0	0	0	0	503	
15	0	0	0	0	503	
0	0	0	0	0	504	
1	0	0	0	0	504	
2	0	0	0	0	504	
3	0	0	0	0	505	
4	0	0	0	0	507	
5	0	0	0	0	510	
6	0	0	0	0	510	
7	0	0	0	0	508	
8	0	0	0	0	510	
9	0	0	0	0	509	
10	0	0	0	0	509	
11	0	0	0	0	510	
12	0	0	0	0	510	
13	0	0	0	0	510	
14	0	0	0	0	510	
15	0	0	0	0	510	
0	0	0	0	0	510	
1	0	0	0	0	509	
2	0	0	0	0	507	
3	0	0	0	0	507	
4	0	0	0	0	510	
5	0	0	0	0	512	
6	0	0	0	0	513	
7	0	0	0	0	512	
8	0	0	0	0	512	
9	0	0	0	0	514	
10	0	0	0	0	513	
11	0	0	0	0	512	
12	0	0	0	0	513	
13	0	0	0	0	513	
14	0	0	0	0	512	
15	0	0	0	0	511	
0	0	0	0	0	508	
1	0	0	0	0	506	
2	0	0	0	0	505	
3	0	0	0	0	505	
4	0	0	0	0	508	
5	0	0	0	0	512	
6	0	0	0	0	516	
7	0	0	0	0	519	
8	0	0	0	0	524	
9	0	0	0	0	530	
10	0	0	0	0	536	
11	0	0	0	0	543	
12	0	0	0	0	551	
13	0	0	0	0	558	
14	0	0	0	0	564	
15	0	0	0	0	571	
0	0	0	0	0	577	
1	0	0	0	0	585	
2	0	0	0	0	595	
3	0	0	0	0	609	
4	0	0	0	0	624	
5	0	0	0	0	641	
6	0	0	0	0	660	
7	0	0	0	0	682	
8	0	0	0	0	704	
9	0	0	0	0	726	
10	0	0	0	0	748	
11	0	0	0	0	768	
12	0	0	0	0	792	
13	0	0	0	0	820	
14	0	0	0	0	848	
15	0	0	0	0	874	
0	0	0	0	0	895	
1	0	0	0	0	915	
2	0	0	0	0	926	
3	0	0	0	0	930	
4	0	0	0	0	931	
5	0	0	0	0	927	
6	0	0	0	0	922	
7	0	0	0	0	910	
8	0	0	0	0	889	
9	0	0	0	0	863	
10	0	0	0	0	828	
11	0	0	0	0	786	
12	0	0	0	0	741	
13	0	0	0	0	696	
14	0	0	0	0	652	
15	0	0	0	0	607	
0	0	0	0	0	565	
1	0	0	0	0	524	
2	0	0	0	0	483	
3	0	0	0	0	445	
4	0	0	0	0	416	
5	0	0	0	0	396	
6	0	0	0	0	385	
7	0	0	0	0	382	
8	0	0	0	0	384	
9	0	0	0	0	391	
10	0	0	0	0	399	
11	0	0	0	0	407	
12	0	0	0	0	415	
13	0	0	0	0	422	
14	0	0	0	0	424	
15	0	0	0	0	426	
0	0	0	0	0	429	
1	0	0	0	0	433	
2	0	0	0	0	437	
3	0	0	0	0	441	
4	0	0	0	0	446	
5	0	0	0	0	451	
6	0	0	0	0	454	
7	0	0	0	0	458	
8	0	0	0	0	458	
9	0	0	0	0	459	
10	0	0	0	0	459	
11	0	0	0	0	458	
12	0	0	0	0	458	
13	0	0	0	0	458	
14	0	0	0	0	458	
15	0	0	0	0	457	
0	0	0	0	0	456	
1	0	0	0	0	455	
2	0	0	0	0	454	
3	0	0	0	0	454	
4	0	0	0	0	454	
5	0	0	0	0	456	
6	0	0	0	0	457	
7	0	0	0	0	457	
8	0	0	0	0	457	
9	0	0	0	0	457	
10	0	0	0	0	457	
11	0	0	0	0	457	
12	0	0	0	0	457	
13	0	0	0	0	458	
14	0	0	0	0	460	
15	0	0	0	0	462	
0	0	0	0	0	465	
1	0	0	0	0	465	
2	0	0	0	0	463	
3	0	0	0	0	462	
4	0	0	0	0	460	
5	0	0	0	0	458	
6	0	0	0	0	459	
7	0	0	0	0	461	
8	0	0	0	0	463	
9	0	0	0	0	465	
10	0	0	0	0	466	
11	0	0	0	0	467	
12	0	0	0	0	467	
13	0	0	0	0	468	
14	0	0	0	0	470	
15	0	0	0	0	472	
0	0	0	0	0	474	
1	0	0	0	0	476	
2	0	0	0	0	475	
3	0	0	0	0	475	
4	0	0	0	0	476	
5	0	0	0	0	476	
6	0	0	0	0	477	
7	0	0	0	0	480	
8	0	0	0	0	483	
9	0	0	0	0	484	
10	0	0	0	0	484	
11	0	0	0	0	483	
12	0	0	0	0	481	
13	0	0	0	0	481	
14	0	0	0	0	482	
15	0	0	0	0	483	
0	0	0	0	0	484	
1	0	0	0	0	484	
2	0	0	0	0	482	
3	0	0	0	0	480	
4	0	0	0	0	478	
5	0	0	0	0	480	
6	0	0	0	0	480	
7	0	0	0	0	480	
8	0	0	0	0	480	
9	0	0	0	0	481	
10	0	0	0	0	484	
11	0	0	0	0	485	
12	0	0	0	0	485	
13	0	0	0	0	486	
14	0	0	0	0	485	
15	0	0	0	0	486	
0	0	0	0	0	487	
1	0	0	0	0	489	
2	0	0	0	0	491	
3	0	0	0	0	491	
4	0	0	0	0	490	
5	0	0	0	0	491	
6	0	0	0	0	492	
7	0	0	0	0	492	
8	0	0	0	0	493	
9	0	0	0	0	494	
10	0	0	0	0	494	
11	0	0	0	0	493	
12	0	0	0	0	494	
13	0	0	0	0	494	
14	0	0	0	0	496	
15	0	0	0	0	497	
0	0	0	0	0	500	
1	0	0	0	0	502	
2	0	0	0	0	502	
3	0	0	0	0	502	
4	0	0	0	0	503	
5	0	0	0	0	504	
6	0	0	0	0	505	
7	0	0	0	0	506	
8	0	0	0	0	507	
9	0	0	0	0	508	
10	0	0	0	0	510	
11	0	0	0	0	513	
12	0	0	0	0	513	
13	0	0	0	0	515	
14	0	0	0	0	516	
15	0	0	0	0	516	
0	0	0	0	0	516	
1	0	0	0	0	515	
2	0	0	0	0	515	
3	0	0	0	0	515	
4	0	0	0	0	515	
5	0	0	0	0	515	
6	0	0	0	0	515	
7	0	0	0	0	515	
8	0	0	0	0	516	
9	0	0	0	0	518	
10	0	0	0	0	518	
11	0	0	0	0	518	
12	0	0	0	0	519	
13	0	0	0	0	519	
14	0	0	0	0	519	
15	0	0	0	0	520	
0	0	0	0	0	521	
1	0	0	0	0	524	
2	0	0	0	0	524	
3	0	0	0	0	524	
4	0	0	0	0	528	
5	0	0	0	0	531	
6	0	0	0	0	533	
7	0	0	0	0	533	
8	0	0	0	0	531	
9	0	0	0	0	532	
10	0	0	0	0	531	
11	0	0	0	0	529	
12	0	0	0	0	529	
13	0	0	0	0	528	
14	0	0	0	0	528	
15	0	0	0	0	528	
0	0	0	0	0	531	
1	0	0	0	0	533	
2	0	0	0	0	532	
3	0	0	0	0	532	
4	0	0	0	0	532	
5	0	0	0	0	533	
6	0	0	0	0	534	
7	0	0	0	0	535	
8	0	0	0	0	536	
9	0	0	0	0	536	
10	0	0	0	0	536	
11	0	0	0	0	539	
12	0	0	0	0	540	
13	0	0	0	0	541	
14	0	0	0	0	541	
15	0	0	0	0	543	
0	0	0	0	0	544	
1	0	0	0	0	545	
2	0	0	0	0	548	
3	0	0	0	0	549	
4	0	0	0	0	550	
5	0	0	0	0	550	
6	0	0	0	0	549	
7	0	0	0	0	551	
8	0	0	0	0	550	
9	0	0	0	0	551	
10	0	0	0	0	552	
11	0	0	0	0	553	
12	0	0	0	0	556	
13	0	0	0	0	559	
14	0	0	0	0	559	
15	0	0	0	0	558	
0	0	0	0	0	559	
1	0	0	0	0	560	
2	0	0	0	0	559	
3	0	0	0	0	561	
4	0	0	0	0	563	
5	0	0	0	0	563	
6	0	0	0	0	563	
7	0	0	0	0	563	
8	0	0	0	0	565	
9	0	0	0	0	564	
10	0	0	0	0	564	
11	0	0	0	0	565	
12	0	0	0	0	567	
13	0	0	0	0	568	
14	0	0	0	0	569	
15	0	0	0	0	568	
0	0	0	0	0	568	
1	0	0	0	0	569	
2	0	0	0	0	571	
3	0	0	0	0	571	
4	0	0	0	0	570	
5	0	0	0	0	572	
6	0	0	0	0	572	
7	0	0	0	0	571	
8	0	0	0	0	568	
9	0	0	0	0	568	
10	0	0	0	0	568	
11	0	0	0	0	570	
12	0	0	0	0	571	
13	0	0	0	0	572	
14	0	0	0	0	573	
15	0	0	0	0	575	
0	0	0	0	0	575	
1	0	0	0	0	575	
2	0	0	0	0	572	
3	0	0	0	0	570	
4	0	0	0	0	568	
5	0	0	0	0	566	
6	0	0	0	0	564	
7	0	0	0	0	563	
8	0	0	0	0	563	
9	0	0	0	0	563	
10	0	0	0	0	561	
11	0	0	0	0	561	
12	0	0	0	0	560	
13	0	0	0	0	560	
14	0	0	0	0	560	
15	0	0	0	0	559	
0	0	0	0	0	558	
1	0	0	0	0	558	
2	0	0	0	0	556	
3	0	0	0	0	553	
4	0	0	0	0	550	
5	0	0	0	0	547	
6	0	0	0	0	545	
7	0	0	0	0	543	
8	0	0	0	0	543	
9	0	0	0	0	541	
10	0	0	0	0	539	
11	0	0	0	0	536	
12	0	0	0	0	532	
13	0	0	0	0	528	
14	0	0	0	0	527	
15	0	0	0	0	524	
0	0	0	0	0	522	
1	0	0	0	0	521	
2	0	0	0	0	518	
3	0	0	0	0	513	
4	0	0	0	0	511	
5	0	0	0	0	506	
6	0	0	0	0	502	
7	0	0	0	0	502	
8	0	0	0	0	499	
9	0	0	0	0	496	
10	0	0	0	0	492	
11	0	0	0	0	486	
12	0	0	0	0	480	
13	0	0	0	0	479	
14	0	0	0	0	476	
15	0	0	0	0	473	
0	0	0	0	0	469	
1	0	0	0	0	467	
2	0	0	0	0	464	
3	0	0	0	0	463	
4	0	0	0	0	466	
5	0	0	0	0	467	
6	0	0	0	0	464	
7	0	0	0	0	459	
8	0	0	0	0	457	
9	0	0	0	0	454	
10	0	0	0	0	452	
11	0	0	0	0	449	
12	0	0	0	0	446	
13	0	0	0	0	447	
14	0	0	0	0	448	
15	0	0	0	0	448	
0	0	0	0	0	448	
1	0	0	0	0	448	
2	0	0	0	0	449	
3	0	0	0	0	449	
4	0	0	0	0	448	
5	0	0	0	0	446	
6	0	0	0	0	446	
7	0	0	0	0	443	
8	0	0	0	0	438	
9	0	0	0	0	437	
10	0	0	0	0	437	
11	0	0	0	0	436	
12	0	0	0	0	434	
13	0	0	0	0	434	
14	0	0	0	0	434	
15	0	0	0	0	434	
0	0	0	0	0	434	
1	0	0	0	0	433	
2	0	0	0	0	434	
3	0	0	0	0	436	
4	0	0	0	0	437	
5	0	0	0	0	437	
6	0	0	0	0	438	
7	0	0	0	0	441	
8	0	0	0	0	440	
9	0	0	0	0	441	
10	0	0	0	0	441	
11	0	0	0	0	441	
12	0	0	0	0	442	
13	0	0	0	0	443	
14	0	0	0	0	442	
15	0	0	0	0	443	
0	0	0	0	0	444	
1	0	0	0	0	445	
2	0	0	0	0	446	
3	0	0	0	0	448	
4	0	0	0	0	448	
5	0	0	0	0	451	
6	0	0	0	0	452	
7	0	0	0	0	454	
8	0	0	0	0	455	
9	0	0	0	0	455	
10	0	0	0	0	456	
11	0	0	0	0	455	
12	0	0	0	0	454	
13	0	0	0	0	453	
14	0	0	0	0	453	
15	0	0	0	0	452	
0	0	0	0	0	452	
1	0	0	0	0	454	
2	0	0	0	0	455	
3	0	0	0	0	457	
4	0	0	0	0	458	
5	0	0	0	0	459	
6	0	0	0	0	459	
7	0	0	0	0	460	
8	0	0	0	0	461	
9	0	0	0	0	462	
10	0	0	0	0	464	
11	0	0	0	0	466	
12	0	0	0	0	467	
13	0	0	0	0	467	
14	0	0	0	0	468	
15	0	0	0	0	472	
0	0	0	0	0	472	
1	0	0	0	0	471	
2	0	0	0	0	469	
3	0	0	0	0	467	
4	0	0	0	0	468	
5	0	0	0	0	469	
6	0	0	0	0	469	
7	0	0	0	0	468	
8	0	0	0	0	470	
9	0	0	0	0	470	
10	0	0	0	0	470	
11	0	0	0	0	470	
12	0	0	0	0	470	
13	0	0	0	0	471	
14	0	0	0	0	470	
15	0	0	0	0	467	
0	0	0	0	0	469	
1	0	0	0	0	470	
2	0	0	0	0	472	
3	0	0	0	0	473	
4	0	0	0	0	474	
5	0	0	0	0	477	
6	0	0	0	0	480	
7	0	0	0	0	480	
8	0	0	0	0	482	
9	0	0	0	0	482	
10	0	0	0	0	484	
11	0	0	0	0	483	
12	0	0	0	0	483	
13	0	0	0	0	485	
14	0	0	0	0	484	
15	0	0	0	0	485	
0	0	0	0	0	487	
1	0	0	0	0	487	
2	0	0	0	0	483	
3	0	0	0	0	482	
4	0	0	0	0	481	
5	0	0	0	0	480	
6	0	0	0	0	483	
7	0	0	0	0	485	
8	0	0	0	0	486	
9	0	0	0	0	489	
10	0	0	0	0	490	
11	0	0	0	0	490	
12	0	0	0	0	489	
13	0	0	0	0	487	
14	0	0	0	0	487	
15	0	0	0	0	488	
0	0	0	0	0	489	
1	0	0	0	0	491	
2	0	0	0	0	491	
3	0	0	0	0	489	
4	0	0	0	0	487	
5	0	0	0	0	485	
6	0	0	0	0	486	
7	0	0	0	0	488	
8	0	0	0	0	489	
9	0	0	0	0	492	
10	0	0	0	0	494	
11	0	0	0	0	493	
12	0	0	0	0	496	
13	0	0	0	0	497	
14	0	0	0	0	497	
15	0	0	0	0	497	
0	0	0	0	0	498	
1	0	0	0	0	499	
2	0	0	0	0	498	
3	0	0	0	0	499	
4	0	0	0	0	500	
5	0	0	0	0	501	
6	0	0	0	0	502	
7	0	0	0	0	503	
8	0	0	0	0	504	
9	0	0	0	0	505	
10	0	0	0	0	504	
11	0	0	0	0	503	
12	0	0	0	0	503	
13	0	0	0	0	503	
14	0	0	0	0	502	
15	0	0	0	0	501	
0	0	0	0	0	499	
1	0	0	0	0	499	
2	0	0	0	0	499	
3	0	0	0	0	501	
4	0	0	0	0	502	
5	0	0	0	0	504	
6	0	0	0	0	506	
7	0	0	0	0	508	
8	0	0	0	0	510	
9	0	0	0	0	510	
10	0	0	0	0	510	
11	0	0	0	0	511	
12	0	0	0	0	511	
13	0	0	0	0	511	
14	0	0	0	0	510	
15	0	0	0	0	511	
0	0	0	0	0	511	
1	0	0	0	0	509	
2	0	0	0	0	507	
3	0	0	0	0	505	
4	0	0	0	0	502	
5	0	0	0	0	502	
6	0	0	0	0	504	
7	0	0	0	0	505	
8	0	0	0	0	506	
9	0	0	0	0	506	
10	0	0	0	0	509	
11	0	0	0	0	514	
12	0	0	0	0	518	
13	0	0	0	0	519	
14	0	0	0	0	518	
15	0	0	0	0	517	
0	0	0	0	0	515	
1	0	0	0	0	514	
2	0	0	0	0	515	
3	0	0	0	0	514	
4	0	0	0	0	512	
5	0	0	0	0	511	
6	0	0	0	0	511	
7	0	0	0	0	509	
8	0	0	0	0	507	
9	0	0	0	0	506	
10	0	0	0	0	507	
11	0	0	0	0	505	
12	0	0	0	0	505	
13	0	0	0	0	505	
14	0	0	0	0	506	
15	0	0	0	0	506	
0	0	0	0	0	506	
1	0	0	0	0	506	
2	0	0	0	0	506	
3	0	0	0	0	508	
4	0	0	0	0	508	
5	0	0	0	0	508	
6	0	0	0	0	508	
7	0	0	0	0	507	
8	0	0	0	0	507	
9	0	0	0	0	509	
10	0	0	0	0	512	
11	0	0	0	0	512	
12	0	0	0	0	512	
13	0	0	0	0	512	
14	0	0	0	0	513	
15	0	0	0	0	515	
0	0	0	0	0	516	
1	0	0	0	0	515	
2	0	0	0	0	515	
3	0	0	0	0	515	
4	0	0	0	0	514	
5	0	0	0	0	512	
6	0	0	0	0	510	
7	0	0	0	0	509	
8	0	0	0	0	510	
9	0	0	0	0	510	
10	0	0	0	0	512	
11	0	0	0	0	513	
12	0	0	0	0	514	
13	0	0	0	0	514	
14	0	0	0	0	512	
15	0	0	0	0	509	
0	0	0	0	0	508	
1	0	0	0	0	507	
2	0	0	0	0	504	
3	0	0	0	0	504	
4	0	0	0	0	505	
5	0	0	0	0	506	
6	0	0	0	0	507	
7	0	0	0	0	508	
8	0	0	0	0	508	
9	0	0	0	0	507	
10	0	0	0	0	507	
11	0	0	0	0	508	
12	0	0	0	0	508	
13	0	0	0	0	508	
14	0	0	0	0	507	
15	0	0	0	0	507	
0	0	0	0	0	508	
1	0	0	0	0	508	
2	0	0	0	0	508	
3	0	0	0	0	508	
4	0	0	0	0	508	
5	0	0	0	0	509	
6	0	0	0	0	508	
7	0	0	0	0	508	
8	0	0	0	0	506	
9	0	0	0	0	505	
10	0	0	0	0	507	
11	0	0	0	0	507	
12	0	0	0	0	507	
13	0	0	0	0	508	
14	0	0	0	0	508	
15	0	0	0	0	511	
0	0	0	0	0	513	
1	0	0	0	0	513	
2	0	0	0	0	512	
3	0	0	0	0	509	
4	0	0	0	0	509	
5	0	0	0	0	508	
6	0	0	0	0	509	
7	0	0	0	0	510	
8	0	0	0	0	508	
9	0	0	0	0	506	
10	0	0	0	0	508	
11	0	0	0	0	511	
12	0	0	0	0	513	
13	0	0	0	0	514	
14	0	0	0	0	514	
15	0	0	0	0	513	
0	0	0	0	0	514	
1	0	0	0	0	515	
2	0	0	0	0	515	
3	0	0	0	0	513	
4	0	0	0	0	512	
5	0	0	0	0	515	
6	0	0	0	0	515	
7	0	0	0	0	514	
8	0	0	0	0	516	
9	0	0	0	0	518	
10	0	0	0	0	519	
11	0	0	0	0	521	
12	0	0	0	0	522	
13	0	0	0	0	522	
14	0	0	0	0	521	
15	0	0	0	0	520	
0	0	0	0	0	519	
1	0	0	0	0	519	
2	0	0	0	0	520	
3	0	0	0	0	521	
4	0	0	0	0	520	
5	0	0	0	0	518	
6	0	0	0	0	519	
7	0	0	0	0	521	
8	0	0	0	0	520	
9	0	0	0	0	518	
10	0	0	0	0	518	
11	0	0	0	0	519	
12	0	0	0	0	519	
13	0	0	0	0	519	
14	0	0	0	0	520	
15	0	0	0	0	521	
0	0	0	0	0	523	
1	0	0	0	0	525	
2	0	0	0	0	529	
3	0	0	0	0	527	
4	0	0	0	0	526	
5	0	0	0	0	526	
6	0	0	0	0	525	
7	0	0	0	0	524	
8	0	0	0	0	523	
9	0	0	0	0	520	
10	0	0	0	0	519	
11	0	0	0	0	519	
12	0	0	0	0	515	
13	0	0	0	0	516	
14	0	0	0	0	519	
15	0	0	0	0	521	
0	0	0	0	0	522	
1	0	0	0	0	523	
2	0	0	0	0	527	
3	0	0	0	0	533	
4	0	0	0	0	538	
5	0	0	0	0	542	
6	0	0	0	0	546	
7	0	0	0	0	550	
8	0	0	0	0	553	
9	0	0	0	0	558	
10	0	0	0	0	561	
11	0	0	0	0	563	
12	0	0	0	0	565	
13	0	0	0	0	567	
14	0	0	0	0	570	
15	0	0	0	0	570	
0	0	0	0	0	569	
1	0	0	0	0	566	
2	0	0	0	0	562	
3	0	0	0	0	558	
4	0	0	0	0	555	
5	0	0	0	0	550	
6	0	0	0	0	544	
7	0	0	0	0	538	
8	0	0	0	0	534	
9	0	0	0	0	533	
10	0	0	0	0	533	
11	0	0	0	0	534	
12	0	0	0	0	531	
13	0	0	0	0	531	
14	0	0	0	0	530	
15	0	0	0	0	529	
0	0	0	0	0	528	
1	0	0	0	0	529	
2	0	0	0	0	531	
3	0	0	0	0	534	
4	0	0	0	0	534	
5	0	0	0	0	533	
6	0	0	0	0	533	
7	0	0	0	0	534	
8	0	0	0	0	536	
9	0	0	0	0	536	
10	0	0	0	0	536	
11	0	0	0	0	535	
12	0	0	0	0	534	
13	0	0	0	0	537	
14	0	0	0	0	537	
15	0	0	0	0	536	
0	0	0	0	0	532	
1	0	0	0	0	531	
2	0	0	0	0	531	
3	0	0	0	0	529	
4	0	0	0	0	528	
5	0	0	0	0	528	
6	0	0	0	0	527	
7	0	0	0	0	526	
8	0	0	0	0	522	
9	0	0	0	0	520	
10	0	0	0	0	518	
11	0	0	0	0	515	
12	0	0	0	0	512	
13	0	0	0	0	511	
14	0	0	0	0	512	
15	0	0	0	0	512	
0	0	0	0	0	513	
1	0	0	0	0	515	
2	0	0	0	0	515	
3	0	0	0	0	516	
4	0	0	0	0	517	
5	0	0	0	0	517	
6	0	0	0	0	517	
7	0	0	0	0	518	
8	0	0	0	0	516	
9	0	0	0	0	516	
10	0	0	0	0	515	
11	0	0	0	0	517	
12	0	0	0	0	519	
13	0	0	0	0	517	
14	0	0	0	0	515	
15	0	0	0	0	514	
0	0	0	0	0	516	
1	0	0	0	0	519	
2	0	0	0	0	518	
3	0	0	0	0	515	
4	0	0	0	0	514	
5	0	0	0	0	513	
6	0	0	0	0	509	
7	0	0	0	0	506	
8	0	0	0	0	507	
9	0	0	0	0	508	
10	0	0	0	0	506	
11	0	0	0	0	505	
12	0	0	0	0	506	
13	0	0	0	0	508	
14	0	0	0	0	506	
15	0	0	0	0	505	
0	0	0	0	0	507	
1	0	0	0	0	505	
2	0	0	0	0	505	
3	0	0	0	0	506	
4	0	0	0	0	507	
5	0	0	0	0	505	
6	0	0	0	0	504	
7	0	0	0	0	503	
8	0	0	0	0	504	
9	0	0	0	0	503	
10	0	0	0	0	504	
11	0	0	0	0	505	
12	0	0	0	0	505	
13	0	0	0	0	503	
14	0	0	0	0	501	
15	0	0	0	0	499	
0	0	0	0	0	499	
1	0	0	0	0	499	
2	0	0	0	0	496	
3	0	0	0	0	495	
4	0	0	0	0	498	
5	0	0	0	0	501	
6	0	0	0	0	502	
7	0	0	0	0	503	
8	0	0	0	0	506	
9	0	0	0	0	507	
10	0	0	0	0	507	
11	0	0	0	0	507	
12	0	0	0	0	508	
13	0	0	0	0	508	
14	0	0	0	0	507	
15	0	0	0	0	510	
0	0	0	0	0	509	
1	0	0	0	0	507	
2	0	0	0	0	506	
3	0	0	0	0	504	
4	0	0	0	0	505	
5	0	0	0	0	505	
6	0	0	0	0	507	
7	0	0	0	0	509	
8	0	0	0	0	509	
9	0	0	0	0	510	
10	0	0	0	0	509	
11	0	0	0	0	507	
12	0	0	0	0	503	
13	0	0	0	0	500	
14	0	0	0	0	497	
15	0	0	0	0	496	
0	0	0	0	0	496	
1	0	0	0	0	496	
2	0	0	0	0	502	
3	0	0	0	0	510	
4	0	0	0	0	516	
5	0	0	0	0	524	
6	0	0	0	0	526	
7	0	0	0	0	531	
8	0	0	0	0	541	
9	0	0	0	0	548	
10	0	0	0	0	556	
11	0	0	0	0	564	
12	0	0	0	0	573	
13	0	0	0	0	583	
14	0	0	0	0	597	
15	0	0	0	0	612	
0	0	0	0	0	628	
1	0	0	0	0	645	
2	0	0	0	0	665	
3	0	0	0	0	687	
4	0	0	0	0	706	
5	0	0	0	0	727	
6	0	0	0	0	747	
7	0	0	0	0	768	
8	0	0	0	0	792	
9	0	0	0	0	816	
10	0	0	0	0	838	
11	0	0	0	0	855	
12	0	0	0	0	870	
13	0	0	0	0	873	
14	0	0	0	0	867	
15	0	0	0	0	859	
0	0	0	0	0	850	
1	0	0	0	0	839	
2	0	0	0	0	820	
3	0	0	0	0	798	
4	0	0	0	0	774	
5	0	0	0	0	743	
6	0	0	0	0	714	
7	0	0	0	0	683	
8	0	0	0	0	643	
9	0	0	0	0	603	
10	0	0	0	0	560	
11	0	0	0	0	515	
12	0	0	0	0	476	
13	0	0	0	0	444	
14	0	0	0	0	420	
15	0	0	0	0	402	
0	0	0	0	0	391	
1	0	0	0	0	385	
2	0	0	0	0	387	
3	0	0	0	0	393	
4	0	0	0	0	398	
5	0	0	0	0	404	
6	0	0	0	0	409	
7	0	0	0	0	415	
8	0	0	0	0	420	
9	0	0	0	0	426	
10	0	0	0	0	432	
11	0	0	0	0	437	
12	0	0	0	0	443	
13	0	0	0	0	449	
14	0	0	0	0	455	
15	0	0	0	0	459	
0	0	0	0	0	462	
1	0	0	0	0	464	
2	0	0	0	0	466	
3	0	0	0	0	467	
4	0	0	0	0	466	
5	0	0	0	0	464	
6	0	0	0	0	466	
7	0	0	0	0	470	
8	0	0	0	0	470	
9	0	0	0	0	471	
10	0	0	0	0	469	
11	0	0	0	0	471	
12	0	0	0	0	474	
13	0	0	0	0	475	
14	0	0	0	0	472	
15	0	0	0	0	471	
0	0	0	0	0	473	
1	0	0	0	0	474	
2	0	0	0	0	475	
3	0	0	0	0	474	
4	0	0	0	0	471	
5	0	0	0	0	470	
6	0	0	0	0	468	
7	0	0	0	0	468	
8	0	0	0	0	470	
9	0	0	0	0	474	
10	0	0	0	0	476	
11	0	0	0	0	476	
12	0	0	0	0	474	
13	0	0	0	0	474	
14	0	0	0	0	475	
15	0	0	0	0	476	
0	0	0	0	0	474	
1	0	0	0	0	472	
2	0	0	0	0	472	
3	0	0	0	0	472	
4	0	0	0	0	471	
5	0	0	0	0	471	
6	0	0	0	0	472	
7	0	0	0	0	475	
8	0	0	0	0	477	
9	0	0	0	0	479	
10	0	0	0	0	482	
11	0	0	0	0	482	
12	0	0	0	0	482	
13	0	0	0	0	482	
14	0	0	0	0	481	
15	0	0	0	0	482	
0	0	0	0	0	485	
1	0	0	0	0	487	
2	0	0	0	0	487	
3	0	0	0	0	487	
4	0	0	0	0	487	
5	0	0	0	0	489	
6	0	0	0	0	492	
7	0	0	0	0	494	
8	0	0	0	0	496	
9	0	0	0	0	497	
10	0	0	0	0	498	
11	0	0	0	0	499	
12	0	0	0	0	499	
13	0	0	0	0	500	
14	0	0	0	0	499	
15	0	0	0	0	495	
0	0	0	0	0	495	
1	0	0	0	0	496	
2	0	0	0	0	498	
3	0	0	0	0	498	
4	0	0	0	0	496	
5	0	0	0	0	493	
6	0	0	0	0	493	
7	0	0	0	0	493	
8	0	0	0	0	496	
9	0	0	0	0	499	
10	0	0	0	0	498	
11	0	0	0	0	498	
12	0	0	0	0	500	
13	0	0	0	0	504	
14	0	0	0	0	504	
15	0	0	0	0	505	
0	0	0	0	0	509	
1	0	0	0	0	510	
2	0	0	0	0	510	
3	0	0	0	0	510	
4	0	0	0	0	511	
5	0	0	0	0	511	
6	0	0	0	0	511	
7	0	0	0	0	512	
8	0	0	0	0	513	
9	0	0	0	0	514	
10	0	0	0	0	516	
11	0	0	0	0	517	
12	0	0	0	0	518	
13	0	0	0	0	519	
14	0	0	0	0	519	
15	0	0	0	0	518	
0	0	0	0	0	516	
1	0	0	0	0	517	
2	0	0	0	0	518	
3	0	0	0	0	517	
4	0	0	0	0	517	
5	0	0	0	0	518	
6	0	0	0	0	519	
7	0	0	0	0	518	
8	0	0	0	0	519	
9	0	0	0	0	519	
10	0	0	0	0	520	
11	0	0	0	0	521	
12	0	0	0	0	521	
13	0	0	0	0	522	
14	0	0	0	0	524	
15	0	0	0	0	526	
0	0	0	0	0	523	
1	0	0	0	0	525	
2	0	0	0	0	527	
3	0	0	0	0	527	
4	0	0	0	0	527	
5	0	0	0	0	526	
6	0	0	0	0	525	
7	0	0	0	0	527	
8	0	0	0	0	527	
9	0	0	0	0	527	
10	0	0	0	0	526	
11	0	0	0	0	526	
12	0	0	0	0	526	
13	0	0	0	0	528	
14	0	0	0	0	528	
15	0	0	0	0	529	
0	0	0	0	0	529	
1	0	0	0	0	531	
2	0	0	0	0	535	
3	0	0	0	0	536	
4	0	0	0	0	536	
5	0	0	0	0	534	
6	0	0	0	0	536	
7	0	0	0	0	536	
8	0	0	0	0	535	
9	0	0	0	0	536	
10	0	0	0	0	537	
11	0	0	0	0	540	
12	0	0	0	0	541	
13	0	0	0	0	543	
14	0	0	0	0	545	
15	0	0	0	0	544	
0	0	0	0	0	546	
1	0	0	0	0	546	
2	0	0	0	0	549	
3	0	0	0	0	551	
4	0	0	0	0	549	
5	0	0	0	0	548	
6	0	0	0	0	547	
7	0	0	0	0	550	
8	0	0	0	0	551	
9	0	0	0	0	552	
10	0	0	0	0	552	
11	0	0	0	0	551	
12	0	0	0	0	551	
13	0	0	0	0	554	
14	0	0	0	0	556	
15	0	0	0	0	558	
0	0	0	0	0	560	
1	0	0	0	0	561	
2	0	0	0	0	562	
3	0	0	0	0	563	
4	0	0	0	0	564	
5	0	0	0	0	563	
6	0	0	0	0	562	
7	0	0	0	0	563	
8	0	0	0	0	562	
9	0	0	0	0	566	
10	0	0	0	0	570	
11	0	0	0	0	570	
12	0	0	0	0	568	
13	0	0	0	0	565	
14	0	0	0	0	564	
15	0	0	0	0	564	
0	0	0	0	0	567	
1	0	0	0	0	570	
2	0	0	0	0	570	
3	0	0	0	0	572	
4	0	0	0	0	572	
5	0	0	0	0	570	
6	0	0	0	0	571	
7	0	0	0	0	571	
8	0	0	0	0	571	
9	0	0	0	0	572	
10	0	0	0	0	569	
11	0	0	0	0	570	
12	0	0	0	0	571	
13	0	0	0	0	574	
14	0	0	0	0	574	
15	0	0	0	0	573	
0	0	0	0	0	572	
1	0	0	0	0	575	
2	0	0	0	0	577	
3	0	0	0	0	575	
4	0	0	0	0	575	
5	0	0	0	0	575	
6	0	0	0	0	574	
7	0	0	0	0	574	
8	0	0	0	0	572	
9	0	0	0	0	575	
10	0	0	0	0	576	
11	0	0	0	0	576	
12	0	0	0	0	574	
13	0	0	0	0	573	
14	0	0	0	0	571	
15	0	0	0	0	571	
0	0	0	0	0	573	
1	0	0	0	0	574	
2	0	0	0	0	574	
3	0	0	0	0	574	
4	0	0	0	0	575	
5	0	0	0	0	575	
6	0	0	0	0	574	
7	0	0	0	0	571	
8	0	0	0	0	567	
9	0	0	0	0	564	
10	0	0	0	0	558	
11	0	0	0	0	552	
12	0	0	0	0	547	
13	0	0	0	0	545	
14	0	0	0	0	548	
15	0	0	0	0	548	
0	0	0	0	0	547	
1	0	0	0	0	544	
2	0	0	0	0	541	
3	0	0	0	0	540	
4	0	0	0	0	538	
5	0	0	0	0	537	
6	0	0	0	0	534	
7	0	0	0	0	532	
8	0	0	0	0	530	
9	0	0	0	0	527	
10	0	0	0	0	525	
11	0	0	0	0	520	
12	0	0	0	0	519	
13	0	0	0	0	520	
14	0	0	0	0	519	
15	0	0	0	0	518	
0	0	0	0	0	515	
1	0	0	0	0	510	
2	0	0	0	0	504	
3	0	0	0	0	499	
4	0	0	0	0	496	
5	0	0	0	0	492	
6	0	0	0	0	491	
7	0	0	0	0	487	
8	0	0	0	0	483	
9	0	0	0	0	479	
10	0	0	0	0	475	
11	0	0	0	0	473	
12	0	0	0	0	472	
13	0	0	0	0	468	
14	0	0	0	0	464	
15	0	0	0	0	462	
0	0	0	0	0	462	
1	0	0	0	0	462	
2	0	0	0	0	461	
3	0	0	0	0	462	
4	0	0	0	0	463	
5	0	0	0	0	460	
6	0	0	0	0	458	
7	0	0	0	0	458	
8	0	0	0	0	458	
9	0	0	0	0	456	
10	0	0	0	0	455	
11	0	0	0	0	453	
12	0	0	0	0	449	
13	0	0	0	0	446	
14	0	0	0	0	444	
15	0	0	0	0	443	
0	0	0	0	0	442	
1	0	0	0	0	441	
2	0	0	0	0	442	
3	0	0	0	0	441	
4	0	0	0	0	441	
5	0	0	0	0	441	
6	0	0	0	0	443	
7	0	0	0	0	444	
8	0	0	0	0	445	
9	0	0	0	0	445	
10	0	0	0	0	444	
11	0	0	0	0	443	
12	0	0	0	0	441	
13	0	0	0	0	440	
14	0	0	0	0	442	
15	0	0	0	0	444	
0	0	0	0	0	445	
1	0	0	0	0	447	
2	0	0	0	0	448	
3	0	0	0	0	447	
4	0	0	0	0	447	
5	0	0	0	0	447	
6	0	0	0	0	449	
7	0	0	0	0	450	
8	0	0	0	0	452	
9	0	0	0	0	452	
10	0	0	0	0	452	
11	0	0	0	0	451	
12	0	0	0	0	451	
13	0	0	0	0	452	
14	0	0	0	0	452	
15	0	0	0	0	452	
0	0	0	0	0	451	
1	0	0	0	0	448	
2	0	0	0	0	447	
3	0	0	0	0	449	
4	0	0	0	0	450	
5	0	0	0	0	452	
6	0	0	0	0	456	
7	0	0	0	0	457	
8	0	0	0	0	455	
9	0	0	0	0	454	
10	0	0	0	0	454	
11	0	0	0	0	453	
12	0	0	0	0	450	
13	0	0	0	0	450	
14	0	0	0	0	451	
15	0	0	0	0	455	
0	0	0	0	0	455	
1	0	0	0	0	455	
2	0	0	0	0	453	
3	0	0	0	0	453	
4	0	0	0	0	456	
5	0	0	0	0	457	
6	0	0	0	0	459	
7	0	0	0	0	459	
8	0	0	0	0	457	
9	0	0	0	0	460	
10	0	0	0	0	461	
11	0	0	0	0	461	
12	0	0	0	0	462	
13	0	0	0	0	463	
14	0	0	0	0	463	
15	0	0	0	0	465	
0	0	0	0	0	467	
1	0	0	0	0	469	
2	0	0	0	0	470	
3	0	0	0	0	472	
4	0	0	0	0	474	
5	0	0	0	0	475	
6	0	0	0	0	477	
7	0	0	0	0	480	
8	0	0	0	0	480	
9	0	0	0	0	479	
10	0	0	0	0	478	
11	0	0	0	0	479	
12	0	0	0	0	480	
13	0	0	0	0	481	
14	0	0	0	0	479	
15	0	0	0	0	478	
0	0	0	0	0	477	
1	0	0	0	0	475	
2	0	0	0	0	479	
3	0	0	0	0	483	
4	0	0	0	0	490	
5	0	0	0	0	497	
6	0	0	0	0	502	
7	0	0	0	0	506	
8	0	0	0	0	508	
9	0	0	0	0	510	
10	0	0	0	0	511	
11	0	0	0	0	513	
12	0	0	0	0	516	
13	0	0	0	0	517	
14	0	0	0	0	518	
15	0	0	0	0	519	
0	0	0	0	0	522	
1	0	0	0	0	525	
2	0	0	0	0	529	
3	0	0	0	0	534	
4	0	0	0	0	537	
5	0	0	0	0	540	
6	0	0	0	0	540	
7	0	0	0	0	542	
8	0	0	0	0	543	
9	0	0	0	0	542	
10	0	0	0	0	542	
11	0	0	0	0	543	
12	0	0	0	0	542	
13	0	0	0	0	540	
14	0	0	0	0	538	
15	0	0	0	0	533	
0	0	0	0	0	528	
1	0	0	0	0	526	
2	0	0	0	0	525	
3	0	0	0	0	527	
4	0	0	0	0	529	
5	0	0	0	0	533	
6	0	0	0	0	536	
7	0	0	0	0	538	
8	0	0	0	0	541	
9	0	0	0	0	542	
10	0	0	0	0	542	
11	0	0	0	0	543	
12	0	0	0	0	543	
13	0	0	0	0	543	
14	0	0	0	0	540	
15	0	0	0	0	541	
0	0	0	0	0	539	
1	0	0	0	0	538	
2	0	0	0	0	536	
3	0	0	0	0	535	
4	0	0	0	0	537	
5	0	0	0	0	537	
6	0	0	0	0	537	
7	0	0	0	0	538	
8	0	0	0	0	539	
9	0	0	0	0	540	
10	0	0	0	0	539	
11	0	0	0	0	539	
12	0	0	0	0	536	
13	0	0	0	0	534	
14	0	0	0	0	533	
15	0	0	0	0	532	
0	0	0	0	0	531	
1	0	0	0	0	532	
2	0	0	0	0	531	
3	0	0	0	0	532	
4	0	0	0	0	534	
5	0	0	0	0	533	
6	0	0	0	0	535	
7	0	0	0	0	536	
8	0	0	0	0	536	
9	0	0	0	0	535	
10	0	0	0	0	533	
11	0	0	0	0	532	
12	0	0	0	0	534	
13	0	0	0	0	533	
14	0	0	0	0	529	
15	0	0	0	0	526	
0	0	0	0	0	526	
1	0	0	0	0	524	
2	0	0	0	0	524	
3	0	0	0	0	527	
4	0	0	0	0	529	
5	0	0	0	0	530	
6	0	0	0	0	529	
7	0	0	0	0	527	
8	0	0	0	0	527	
9	0	0	0	0	527	
10	0	0	0	0	527	
11	0	0	0	0	525	
12	0	0	0	0	526	
13	0	0	0	0	526	
14	0	0	0	0	526	
15	0	0	0	0	528	
0	0	0	0	0	529	
1	0	0	0	0	530	
2	0	0	0	0	527	
3	0	0	0	0	526	
4	0	0	0	0	527	
5	0	0	0	0	529	
6	0	0	0	0	529	
7	0	0	0	0	525	
8	0	0	0	0	524	
9	0	0	0	0	524	
10	0	0	0	0	523	
11	0	0	0	0	520	
12	0	0	0	0	519	
13	0	0	0	0	519	
14	0	0	0	0	518	
15	0	0	0	0	519	
0	0	0	0	0	521	
1	0	0	0	0	523	
2	0	0	0	0	523	
3	0	0	0	0	520	
4	0	0	0	0	521	
5	0	0	0	0	520	
6	0	0	0	0	520	
7	0	0	0	0	519	
8	0	0	0	0	519	
9	0	0	0	0	519	
10	0	0	0	0	519	
11	0	0	0	0	519	
12	0	0	0	0	517	
13	0	0	0	0	517	
14	0	0	0	0	515	
15	0	0	0	0	514	
0	0	0	0	0	510	
1	0	0	0	0	506	
2	0	0	0	0	504	
3	0	0	0	0	500	
4	0	0	0	0	496	
5	0	0	0	0	492	
6	0	0	0	0	489	
7	0	0	0	0	487	
8	0	0	0	0	487	
9	0	0	0	0	486	
10	0	0	0	0	487	
11	0	0	0	0	485	
12	0	0	0	0	484	
13	0	0	0	0	487	
14	0	0	0	0	489	
15	0	0	0	0	490	
0	0	0	0	0	489	
1	0	0	0	0	489	
2	0	0	0	0	487	
3	0	0	0	0	488	
4	0	0	0	0	487	
5	0	0	0	0	486	
6	0	0	0	0	483	
7	0	0	0	0	482	
8	0	0	0	0	483	
9	0	0	0	0	483	
10	0	0	0	0	482	
11	0	0	0	0	482	
12	0	0	0	0	482	
13	0	0	0	0	482	
14	0	0	0	0	482	
15	0	0	0	0	485	
0	0	0	0	0	485	
1	0	0	0	0	484	
2	0	0	0	0	483	
3	0	0	0	0	484	
4	0	0	0	0	483	
5	0	0	0	0	481	
6	0	0	0	0	480	
7	0	0	0	0	480	
8	0	0	0	0	480	
9	0	0	0	0	480	
10	0	0	0	0	479	
11	0	0	0	0	482	
12	0	0	0	0	486	
13	0	0	0	0	489	
14	0	0	0	0	491	
15	0	0	0	0	492	
0	0	0	0	0	492	
1	0	0	0	0	495	
2	0	0	0	0	494	
3	0	0	0	0	491	
4	0	0	0	0	489	
5	0	0	0	0	487	
6	0	0	0	0	487	
7	0	0	0	0	485	
8	0	0	0	0	483	
9	0	0	0	0	483	
10	0	0	0	0	480	
11	0	0	0	0	476	
12	0	0	0	0	476	
13	0	0	0	0	475	
14	0	0	0	0	473	
15	0	0	0	0	472	
0	0	0	0	0	472	
1	0	0	0	0	473	
2	0	0	0	0	476	
3	0	0	0	0	479	
4	0	0	0	0	479	
5	0	0	0	0	479	
6	0	0	0	0	483	
7	0	0	0	0	485	
8	0	0	0	0	488	
9	0	0	0	0	490	
10	0	0	0	0	492	
11	0	0	0	0	493	
12	0	0	0	0	495	
13	0	0	0	0	496	
14	0	0	0	0	498	
15	0	0	0	0	499	
0	0	0	0	0	498	
1	0	0	0	0	496	
2	0	0	0	0	495	
3	0	0	0	0	493	
4	0	0	0	0	493	
5	0	0	0	0	491	
6	0	0	0	0	491	
7	0	0	0	0	489	
8	0	0	0	0	487	
9	0	0	0	0	485	
10	0	0	0	0	485	
11	0	0	0	0	483	
12	0	0	0	0	483	
13	0	0	0	0	482	
14	0	0	0	0	480	
15	0	0	0	0	480	
0	0	0	0	0	478	
1	0	0	0	0	477	
2	0	0	0	0	477	
3	0	0	0	0	478	
4	0	0	0	0	479	
5	0	0	0	0	479	
6	0	0	0	0	480	
7	0	0	0	0	481	
8	0	0	0	0	483	
9	0	0	0	0	485	
10	0	0	0	0	484	
11	0	0	0	0	483	
12	0	0	0	0	485	
13	0	0	0	0	488	
14	0	0	0	0	489	
15	0	0	0	0	491	
0	0	0	0	0	493	
1	0	0	0	0	495	
2	0	0	0	0	497	
3	0	0	0	0	497	
4	0	0	0	0	496	
5	0	0	0	0	496	
6	0	0	0	0	494	
7	0	0	0	0	491	
8	0	0	0	0	488	
9	0	0	0	0	485	
10	0	0	0	0	482	
11	0	0	0	0	480	
12	0	0	0	0	480	
13	0	0	0	0	481	
14	0	0	0	0	481	
15	0	0	0	0	482	
0	0	0	0	0	484	
1	0	0	0	0	484	
2	0	0	0	0	485	
3	0	0	0	0	486	
4	0	0	0	0	485	
5	0	0	0	0	484	
6	0	0	0	0	484	
7	0	0	0	0	483	
8	0	0	0	0	486	
9	0	0	0	0	486	
10	0	0	0	0	484	
11	0	0	0	0	484	
12	0	0	0	0	482	
13	0	0	0	0	482	
14	0	0	0	0	482	
15	0	0	0	0	483	
0	0	0	0	0	486	
1	0	0	0	0	487	
2	0	0	0	0	488	
3	0	0	0	0	488	
4	0	0	0	0	489	
5	0	0	0	0	491	
6	0	0	0	0	492	
7	0	0	0	0	492	
8	0	0	0	0	492	
9	0	0	0	0	493	
10	0	0	0	0	492	
11	0	0	0	0	494	
12	0	0	0	0	496	
13	0	0	0	0	497	
14	0	0	0	0	498	
15	0	0	0	0	501	
0	0	0	0	0	503	
1	0	0	0	0	504	
2	0	0	0	0	503	
3	0	0	0	0	502	
4	0	0	0	0	502	
5	0	0	0	0	503	
6	0	0	0	0	504	
7	0	0	0	0	503	
8	0	0	0	0	501	
9	0	0	0	0	501	
10	0	0	0	0	499	
11	0	0	0	0	498	
12	0	0	0	0	497	
13	0	0	0	0	495	
14	0	0	0	0	493	
15	0	0	0	0	492	
0	0	0	0	0	488	
1	0	0	0	0	486	
2	0	0	0	0	486	
3	0	0	0	0	487	
4	0	0	0	0	488	
5	0	0	0	0	488	
6	0	0	0	0	490	
7	0	0	0	0	494	
8	0	0	0	0	499	
9	0	0	0	0	503	
10	0	0	0	0	507	
11	0	0	0	0	512	
12	0	0	0	0	518	
13	0	0	0	0	524	
14	0	0	0	0	531	
15	0	0	0	0	538	
0	0	0	0	0	548	
1	0	0	0	0	558	
2	0	0	0	0	572	
3	0	0	0	0	587	
4	0	0	0	0	603	
5	0	0	0	0	621	
6	0	0	0	0	640	
7	0	0	0	0	661	
8	0	0	0	0	681	
9	0	0	0	0	700	
10	0	0	0	0	719	
11	0	0	0	0	739	
12	0	0	0	0	763	
13	0	0	0	0	786	
14	0	0	0	0	807	
15	0	0	0	0	827	
0	0	0	0	0	844	
1	0	0	0	0	859	
2	0	0	0	0	864	
3	0	0	0	0	860	
4	0	0	0	0	853	
5	0	0	0	0	843	
6	0	0	0	0	830	
7	0	0	0	0	809	
8	0	0	0	0	787	
9	0	0	0	0	761	
10	0	0	0	0	730	
11	0	0	0	0	697	
12	0	0	0	0	662	
13	0	0	0	0	624	
14	0	0	0	0	583	
15	0	0	0	0	540	
0	0	0	0	0	498	
1	0	0	0	0	461	
2	0	0	0	0	431	
3	0	0	0	0	408	
4	0	0	0	0	393	
5	0	0	0	0	385	
6	0	0	0	0	383	
7	0	0	0	0	387	
8	0	0	0	0	392	
9	0	0	0	0	398	
10	0	0	0	0	405	
11	0	0	0	0	412	
12	0	0	0	0	420	
13	0	0	0	0	428	
14	0	0	0	0	435	
15	0	0	0	0	441	
0	0	0	0	0	444	
1	0	0	0	0	448	
2	0	0	0	0	452	
3	0	0	0	0	456	
4	0	0	0	0	460	
5	0	0	0	0	463	
6	0	0	0	0	467	
7	0	0	0	0	469	
8	0	0	0	0	472	
9	0	0	0	0	475	
10	0	0	0	0	475	
11	0	0	0	0	472	
12	0	0	0	0	471	
13	0	0	0	0	470	
14	0	0	0	0	467	
15	0	0	0	0	466	
0	0	0	0	0	465	
1	0	0	0	0	466	
2	0	0	0	0	468	
3	0	0	0	0	469	
4	0	0	0	0	469	
5	0	0	0	0	470	
6	0	0	0	0	470	
7	0	0	0	0	470	
8	0	0	0	0	471	
9	0	0	0	0	472	
10	0	0	0	0	474	
11	0	0	0	0	476	
12	0	0	0	0	477	
13	0	0	0	0	477	
14	0	0	0	0	475	
15	0	0	0	0	473	
0	0	0	0	0	473	
1	0	0	0	0	473	
2	0	0	0	0	472	
3	0	0	0	0	472	
4	0	0	0	0	472	
5	0	0	0	0	475	
6	0	0	0	0	477	
7	0	0	0	0	479	
8	0	0	0	0	480	
9	0	0	0	0	481	
10	0	0	0	0	482	
11	0	0	0	0	483	
12	0	0	0	0	483	
13	0	0	0	0	483	
14	0	0	0	0	483	
15	0	0	0	0	483	
0	0	0	0	0	484	
1	0	0	0	0	485	
2	0	0	0	0	484	
3	0	0	0	0	485	
4	0	0	0	0	486	
5	0	0	0	0	489	
6	0	0	0	0	492	
7	0	0	0	0	492	
8	0	0	0	0	493	
9	0	0	0	0	493	
10	0	0	0	0	492	
11	0	0	0	0	493	
12	0	0	0	0	493	
13	0	0	0	0	493	
14	0	0	0	0	493	
15	0	0	0	0	492	
0	0	0	0	0	492	
1	0	0	0	0	492	
2	0	0	0	0	492	
3	0	0	0	0	493	
4	0	0	0	0	494	
5	0	0	0	0	495	
6	0	0	0	0	496	
7	0	0	0	0	496	
8	0	0	0	0	497	
9	0	0	0	0	499	
10	0	0	0	0	501	
11	0	0	0	0	503	
12	0	0	0	0	503	
13	0	0	0	0	503	
14	0	0	0	0	503	
15	0	0	0	0	503	
0	0	0	0	0	502	
1	0	0	0	0	501	
2	0	0	0	0	499	
3	0	0	0	0	498	
4	0	0	0	0	499	
5	0	0	0	0	501	
6	0	0	0	0	502	
7	0	0	0	0	502	
8	0	0	0	0	503	
9	0	0	0	0	506	
10	0	0	0	0	509	
11	0	0	0	0	511	
12	0	0	0	0	510	
13	0	0	0	0	509	
14	0	0	0	0	507	
15	0	0	0	0	505	
0	0	0	0	0	504	
1	0	0	0	0	504	
2	0	0	0	0	504	
3	0	0	0	0	504	
4	0	0	0	0	504	
5	0	0	0	0	504	
6	0	0	0	0	504	
7	0	0	0	0	504	
8	0	0	0	0	505	
9	0	0	0	0	507	
10	0	0	0	0	507	
11	0	0	0	0	504	
12	0	0	0	0	502	
13	0	0	0	0	503	
14	0	0	0	0	504	
15	0	0	0	0	505	
0	0	0	0	0	505	
1	0	0	0	0	504	
2	0	0	0	0	506	
3	0	0	0	0	507	
4	0	0	0	0	510	
5	0	0	0	0	511	
6	0	0	0	0	511	
7	0	0	0	0	512	
8	0	0	0	0	512	
9	0	0	0	0	512	
10	0	0	0	0	512	
11	0	0	0	0	512	
12	0	0	0	0	512	
13	0	0	0	0	512	
14	0	0	0	0	512	
15	0	0	0	0	513	
0	0	0	0	0	514	
1	0	0	0	0	515	
2	0	0	0	0	516	
3	0	0	0	0	515	
4	0	0	0	0	515	
5	0	0	0	0	514	
6	0	0	0	0	514	
7	0	0	0	0	516	
8	0	0	0	0	518	
9	0	0	0	0	519	
10	0	0	0	0	519	
11	0	0	0	0	520	
12	0	0	0	0	522	
13	0	0	0	0	525	
14	0	0	0	0	527	
15	0	0	0	0	527	
0	0	0	0	0	527	
1	0	0	0	0	527	
2	0	0	0	0	527	
3	0	0	0	0	529	
4	0	0	0	0	529	
5	0	0	0	0	529	
6	0	0	0	0	530	
7	0	0	0	0	529	
8	0	0	0	0	529	
9	0	0	0	0	531	
10	0	0	0	0	532	
11	0	0	0	0	533	
12	0	0	0	0	535	
13	0	0	0	0	536	
14	0	0	0	0	537	
15	0	0	0	0	539	
0	0	0	0	0	537	
1	0	0	0	0	536	
2	0	0	0	0	535	
3	0	0	0	0	536	
4	0	0	0	0	536	
5	0	0	0	0	537	
6	0	0	0	0	538	
7	0	0	0	0	538	
8	0	0	0	0	538	
9	0	0	0	0	541	
10	0	0	0	0	543	
11	0	0	0	0	546	
12	0	0	0	0	548	
13	0	0	0	0	550	
14	0	0	0	0	551	
15	0	0	0	0	550	
0	0	0	0	0	549	
1	0	0	0	0	548	
2	0	0	0	0	547	
3	0	0	0	0	546	
4	0	0	0	0	545	
5	0	0	0	0	544	
6	0	0	0	0	543	
7	0	0	0	0	541	
8	0	0	0	0	542	
9	0	0	0	0	543	
10	0	0	0	0	545	
11	0	0	0	0	547	
12	0	0	0	0	550	
13	0	0	0	0	552	
14	0	0	0	0	551	
15	0	0	0	0	551	
0	0	0	0	0	551	
1	0	0	0	0	550	
2	0	0	0	0	550	
3	0	0	0	0	550	
4	0	0	0	0	550	
5	0	0	0	0	551	
6	0	0	0	0	551	
7	0	0	0	0	553	
8	0	0	0	0	553	
9	0	0	0	0	552	
10	0	0	0	0	551	
11	0	0	0	0	551	
12	0	0	0	0	552	
13	0	0	0	0	554	
14	0	0	0	0	555	
15	0	0	0	0	556	
0	0	0	0	0	555	
1	0	0	0	0	555	
2	0	0	0	0	553	
3	0	0	0	0	553	
4	0	0	0	0	552	
5	0	0	0	0	551	
6	0	0	0	0	548	
7	0	0	0	0	545	
8	0	0	0	0	543	
9	0	0	0	0	543	
10	0	0	0	0	542	
11	0	0	0	0	543	
12	0	0	0	0	543	
13	0	0	0	0	543	
14	0	0	0	0	541	
15	0	0	0	0	540	
0	0	0	0	0	537	
1	0	0	0	0	534	
2	0	0	0	0	531	
3	0	0	0	0	529	
4	0	0	0	0	525	
5	0	0	0	0	523	
6	0	0	0	0	521	
7	0	0	0	0	519	
8	0	0	0	0	516	
9	0	0	0	0	512	
10	0	0	0	0	511	
11	0	0	0	0	508	
12	0	0	0	0	505	
13	0	0	0	0	503	
14	0	0	0	0	500	
15	0	0	0	0	499	
0	0	0	0	0	496	
1	0	0	0	0	493	
2	0	0	0	0	492	
3	0	0	0	0	491	
4	0	0	0	0	488	
5	0	0	0	0	483	
6	0	0	0	0	481	
7	0	0	0	0	479	
8	0	0	0	0	475	
9	0	0	0	0	472	
10	0	0	0	0	470	
11	0	0	0	0	468	
12	0	0	0	0	466	
13	0	0	0	0	465	
14	0	0	0	0	464	
15	0	0	0	0	464	
0	0	0	0	0	463	
1	0	0	0	0	460	
2	0	0	0	0	459	
3	0	0	0	0	458	
4	0	0	0	0	456	
5	0	0	0	0	454	
6	0	0	0	0	451	
7	0	0	0	0	449	
8	0	0	0	0	446	
9	0	0	0	0	445	
10	0	0	0	0	444	
11	0	0	0	0	442	
12	0	0	0	0	441	
13	0	0	0	0	440	
14	0	0	0	0	439	
15	0	0	0	0	439	
0	0	0	0	0	440	
1	0	0	0	0	439	
2	0	0	0	0	439	
3	0	0	0	0	439	
4	0	0	0	0	438	
5	0	0	0	0	438	
6	0	0	0	0	437	
7	0	0	0	0	436	
8	0	0	0	0	435	
9	0	0	0	0	435	
10	0	0	0	0	434	
11	0	0	0	0	434	
12	0	0	0	0	435	
13	0	0	0	0	435	
14	0	0	0	0	435	
15	0	0	0	0	437	
0	0	0	0	0	439	
1	0	0	0	0	440	
2	0	0	0	0	439	
3	0	0	0	0	438	
4	0	0	0	0	437	
5	0	0	0	0	437	
6	0	0	0	0	437	
7	0	0	0	0	436	
8	0	0	0	0	435	
9	0	0	0	0	435	
10	0	0	0	0	436	
11	0	0	0	0	438	
12	0	0	0	0	439	
13	0	0	0	0	441	
14	0	0	0	0	443	
15	0	0	0	0	444	
0	0	0	0	0	444	
1	0	0	0	0	446	
2	0	0	0	0	447	
3	0	0	0	0	447	
4	0	0	0	0	448	
5	0	0	0	0	450	
6	0	0	0	0	452	
7	0	0	0	0	454	
8	0	0	0	0	456	
9	0	0	0	0	457	
10	0	0	0	0	459	
11	0	0	0	0	460	
12	0	0	0	0	460	
13	0	0	0	0	461	
14	0	0	0	0	463	
15	0	0	0	0	464	
0	0	0	0	0	465	
1	0	0	0	0	466	
2	0	0	0	0	467	
3	0	0	0	0	465	
4	0	0	0	0	464	
5	0	0	0	0	464	
6	0	0	0	0	463	
7	0	0	0	0	462	
8	0	0	0	0	462	
9	0	0	0	0	463	
10	0	0	0	0	464	
11	0	0	0	0	465	
12	0	0	0	0	465	
13	0	0	0	0	467	
14	0	0	0	0	468	
15	0	0	0	0	469	
0	0	0	0	0	471	
1	0	0	0	0	473	
2	0	0	0	0	475	
3	0	0	0	0	476	
4	0	0	0	0	478	
5	0	0	0	0	479	
6	0	0	0	0	480	
7	0	0	0	0	480	
8	0	0	0	0	481	
9	0	0	0	0	482	
10	0	0	0	0	483	
11	0	0	0	0	483	
12	0	0	0	0	484	
13	0	0	0	0	486	
14	0	0	0	0	486	
15	0	0	0	0	486	
0	0	0	0	0	485	
1	0	0	0	0	486	
2	0	0	0	0	487	
3	0	0	0	0	488	
4	0	0	0	0	489	
5	0	0	0	0	491	
6	0	0	0	0	492	
7	0	0	0	0	492	
8	0	0	0	0	494	
9	0	0	0	0	493	
10	0	0	0	0	493	
11	0	0	0	0	493	
12	0	0	0	0	492	
13	0	0	0	0	491	
14	0	0	0	0	491	
15	0	0	0	0	491	
0	0	0	0	0	492	
1	0	0	0	0	495	
2	0	0	0	0	496	
3	0	0	0	0	497	
4	0	0	0	0	498	
5	0	0	0	0	500	
6	0	0	0	0	502	
7	0	0	0	0	502	
8	0	0	0	0	504	
9	0	0	0	0	504	
10	0	0	0	0	503	
11	0	0	0	0	502	
12	0	0	0	0	501	
13	0	0	0	0	500	
14	0	0	0	0	501	
15	0	0	0	0	501	
0	0	0	0	0	501	
1	0	0	0	0	501	
2	0	0	0	0	502	
3	0	0	0	0	502	
4	0	0	0	0	503	
5	0	0	0	0	504	
6	0	0	0	0	504	
7	0	0	0	0	505	
8	0	0	0	0	506	
9	0	0	0	0	507	
10	0	0	0	0	508	
11	0	0	0	0	508	
12	0	0	0	0	508	
13	0	0	0	0	508	
14	0	0	0	0	507	
15	0	0	0	0	509	
0	0	0	0	0	510	
1	0	0	0	0	509	
2	0	0	0	0	510	
3	0	0	0	0	510	
4	0	0	0	0	509	
5	0	0	0	0	510	
6	0	0	0	0	510	
7	0	0	0	0	510	
8	0	0	0	0	508	
9	0	0	0	0	509	
10	0	0	0	0	509	
11	0	0	0	0	509	
12	0	0	0	0	508	
13	0	0	0	0	508	
14	0	0	0	0	508	
15	0	0	0	0	508	
0	0	0	0	0	509	
1	0	0	0	0	511	
2	0	0	0	0	512	
3	0	0	0	0	514	
4	0	0	0	0	514	
5	0	0	0	0	514	
6	0	0	0	0	513	
7	0	0	0	0	514	
8	0	0	0	0	515	
9	0	0	0	0	516	
10	0	0	0	0	517	
11	0	0	0	0	517	
12	0	0	0	0	517	
13	0	0	0	0	515	
14	0	0	0	0	514	
15	0	0	0	0	513	
0	0	0	0	0	511	
1	0	0	0	0	509	
2	0	0	0	0	508	
3	0	0	0	0	508	
4	0	0	0	0	508	
5	0	0	0	0	508	
6	0	0	0	0	509	
7	0	0	0	0	509	
8	0	0	0	0	510	
9	0	0	0	0	511	
10	0	0	0	0	512	
11	0	0	0	0	513	
12	0	0	0	0	511	
13	0	0	0	0	511	
14	0	0	0	0	509	
15	0	0	0	0	509	
0	0	0	0	0	508	
1	0	0	0	0	508	
2	0	0	0	0	506	
3	0	0	0	0	505	
4	0	0	0	0	506	
5	0	0	0	0	505	
6	0	0	0	0	506	
7	0	0	0	0	506	
8	0	0	0	0	507	
9	0	0	0	0	507	
10	0	0	0	0	507	
11	0	0	0	0	508	
12	0	0	0	0	507	
13	0	0	0	0	508	
14	0	0	0	0	507	
15	0	0	0	0	507	
0	0	0	0	0	507	
1	0	0	0	0	506	
2	0	0	0	0	505	
3	0	0	0	0	505	
4	0	0	0	0	506	
5	0	0	0	0	505	
6	0	0	0	0	505	
7	0	0	0	0	506	
8	0	0	0	0	508	
9	0	0	0	0	511	
10	0	0	0	0	512	
11	0	0	0	0	512	
12	0	0	0	0	511	
13	0	0	0	0	510	
14	0	0	0	0	508	
15	0	0	0	0	507	
0	0	0	0	0	505	
1	0	0	0	0	503	
2	0	0	0	0	501	
3	0	0	0	0	500	
4	0	0	0	0	500	
5	0	0	0	0	500	
6	0	0	0	0	501	
7	0	0	0	0	501	
8	0	0	0	0	502	
9	0	0	0	0	503	
10	0	0	0	0	503	
11	0	0	0	0	504	
12	0	0	0	0	506	
13	0	0	0	0	506	
14	0	0	0	0	506	
15	0	0	0	0	504	
0	0	0	0	0	503	
1	0	0	0	0	502	
2	0	0	0	0	501	
3	0	0	0	0	500	
4	0	0	0	0	500	
5	0	0	0	0	501	
6	0	0	0	0	502	
7	0	0	0	0	504	
8	0	0	0	0	506	
9	0	0	0	0	508	
10	0	0	0	0	510	
11	0	0	0	0	510	
12	0	0	0	0	510	
13	0	0	0	0	509	
14	0	0	0	0	509	
15	0	0	0	0	510	
0	0	0	0	0	510	
1	0	0	0	0	510	
2	0	0	0	0	510	
3	0	0	0	0	510	
4	0	0	0	0	509	
5	0	0	0	0	510	
6	0	0	0	0	510	
7	0	0	0	0	511	
8	0	0	0	0	511	
9	0	0	0	0	512	
10	0	0	0	0	512	
11	0	0	0	0	512	
12	0	0	0	0	512	
13	0	0	0	0	512	
14	0	0	0	0	511	
15	0	0	0	0	511	
0	0	0	0	0	510	
1	0	0	0	0	510	
2	0	0	0	0	509	
3	0	0	0	0	509	
4	0	0	0	0	508	
5	0	0	0	0	509	
6	0	0	0	0	509	
7	0	0	0	0	509	
8	0	0	0	0	509	
9	0	0	0	0	509	
10	0	0	0	0	509	
11	0	0	0	0	511	
12	0	0	0	0	512	
13	0	0	0	0	513	
14	0	0	0	0	514	
15	0	0	0	0	514	
0	0	0	0	0	515	
1	0	0	0	0	518	
2	0	0	0	0	519	
3	0	0	0	0	521	
4	0	0	0	0	523	
5	0	0	0	0	524	
6	0	0	0	0	524	
7	0	0	0	0	525	
8	0	0	0	0	526	
9	0	0	0	0	526	
10	0	0	0	0	527	
11	0	0	0	0	528	
12	0	0	0	0	530	
13	0	0	0	0	532	
14	0	0	0	0	533	
15	0	0	0	0	535	
0	0	0	0	0	536	
1	0	0	0	0	538	
2	0	0	0	0	540	
3	0	0	0	0	541	
4	0	0	0	0	541	
5	0	0	0	0	542	
6	0	0	0	0	540	
7	0	0	0	0	539	
8	0	0	0	0	536	
9	0	0	0	0	534	
10	0	0	0	0	532	
11	0	0	0	0	530	
12	0	0	0	0	529	
13	0	0	0	0	526	
14	0	0	0	0	525	
15	0	0	0	0	523	
0	0	0	0	0	520	
1	0	0	0	0	519	
2	0	0	0	0	518	
3	0	0	0	0	518	
4	0	0	0	0	519	
5	0	0	0	0	520	
6	0	0	0	0	524	
7	0	0	0	0	526	
8	0	0	0	0	528	
9	0	0	0	0	529	
10	0	0	0	0	530	
11	0	0	0	0	532	
12	0	0	0	0	534	
13	0	0	0	0	536	
14	0	0	0	0	536	
15	0	0	0	0	536	
0	0	0	0	0	537	
1	0	0	0	0	537	
2	0	0	0	0	538	
3	0	0	0	0	537	
4	0	0	0	0	536	
5	0	0	0	0	535	
6	0	0	0	0	534	
7	0	0	0	0	533	
8	0	0	0	0	531	
9	0	0	0	0	530	
10	0	0	0	0	529	
11	0	0	0	0	529	
12	0	0	0	0	528	
13	0	0	0	0	527	
14	0	0	0	0	526	
15	0	0	0	0	524	
0	0	0	0	0	521	
1	0	0	0	0	519	
2	0	0	0	0	515	
3	0	0	0	0	513	
4	0	0	0	0	512	
5	0	0	0	0	510	
6	0	0	0	0	509	
7	0	0	0	0	509	
8	0	0	0	0	509	
9	0	0	0	0	510	
10	0	0	0	0	511	
11	0	0	0	0	512	
12	0	0	0	0	513	
13	0	0	0	0	513	
14	0	0	0	0	516	
15	0	0	0	0	517	
0	0	0	0	0	517	
1	0	0	0	0	517	
2	0	0	0	0	518	
3	0	0	0	0	519	
4	0	0	0	0	520	
5	0	0	0	0	520	
6	0	0	0	0	519	
7	0	0	0	0	519	
8	0	0	0	0	518	
9	0	0	0	0	516	
10	0	0	0	0	515	
11	0	0	0	0	514	
12	0	0	0	0	513	
13	0	0	0	0	513	
14	0	0	0	0	512	
15	0	0	0	0	511	
0	0	0	0	0	510	
1	0	0	0	0	508	
2	0	0	0	0	507	
3	0	0	0	0	507	
4	0	0	0	0	506	
5	0	0	0	0	505	
6	0	0	0	0	504	
7	0	0	0	0	503	
8	0	0	0	0	501	
9	0	0	0	0	502	
10	0	0	0	0	502	
11	0	0	0	0	502	
12	0	0	0	0	502	
13	0	0	0	0	503	
14	0	0	0	0	505	
15	0	0	0	0	507	
0	0	0	0	0	509	
1	0	0	0	0	511	
2	0	0	0	0	511	
3	0	0	0	0	512	
4	0	0	0	0	511	
5	0	0	0	0	510	
6	0	0	0	0	510	
7	0	0	0	0	510	
8	0	0	0	0	510	
9	0	0	0	0	509	
10	0	0	0	0	509	
11	0	0	0	0	509	
12	0	0	0	0	509	
13	0	0	0	0	510	
14	0	0	0	0	510	
15	0	0	0	0	510	
0	0	0	0	0	510	
1	0	0	0	0	510	
2	0	0	0	0	511	
3	0	0	0	0	511	
4	0	0	0	0	511	
5	0	0	0	0	512	
6	0	0	0	0	512	
7	0	0	0	0	512	
8	0	0	0	0	512	
9	0	0	0	0	511	
10	0	0	0	0	512	
11	0	0	0	0	511	
12	0	0	0	0	510	
13	0	0	0	0	508	
14	0	0	0	0	508	
15	0	0	0	0	507	
0	0	0	0	0	504	
1	0	0	0	0	502	
2	0	0	0	0	499	
3	0	0	0	0	499	
4	0	0	0	0	500	
5	0	0	0	0	503	
6	0	0	0	0	507	
7	0	0	0	0	512	
8	0	0	0	0	520	
9	0	0	0	0	529	
10	0	0	0	0	538	
11	0	0	0	0	549	
12	0	0	0	0	559	
13	0	0	0	0	570	
14	0	0	0	0	582	
15	0	0	0	0	592	
0	0	0	0	0	604	
1	0	0	0	0	616	
2	0	0	0	0	632	
3	0	0	0	0	649	
4	0	0	0	0	668	
5	0	0	0	0	688	
6	0	0	0	0	708	
7	0	0	0	0	729	
8	0	0	0	0	752	
9	0	0	0	0	775	
10	0	0	0	0	795	
11	0	0	0	0	817	
12	0	0	0	0	843	
13	0	0	0	0	871	
14	0	0	0	0	899	
15	0	0	0	0	928	
0	0	0	0	0	951	
1	0	0	0	0	970	
2	0	0	0	0	984	
3	0	0	0	0	987	
4	0	0	0	0	985	
5	0	0	0	0	979	
6	0	0	0	0	968	
7	0	0	0	0	950	
8	0	0	0	0	922	
9	0	0	0	0	890	
10	0	0	0	0	851	
11	0	0	0	0	808	
12	0	0	0	0	761	
13	0	0	0	0	714	
14	0	0	0	0	668	
15	0	0	0	0	623	
0	0	0	0	0	577	
1	0	0	0	0	534	
2	0	0	0	0	493	
3	0	0	0	0	459	
4	0	0	0	0	435	
5	0	0	0	0	421	
6	0	0	0	0	415	
7	0	0	0	0	416	
8	0	0	0	0	421	
9	0	0	0	0	427	
10	0	0	0	0	433	
11	0	0	0	0	438	
12	0	0	0	0	443	
13	0	0	0	0	448	
14	0	0	0	0	452	
15	0	0	0	0	457	
0	0	0	0	0	463	
1	0	0	0	0	470	
2	0	0	0	0	477	
3	0	0	0	0	482	
4	0	0	0	0	485	
5	0	0	0	0	489	
6	0	0	0	0	490	
7	0	0	0	0	491	
8	0	0	0	0	488	
9	0	0	0	0	483	
10	0	0	0	0	479	
11	0	0	0	0	475	
12	0	0	0	0	471	
13	0	0	0	0	466	
14	0	0	0	0	462	
15	0	0	0	0	459	
0	0	0	0	0	456	
1	0	0	0	0	454	
2	0	0	0	0	453	
3	0	0	0	0	452	
4	0	0	0	0	451	
5	0	0	0	0	449	
6	0	0	0	0	449	
7	0	0	0	0	447	
8	0	0	0	0	445	
9	0	0	0	0	444	
10	0	0	0	0	442	
11	0	0	0	0	442	
12	0	0	0	0	442	
13	0	0	0	0	441	
14	0	0	0	0	441	
15	0	0	0	0	441	
0	0	0	0	0	441	
1	0	0	0	0	441	
2	0	0	0	0	442	
3	0	0	0	0	444	
4	0	0	0	0	446	
5	0	0	0	0	448	
6	0	0	0	0	449	
7	0	0	0	0	450	
8	0	0	0	0	450	
9	0	0	0	0	451	
10	0	0	0	0	451	
11	0	0	0	0	451	
12	0	0	0	0	451	
13	0	0	0	0	451	
14	0	0	0	0	451	
15	0	0	0	0	452	
0	0	0	0	0	452	
1	0	0	0	0	452	
2	0	0	0	0	451	
3	0	0	0	0	452	
4	0	0	0	0	454	
5	0	0	0	0	455	
6	0	0	0	0	457	
7	0	0	0	0	458	
8	0	0	0	0	459	
9	0	0	0	0	459	
10	0	0	0	0	458	
11	0	0	0	0	459	
12	0	0	0	0	460	
13	0	0	0	0	460	
14	0	0	0	0	460	
15	0	0	0	0	460	
0	0	0	0	0	460	
1	0	0	0	0	461	
2	0	0	0	0	462	
3	0	0	0	0	463	
4	0	0	0	0	462	
5	0	0	0	0	463	
6	0	0	0	0	463	
7	0	0	0	0	463	
8	0	0	0	0	463	
9	0	0	0	0	463	
10	0	0	0	0	465	
11	0	0	0	0	465	
12	0	0	0	0	466	
13	0	0	0	0	466	
14	0	0	0	0	467	
15	0	0	0	0	468	
0	0	0	0	0	469	
1	0	0	0	0	470	
2	0	0	0	0	472	
3	0	0	0	0	475	
4	0	0	0	0	476	
5	0	0	0	0	478	
6	0	0	0	0	480	
7	0	0	0	0	481	
8	0	0	0	0	482	
9	0	0	0	0	483	
10	0	0	0	0	484	
11	0	0	0	0	483	
12	0	0	0	0	482	
13	0	0	0	0	482	
14	0	0	0	0	482	
15	0	0	0	0	483	
0	0	0	0	0	484	
1	0	0	0	0	485	
2	0	0	0	0	485	
3	0	0	0	0	486	
4	0	0	0	0	487	
5	0	0	0	0	489	
6	0	0	0	0	490	
7	0	0	0	0	492	
8	0	0	0	0	493	
9	0	0	0	0	495	
10	0	0	0	0	496	
11	0	0	0	0	499	
12	0	0	0	0	500	
13	0	0	0	0	500	
14	0	0	0	0	499	
15	0	0	0	0	499	
0	0	0	0	0	500	
1	0	0	0	0	500	
2	0	0	0	0	500	
3	0	0	0	0	502	
4	0	0	0	0	502	
5	0	0	0	0	504	
6	0	0	0	0	504	
7	0	0	0	0	504	
8	0	0	0	0	505	
9	0	0	0	0	505	
10	0	0	0	0	507	
11	0	0	0	0	508	
12	0	0	0	0	509	
13	0	0	0	0	511	
14	0	0	0	0	512	
15	0	0	0	0	514	
0	0	0	0	0	513	
1	0	0	0	0	514	
2	0	0	0	0	515	
3	0	0	0	0	517	
4	0	0	0	0	519	
5	0	0	0	0	522	
6	0	0	0	0	523	
7	0	0	0	0	524	
8	0	0	0	0	524	
9	0	0	0	0	525	
10	0	0	0	0	526	
11	0	0	0	0	527	
12	0	0	0	0	527	
13	0	0	0	0	529	
14	0	0	0	0	530	
15	0	0	0	0	529	
0	0	0	0	0	529	
1	0	0	0	0	529	
2	0	0	0	0	529	
3	0	0	0	0	528	
4	0	0	0	0	527	
5	0	0	0	0	526	
6	0	0	0	0	526	
7	0	0	0	0	527	
8	0	0	0	0	528	
9	0	0	0	0	530	
10	0	0	0	0	531	
11	0	0	0	0	534	
12	0	0	0	0	536	
13	0	0	0	0	539	
14	0	0	0	0	540	
15	0	0	0	0	540	
0	0	0	0	0	540	
1	0	0	0	0	540	
2	0	0	0	0	542	
3	0	0	0	0	542	
4	0	0	0	0	542	
5	0	0	0	0	543	
6	0	0	0	0	544	
7	0	0	0	0	546	
8	0	0	0	0	547	
9	0	0	0	0	548	
10	0	0	0	0	551	
11	0	0	0	0	553	
12	0	0	0	0	556	
13	0	0	0	0	558	
14	0	0	0	0	558	
15	0	0	0	0	559	
0	0	0	0	0	559	
1	0	0	0	0	560	
2	0	0	0	0	559	
3	0	0	0	0	559	
4	0	0	0	0	560	
5	0	0	0	0	560	
6	0	0	0	0	560	
7	0	0	0	0	560	
8	0	0	0	0	563	
9	0	0	0	0	565	
10	0	0	0	0	565	
11	0	0	0	0	566	
12	0	0	0	0	566	
13	0	0	0	0	567	
14	0	0	0	0	568	
15	0	0	0	0	568	
0	0	0	0	0	569	
1	0	0	0	0	569	
2	0	0	0	0	569	
3	0	0	0	0	571	
4	0	0	0	0	571	
5	0	0	0	0	572	
6	0	0	0	0	573	
7	0	0	0	0	573	
8	0	0	0	0	574	
9	0	0	0	0	574	
10	0	0	0	0	575	
11	0	0	0	0	574	
12	0	0	0	0	574	
13	0	0	0	0	574	
14	0	0	0	0	574	
15	0	0	0	0	574	
0	0	0	0	0	573	
1	0	0	0	0	572	
2	0	0	0	0	572	
3	0	0	0	0	570	
4	0	0	0	0	569	
5	0	0	0	0	568	
6	0	0	0	0	567	
7	0	0	0	0	566	
8	0	0	0	0	564	
9	0	0	0	0	565	
10	0	0	0	0	565	
11	0	0	0	0	566	
12	0	0	0	0	567	
13	0	0	0	0	568	
14	0	0	0	0	566	
15	0	0	0	0	564	
0	0	0	0	0	563	
1	0	0	0	0	561	
2	0	0	0	0	559	
3	0	0	0	0	556	
4	0	0	0	0	552	
5	0	0	0	0	551	
6	0	0	0	0	548	
7	0	0	0	0	545	
8	0	0	0	0	542	
9	0	0	0	0	539	
10	0	0	0	0	536	
11	0	0	0	0	535	
12	0	0	0	0	532	
13	0	0	0	0	530	
14	0	0	0	0	525	
15	0	0	0	0	522	
0	0	0	0	0	520	
1	0	0	0	0	518	
2	0	0	0	0	514	
3	0	0	0	0	511	
4	0	0	0	0	508	
5	0	0	0	0	505	
6	0	0	0	0	503	
7	0	0	0	0	500	
8	0	0	0	0	497	
9	0	0	0	0	495	
10	0	0	0	0	492	
11	0	0	0	0	488	
12	0	0	0	0	485	
13	0	0	0	0	482	
14	0	0	0	0	479	
15	0	0	0	0	477	
0	0	0	0	0	475	
1	0	0	0	0	473	
2	0	0	0	0	472	
3	0	0	0	0	470	
4	0	0	0	0	468	
5	0	0	0	0	466	
6	0	0	0	0	464	
7	0	0	0	0	463	
8	0	0	0	0	462	
9	0	0	0	0	461	
10	0	0	0	0	458	
11	0	0	0	0	457	
12	0	0	0	0	455	
13	0	0	0	0	453	
14	0	0	0	0	452	
15	0	0	0	0	450	
0	0	0	0	0	449	
1	0	0	0	0	449	
2	0	0	0	0	448	
3	0	0	0	0	447	
4	0	0	0	0	448	
5	0	0	0	0	447	
6	0	0	0	0	445	
7	0	0	0	0	445	
8	0	0	0	0	445	
9	0	0	0	0	444	
10	0	0	0	0	443	
11	0	0	0	0	444	
12	0	0	0	0	445	
13	0	0	0	0	445	
14	0	0	0	0	445	
15	0	0	0	0	446	
0	0	0	0	0	446	
1	0	0	0	0	447	
2	0	0	0	0	447	
3	0	0	0	0	448	
4	0	0	0	0	449	
5	0	0	0	0	449	
6	0	0	0	0	448	
7	0	0	0	0	446	
8	0	0	0	0	444	
9	0	0	0	0	444	
10	0	0	0	0	444	
11	0	0	0	0	445	
12	0	0	0	0	446	
13	0	0	0	0	448	
14	0	0	0	0	450	
15	0	0	0	0	452	
0	0	0	0	0	454	
1	0	0	0	0	455	
2	0	0	0	0	457	
3	0	0	0	0	459	
4	0	0	0	0	459	
5	0	0	0	0	459	
6	0	0	0	0	459	
7	0	0	0	0	459	
8	0	0	0	0	459	
9	0	0	0	0	460	
10	0	0	0	0	460	
11	0	0	0	0	460	
12	0	0	0	0	460	
13	0	0	0	0	459	
14	0	0	0	0	460	
15	0	0	0	0	461	
0	0	0	0	0	462	
1	0	0	0	0	463	
2	0	0	0	0	464	
3	0	0	0	0	464	
4	0	0	0	0	465	
5	0	0	0	0	466	
6	0	0	0	0	466	
7	0	0	0	0	467	
8	0	0	0	0	467	
9	0	0	0	0	468	
10	0	0	0	0	469	
11	0	0	0	0	469	
12	0	0	0	0	470	
13	0	0	0	0	471	
14	0	0	0	0	472	
15	0	0	0	0	475	
0	0	0	0	0	476	
1	0	0	0	0	478	
2	0	0	0	0	479	
3	0	0	0	0	479	
4	0	0	0	0	480	
5	0	0	0	0	480	
6	0	0	0	0	480	
7	0	0	0	0	481	
8	0	0	0	0	480	
9	0	0	0	0	480	
10	0	0	0	0	481	
11	0	0	0	0	482	
12	0	0	0	0	483	
13	0	0	0	0	483	
14	0	0	0	0	483	
15	0	0	0	0	483	
0	0	0	0	0	482	
1	0	0	0	0	480	
2	0	0	0	0	479	
3	0	0	0	0	479	
4	0	0	0	0	479	
5	0	0	0	0	479	
6	0	0	0	0	480	
7	0	0	0	0	481	
8	0	0	0	0	482	
9	0	0	0	0	483	
10	0	0	0	0	484	
11	0	0	0	0	484	
12	0	0	0	0	484	
13	0	0	0	0	485	
14	0	0	0	0	486	
15	0	0	0	0	488	
0	0	0	0	0	489	
1	0	0	0	0	489	
2	0	0	0	0	489	
3	0	0	0	0	490	
4	0	0	0	0	492	
5	0	0	0	0	493	
6	0	0	0	0	494	
7	0	0	0	0	495	
8	0	0	0	0	495	
9	0	0	0	0	496	
10	0	0	0	0	495	
11	0	0	0	0	495	
12	0	0	0	0	494	
13	0	0	0	0	496	
14	0	0	0	0	498	
15	0	0	0	0	500	
0	0	0	0	0	501	
1	0	0	0	0	503	
2	0	0	0	0	505	
3	0	0	0	0	505	
4	0	0	0	0	505	
5	0	0	0	0	505	
6	0	0	0	0	505	
7	0	0	0	0	505	
8	0	0	0	0	505	
9	0	0	0	0	504	
10	0	0	0	0	504	
11	0	0	0	0	503	
12	0	0	0	0	502	
13	0	0	0	0	502	
14	0	0	0	0	500	
15	0	0	0	0	500	
0	0	0	0	0	500	
1	0	0	0	0	500	
2	0	0	0	0	501	
3	0	0	0	0	502	
4	0	0	0	0	500	
5	0	0	0	0	501	
6	0	0	0	0	502	
7	0	0	0	0	503	
8	0	0	0	0	505	
9	0	0	0	0	506	
10	0	0	0	0	508	
11	0	0	0	0	510	
12	0	0	0	0	510	
13	0	0	0	0	509	
14	0	0	0	0	508	
15	0	0	0	0	507	
0	0	0	0	0	505	
1	0	0	0	0	505	
2	0	0	0	0	505	
3	0	0	0	0	508	
4	0	0	0	0	509	
5	0	0	0	0	510	
6	0	0	0	0	512	
7	0	0	0	0	512	
8	0	0	0	0	512	
9	0	0	0	0	513	
10	0	0	0	0	512	
11	0	0	0	0	513	
12	0	0	0	0	513	
13	0	0	0	0	514	
14	0	0	0	0	516	
15	0	0	0	0	516	
0	0	0	0	0	517	
1	0	0	0	0	518	
2	0	0	0	0	519	
3	0	0	0	0	519	
4	0	0	0	0	519	
5	0	0	0	0	521	
6	0	0	0	0	522	
7	0	0	0	0	522	
8	0	0	0	0	521	
9	0	0	0	0	522	
10	0	0	0	0	523	
11	0	0	0	0	526	
12	0	0	0	0	529	
13	0	0	0	0	532	
14	0	0	0	0	533	
15	0	0	0	0	535	
0	0	0	0	0	536	
1	0	0	0	0	539	
2	0	0	0	0	539	
3	0	0	0	0	540	
4	0	0	0	0	541	
5	0	0	0	0	543	
6	0	0	0	0	543	
7	0	0	0	0	540	
8	0	0	0	0	538	
9	0	0	0	0	535	
10	0	0	0	0	531	
11	0	0	0	0	528	
12	0	0	0	0	527	
13	0	0	0	0	524	
14	0	0	0	0	522	
15	0	0	0	0	520	
0	0	0	0	0	518	
1	0	0	0	0	516	
2	0	0	0	0	514	
3	0	0	0	0	513	
4	0	0	0	0	512	
5	0	0	0	0	511	
6	0	0	0	0	510	
7	0	0	0	0	510	
8	0	0	0	0	510	
9	0	0	0	0	510	
10	0	0	0	0	509	
11	0	0	0	0	508	
12	0	0	0	0	507	
13	0	0	0	0	508	
14	0	0	0	0	506	
15	0	0	0	0	504	
0	0	0	0	0	503	
1	0	0	0	0	502	
2	0	0	0	0	502	
3	0	0	0	0	502	
4	0	0	0	0	503	
5	0	0	0	0	503	
6	0	0	0	0	503	
7	0	0	0	0	503	
8	0	0	0	0	503	
9	0	0	0	0	504	
10	0	0	0	0	504	
11	0	0	0	0	503	
12	0	0	0	0	503	
13	0	0	0	0	503	
14	0	0	0	0	504	
15	0	0	0	0	504	
0	0	0	0	0	504	
1	0	0	0	0	505	
2	0	0	0	0	505	
3	0	0	0	0	505	
4	0	0	0	0	505	
5	0	0	0	0	505	
6	0	0	0	0	506	
7	0	0	0	0	506	
8	0	0	0	0	505	
9	0	0	0	0	504	
10	0	0	0	0	503	
11	0	0	0	0	504	
12	0	0	0	0	504	
13	0	0	0	0	504	
14	0	0	0	0	504	
15	0	0	0	0	504	
0	0	0	0	0	503	
1	0	0	0	0	501	
2	0	0	0	0	498	
3	0	0	0	0	498	
4	0	0	0	0	498	
5	0	0	0	0	498	
6	0	0	0	0	497	
7	0	0	0	0	499	
8	0	0	0	0	499	
9	0	0	0	0	502	
10	0	0	0	0	504	
11	0	0	0	0	504	
12	0	0	0	0	505	
13	0	0	0	0	506	
14	0	0	0	0	506	
15	0	0	0	0	507	
0	0	0	0	0	506	
1	0	0	0	0	506	
2	0	0	0	0	505	
3	0	0	0	0	505	
4	0	0	0	0	505	
5	0	0	0	0	507	
6	0	0	0	0	508	
7	0	0	0	0	509	
8	0	0	0	0	510	
9	0	0	0	0	510	
10	0	0	0	0	508	
11	0	0	0	0	508	
12	0	0	0	0	510	
13	0	0	0	0	509	
14	0	0	0	0	508	
15	0	0	0	0	508	
0	0	0	0	0	507	
1	0	0	0	0	506	
2	0	0	0	0	505	
3	0	0	0	0	505	
4	0	0	0	0	504	
5	0	0	0	0	505	
6	0	0	0	0	506	
7	0	0	0	0	505	
8	0	0	0	0	506	
9	0	0	0	0	507	
10	0	0	0	0	509	
11	0	0	0	0	510	
12	0	0	0	0	511	
13	0	0	0	0	512	
14	0	0	0	0	512	
15	0	0	0	0	512	
0	0	0	0	0	512	
1	0	0	0	0	511	
2	0	0	0	0	511	
3	0	0	0	0	509	
4	0	0	0	0	509	
5	0	0	0	0	510	
6	0	0	0	0	509	
7	0	0	0	0	510	
8	0	0	0	0	509	
9	0	0	0	0	511	
10	0	0	0	0	513	
11	0	0	0	0	514	
12	0	0	0	0	515	
13	0	0	0	0	517	
14	0	0	0	0	518	
15	0	0	0	0	520	
0	0	0	0	0	521	
1	0	0	0	0	521	
2	0	0	0	0	520	
3	0	0	0	0	519	
4	0	0	0	0	519	
5	0	0	0	0	519	
6	0	0	0	0	522	
7	0	0	0	0	523	
8	0	0	0	0	525	
9	0	0	0	0	527	
10	0	0	0	0	529	
11	0	0	0	0	531	
12	0	0	0	0	534	
13	0	0	0	0	537	
14	0	0	0	0	540	
15	0	0	0	0	540	
0	0	0	0	0	540	
1	0	0	0	0	540	
2	0	0	0	0	538	
3	0	0	0	0	536	
4	0	0	0	0	535	
5	0	0	0	0	533	
6	0	0	0	0	531	
7	0	0	0	0	530	
8	0	0	0	0	528	
9	0	0	0	0	526	
10	0	0	0	0	523	
11	0	0	0	0	521	
12	0	0	0	0	519	
13	0	0	0	0	518	
14	0	0	0	0	517	
15	0	0	0	0	517	
0	0	0	0	0	518	
1	0	0	0	0	519	
2	0	0	0	0	522	
3	0	0	0	0	524	
4	0	0	0	0	526	
5	0	0	0	0	526	
6	0	0	0	0	526	
7	0	0	0	0	525	
8	0	0	0	0	526	
9	0	0	0	0	526	
10	0	0	0	0	526	
11	0	0	0	0	527	
12	0	0	0	0	527	
13	0	0	0	0	528	
14	0	0	0	0	528	
15	0	0	0	0	528	
0	0	0	0	0	528	
1	0	0	0	0	528	
2	0	0	0	0	528	
3	0	0	0	0	528	
4	0	0	0	0	525	
5	0	0	0	0	523	
6	0	0	0	0	521	
7	0	0	0	0	521	
8	0	0	0	0	520	
9	0	0	0	0	518	
10	0	0	0	0	516	
11	0	0	0	0	514	
12	0	0	0	0	513	
13	0	0	0	0	512	
14	0	0	0	0	511	
15	0	0	0	0	509	
0	0	0	0	0	508	
1	0	0	0	0	507	
2	0	0	0	0	507	
3	0	0	0	0	507	
4	0	0	0	0	507	
5	0	0	0	0	507	
6	0	0	0	0	507	
7	0	0	0	0	507	
8	0	0	0	0	507	
9	0	0	0	0	508	
10	0	0	0	0	509	
11	0	0	0	0	511	
12	0	0	0	0	513	
13	0	0	0	0	515	
14	0	0	0	0	516	
15	0	0	0	0	518	
0	0	0	0	0	520	
1	0	0	0	0	520	
2	0	0	0	0	519	
3	0	0	0	0	518	
4	0	0	0	0	516	
5	0	0	0	0	513	
6	0	0	0	0	511	
7	0	0	0	0	508	
8	0	0	0	0	505	
9	0	0	0	0	504	
10	0	0	0	0	504	
11	0	0	0	0	504	
12	0	0	0	0	503	
13	0	0	0	0	503	
14	0	0	0	0	503	
15	0	0	0	0	502	
0	0	0	0	0	502	
1	0	0	0	0	502	
2	0	0	0	0	501	
3	0	0	0	0	501	
4	0	0	0	0	501	
5	0	0	0	0	502	
6	0	0	0	0	501	
7	0	0	0	0	501	
8	0	0	0	0	500	
9	0	0	0	0	499	
10	0	0	0	0	499	
11	0	0	0	0	500	
12	0	0	0	0	501	
13	0	0	0	0	502	
14	0	0	0	0	503	
15	0	0	0	0	505	
0	0	0	0	0	506	
1	0	0	0	0	508	
2	0	0	0	0	509	
3	0	0	0	0	510	
4	0	0	0	0	510	
5	0	0	0	0	510	
6	0	0	0	0	510	
7	0	0	0	0	509	
8	0	0	0	0	510	
9	0	0	0	0	509	
10	0	0	0	0	509	
11	0	0	0	0	509	
12	0	0	0	0	508	
13	0	0	0	0	506	
14	0	0	0	0	505	
15	0	0	0	0	505	
0	0	0	0	0	505	
1	0	0	0	0	506	
2	0	0	0	0	507	
3	0	0	0	0	508	
4	0	0	0	0	509	
5	0	0	0	0	509	
6	0	0	0	0	508	
7	0	0	0	0	508	
8	0	0	0	0	507	
9	0	0	0	0	506	
10	0	0	0	0	505	
11	0	0	0	0	504	
12	0	0	0	0	502	
13	0	0	0	0	499	
14	0	0	0	0	497	
15	0	0	0	0	496	
0	0	0	0	0	496	
1	0	0	0	0	499	
2	0	0	0	0	502	
3	0	0	0	0	504	
4	0	0	0	0	508	
5	0	0	0	0	513	
6	0	0	0	0	518	
7	0	0	0	0	523	
8	0	0	0	0	527	
9	0	0	0	0	533	
10	0	0	0	0	540	
11	0	0	0	0	547	
12	0	0	0	0	553	
13	0	0	0	0	560	
14	0	0	0	0	572	
15	0	0	0	0	585	
0	0	0	0	0	601	
1	0	0	0	0	619	
2	0	0	0	0	639	
3	0	0	0	0	659	
4	0	0	0	0	683	
5	0	0	0	0	705	
6	0	0	0	0	728	
7	0	0	0	0	750	
8	0	0	0	0	774	
9	0	0	0	0	802	
10	0	0	0	0	830	
11	0	0	0	0	860	
12	0	0	0	0	885	
13	0	0	0	0	907	
14	0	0	0	0	924	
15	0	0	0	0	931	
0	0	0	0	0	935	
1	0	0	0	0	932	
2	0	0	0	0	925	
3	0	0	0	0	913	
4	0	0	0	0	892	
5	0	0	0	0	863	
6	0	0	0	0	826	
7	0	0	0	0	787	
8	0	0	0	0	741	
9	0	0	0	0	697	
10	0	0	0	0	653	
11	0	0	0	0	606	
12	0	0	0	0	560	
13	0	0	0	0	515	
14	0	0	0	0	472	
15	0	0	0	0	433	
0	0	0	0	0	403	
1	0	0	0	0	385	
2	0	0	0	0	375	
3	0	0	0	0	372	
4	0	0	0	0	379	
5	0	0	0	0	387	
6	0	0	0	0	395	
7	0	0	0	0	400	
8	0	0	0	0	406	
9	0	0	0	0	412	
10	0	0	0	0	415	
11	0	0	0	0	418	
12	0	0	0	0	423	
13	0	0	0	0	429	
14	0	0	0	0	434	
15	0	0	0	0	439	
0	0	0	0	0	444	
1	0	0	0	0	447	
2	0	0	0	0	450	
3	0	0	0	0	452	
4	0	0	0	0	453	
5	0	0	0	0	452	
6	0	0	0	0	452	
7	0	0	0	0	452	
8	0	0	0	0	451	
9	0	0	0	0	451	
10	0	0	0	0	450	
11	0	0	0	0	450	
12	0	0	0	0	450	
13	0	0	0	0	450	
14	0	0	0	0	451	
15	0	0	0	0	451	
0	0	0	0	0	453	
1	0	0	0	0	454	
2	0	0	0	0	456	
3	0	0	0	0	458	
4	0	0	0	0	459	
5	0	0	0	0	460	
6	0	0	0	0	460	
7	0	0	0	0	462	
8	0	0	0	0	463	
9	0	0	0	0	462	
10	0	0	0	0	462	
11	0	0	0	0	462	
12	0	0	0	0	461	
13	0	0	0	0	461	
14	0	0	0	0	461	
15	0	0	0	0	461	
0	0	0	0	0	462	
1	0	0	0	0	462	
2	0	0	0	0	463	
3	0	0	0	0	464	
4	0	0	0	0	465	
5	0	0	0	0	466	
6	0	0	0	0	468	
7	0	0	0	0	469	
8	0	0	0	0	471	
9	0	0	0	0	472	
10	0	0	0	0	472	
11	0	0	0	0	472	
12	0	0	0	0	472	
13	0	0	0	0	472	
14	0	0	0	0	473	
15	0	0	0	0	474	
0	0	0	0	0	476	
1	0	0	0	0	478	
2	0	0	0	0	478	
3	0	0	0	0	479	
4	0	0	0	0	480	
5	0	0	0	0	481	
6	0	0	0	0	479	
7	0	0	0	0	478	
8	0	0	0	0	478	
9	0	0	0	0	478	
10	0	0	0	0	478	
11	0	0	0	0	476	
12	0	0	0	0	476	
13	0	0	0	0	477	
14	0	0	0	0	480	
15	0	0	0	0	482	
0	0	0	0	0	483	
1	0	0	0	0	484	
2	0	0	0	0	484	
3	0	0	0	0	485	
4	0	0	0	0	486	
5	0	0	0	0	487	
6	0	0	0	0	489	
7	0	0	0	0	491	
8	0	0	0	0	493	
9	0	0	0	0	494	
10	0	0	0	0	494	
11	0	0	0	0	494	
12	0	0	0	0	495	
13	0	0	0	0	496	
14	0	0	0	0	498	
15	0	0	0	0	497	
0	0	0	0	0	497	
1	0	0	0	0	497	
2	0	0	0	0	497	
3	0	0	0	0	496	
4	0	0	0	0	495	
5	0	0	0	0	495	
6	0	0	0	0	496	
7	0	0	0	0	496	
8	0	0	0	0	496	
9	0	0	0	0	498	
10	0	0	0	0	499	
11	0	0	0	0	498	
12	0	0	0	0	498	
13	0	0	0	0	500	
14	0	0	0	0	502	
15	0	0	0	0	502	
0	0	0	0	0	503	
1	0	0	0	0	503	
2	0	0	0	0	504	
3	0	0	0	0	505	
4	0	0	0	0	506	
5	0	0	0	0	509	
6	0	0	0	0	511	
7	0	0	0	0	512	
8	0	0	0	0	512	
9	0	0	0	0	512	
10	0	0	0	0	512	
11	0	0	0	0	513	
12	0	0	0	0	514	
13	0	0	0	0	515	
14	0	0	0	0	515	
15	0	0	0	0	516	
0	0	0	0	0	516	
1	0	0	0	0	517	
2	0	0	0	0	517	
3	0	0	0	0	517	
4	0	0	0	0	519	
5	0	0	0	0	521	
6	0	0	0	0	522	
7	0	0	0	0	523	
8	0	0	0	0	523	
9	0	0	0	0	525	
10	0	0	0	0	526	
11	0	0	0	0	527	
12	0	0	0	0	528	
13	0	0	0	0	529	
14	0	0	0	0	530	
15	0	0	0	0	531	
0	0	0	0	0	531	
1	0	0	0	0	529	
2	0	0	0	0	529	
3	0	0	0	0	529	
4	0	0	0	0	529	
5	0	0	0	0	532	
6	0	0	0	0	531	
7	0	0	0	0	533	
8	0	0	0	0	534	
9	0	0	0	0	535	
10	0	0	0	0	536	
11	0	0	0	0	537	
12	0	0	0	0	539	
13	0	0	0	0	540	
14	0	0	0	0	540	
15	0	0	0	0	541	
0	0	0	0	0	541	
1	0	0	0	0	541	
2	0	0	0	0	541	
3	0	0	0	0	541	
4	0	0	0	0	542	
5	0	0	0	0	543	
6	0	0	0	0	545	
7	0	0	0	0	548	
8	0	0	0	0	551	
9	0	0	0	0	553	
10	0	0	0	0	553	
11	0	0	0	0	553	
12	0	0	0	0	553	
13	0	0	0	0	555	
14	0	0	0	0	556	
15	0	0	0	0	558	
0	0	0	0	0	558	
1	0	0	0	0	557	
2	0	0	0	0	556	
3	0	0	0	0	556	
4	0	0	0	0	556	
5	0	0	0	0	558	
6	0	0	0	0	560	
7	0	0	0	0	560	
8	0	0	0	0	561	
9	0	0	0	0	563	
10	0	0	0	0	565	
11	0	0	0	0	568	
12	0	0	0	0	569	
13	0	0	0	0	571	
14	0	0	0	0	570	
15	0	0	0	0	571	
0	0	0	0	0	572	
1	0	0	0	0	574	
2	0	0	0	0	574	
3	0	0	0	0	573	
4	0	0	0	0	574	
5	0	0	0	0	576	
6	0	0	0	0	577	
7	0	0	0	0	579	
8	0	0	0	0	579	
9	0	0	0	0	580	
10	0	0	0	0	581	
11	0	0	0	0	581	
12	0	0	0	0	583	
13	0	0	0	0	583	
14	0	0	0	0	583	
15	0	0	0	0	584	
0	0	0	0	0	584	
1	0	0	0	0	584	
2	0	0	0	0	583	
3	0	0	0	0	582	
4	0	0	0	0	581	
5	0	0	0	0	581	
6	0	0	0	0	582	
7	0	0	0	0	581	
8	0	0	0	0	580	
9	0	0	0	0	579	
10	0	0	0	0	578	
11	0	0	0	0	579	
12	0	0	0	0	578	
13	0	0	0	0	577	
14	0	0	0	0	579	
15	0	0	0	0	578	
0	0	0	0	0	578	
1	0	0	0	0	577	
2	0	0	0	0	577	
3	0	0	0	0	575	
4	0	0	0	0	573	
5	0	0	0	0	572	
6	0	0	0	0	571	
7	0	0	0	0	570	
8	0	0	0	0	569	
9	0	0	0	0	568	
10	0	0	0	0	568	
11	0	0	0	0	568	
12	0	0	0	0	567	
13	0	0	0	0	567	
14	0	0	0	0	564	
15	0	0	0	0	564	
0	0	0	0	0	562	
1	0	0	0	0	560	
2	0	0	0	0	558	
3	0	0	0	0	556	
4	0	0	0	0	553	
5	0	0	0	0	549	
6	0	0	0	0	545	
7	0	0	0	0	542	
8	0	0	0	0	540	
9	0	0	0	0	536	
10	0	0	0	0	534	
11	0	0	0	0	531	
12	0	0	0	0	528	
13	0	0	0	0	526	
14	0	0	0	0	524	
15	0	0	0	0	521	
0	0	0	0	0	517	
1	0	0	0	0	514	
2	0	0	0	0	511	
3	0	0	0	0	509	
4	0	0	0	0	506	
5	0	0	0	0	503	
6	0	0	0	0	501	
7	0	0	0	0	500	
8	0	0	0	0	498	
9	0	0	0	0	496	
10	0	0	0	0	493	
11	0	0	0	0	491	
12	0	0	0	0	489	
13	0	0	0	0	487	
14	0	0	0	0	483	
15	0	0	0	0	481	
0	0	0	0	0	479	
1	0	0	0	0	476	
2	0	0	0	0	472	
3	0	0	0	0	469	
4	0	0	0	0	466	
5	0	0	0	0	464	
6	0	0	0	0	463	
7	0	0	0	0	461	
8	0	0	0	0	459	
9	0	0	0	0	457	
10	0	0	0	0	456	
11	0	0	0	0	454	
12	0	0	0	0	454	
13	0	0	0	0	452	
14	0	0	0	0	452	
15	0	0	0	0	451	
0	0	0	0	0	451	
1	0	0	0	0	451	
2	0	0	0	0	449	
3	0	0	0	0	447	
4	0	0	0	0	445	
5	0	0	0	0	444	
6	0	0	0	0	442	
7	0	0	0	0	441	
8	0	0	0	0	442	
9	0	0	0	0	442	
10	0	0	0	0	442	
11	0	0	0	0	442	
12	0	0	0	0	443	
13	0	0	0	0	443	
14	0	0	0	0	442	
15	0	0	0	0	442	
0	0	0	0	0	443	
1	0	0	0	0	444	
2	0	0	0	0	444	
3	0	0	0	0	443	
4	0	0	0	0	441	
5	0	0	0	0	442	
6	0	0	0	0	441	
7	0	0	0	0	442	
8	0	0	0	0	442	
9	0	0	0	0	443	
10	0	0	0	0	443	
11	0	0	0	0	443	
12	0	0	0	0	443	
13	0	0	0	0	444	
14	0	0	0	0	447	
15	0	0	0	0	449	
0	0	0	0	0	448	
1	0	0	0	0	448	
2	0	0	0	0	449	
3	0	0	0	0	448	
4	0	0	0	0	449	
5	0	0	0	0	451	
6	0	0	0	0	451	
7	0	0	0	0	451	
8	0	0	0	0	454	
9	0	0	0	0	455	
10	0	0	0	0	455	
11	0	0	0	0	454	
12	0	0	0	0	455	
13	0	0	0	0	455	
14	0	0	0	0	454	
15	0	0	0	0	455	
0	0	0	0	0	459	
1	0	0	0	0	460	
2	0	0	0	0	461	
3	0	0	0	0	463	
4	0	0	0	0	463	
5	0	0	0	0	463	
6	0	0	0	0	463	
7	0	0	0	0	464	
8	0	0	0	0	465	
9	0	0	0	0	465	
10	0	0	0	0	467	
11	0	0	0	0	467	
12	0	0	0	0	467	
13	0	0	0	0	467	
14	0	0	0	0	467	
15	0	0	0	0	468	
0	0	0	0	0	470	
1	0	0	0	0	472	
2	0	0	0	0	472	
3	0	0	0	0	473	
4	0	0	0	0	473	
5	0	0	0	0	471	
6	0	0	0	0	472	
7	0	0	0	0	473	
8	0	0	0	0	474	
9	0	0	0	0	475	
10	0	0	0	0	476	
11	0	0	0	0	476	
12	0	0	0	0	475	
13	0	0	0	0	472	
14	0	0	0	0	473	
15	0	0	0	0	474	
0	0	0	0	0	477	
1	0	0	0	0	479	
2	0	0	0	0	481	
3	0	0	0	0	483	
4	0	0	0	0	484	
5	0	0	0	0	486	
6	0	0	0	0	487	
7	0	0	0	0	488	
8	0	0	0	0	488	
9	0	0	0	0	487	
10	0	0	0	0	485	
11	0	0	0	0	486	
12	0	0	0	0	484	
13	0	0	0	0	485	
14	0	0	0	0	487	
15	0	0	0	0	487	
0	0	0	0	0	489	
1	0	0	0	0	490	
2	0	0	0	0	491	
3	0	0	0	0	491	
4	0	0	0	0	491	
5	0	0	0	0	491	
6	0	0	0	0	490	
7	0	0	0	0	487	
8	0	0	0	0	487	
9	0	0	0	0	487	
10	0	0	0	0	488	
11	0	0	0	0	487	
12	0	0	0	0	485	
13	0	0	0	0	482	
14	0	0	0	0	481	
15	0	0	0	0	484	
0	0	0	0	0	485	
1	0	0	0	0	486	
2	0	0	0	0	488	
3	0	0	0	0	488	
4	0	0	0	0	487	
5	0	0	0	0	486	
6	0	0	0	0	487	
7	0	0	0	0	488	
8	0	0	0	0	488	
9	0	0	0	0	489	
10	0	0	0	0	490	
11	0	0	0	0	492	
12	0	0	0	0	493	
13	0	0	0	0	495	
14	0	0	0	0	496	
15	0	0	0	0	497	
0	0	0	0	0	498	
1	0	0	0	0	498	
2	0	0	0	0	499	
3	0	0	0	0	499	
4	0	0	0	0	499	
5	0	0	0	0	500	
6	0	0	0	0	504	
7	0	0	0	0	507	
8	0	0	0	0	506	
9	0	0	0	0	504	
10	0	0	0	0	503	
11	0	0	0	0	501	
12	0	0	0	0	499	
13	0	0	0	0	498	
14	0	0	0	0	497	
15	0	0	0	0	497	
0	0	0	0	0	496	
1	0	0	0	0	496	
2	0	0	0	0	495	
3	0	0	0	0	495	
4	0	0	0	0	495	
5	0	0	0	0	494	
6	0	0	0	0	492	
7	0	0	0	0	495	
8	0	0	0	0	496	
9	0	0	0	0	499	
10	0	0	0	0	499	
11	0	0	0	0	499	
12	0	0	0	0	500	
13	0	0	0	0	500	
14	0	0	0	0	502	
15	0	0	0	0	503	
0	0	0	0	0	502	
1	0	0	0	0	502	
2	0	0	0	0	501	
3	0	0	0	0	500	
4	0	0	0	0	499	
5	0	0	0	0	498	
6	0	0	0	0	496	
7	0	0	0	0	497	
8	0	0	0	0	496	
9	0	0	0	0	492	
10	0	0	0	0	490	
11	0	0	0	0	491	
12	0	0	0	0	491	
13	0	0	0	0	492	
14	0	0	0	0	496	
15	0	0	0	0	498	
0	0	0	0	0	499	
1	0	0	0	0	499	
2	0	0	0	0	497	
3	0	0	0	0	496	
4	0	0	0	0	496	
5	0	0	0	0	497	
6	0	0	0	0	497	
7	0	0	0	0	495	
8	0	0	0	0	495	
9	0	0	0	0	494	
10	0	0	0	0	493	
11	0	0	0	0	492	
12	0	0	0	0	491	
13	0	0	0	0	491	
14	0	0	0	0	491	
15	0	0	0	0	493	
0	0	0	0	0	495	
1	0	0	0	0	497	
2	0	0	0	0	497	
3	0	0	0	0	495	
4	0	0	0	0	495	
5	0	0	0	0	497	
6	0	0	0	0	497	
7	0	0	0	0	496	
8	0	0	0	0	496	
9	0	0	0	0	493	
10	0	0	0	0	493	
11	0	0	0	0	493	
12	0	0	0	0	493	
13	0	0	0	0	492	
14	0	0	0	0	494	
15	0	0	0	0	494	
0	0	0	0	0	493	
1	0	0	0	0	492	
2	0	0	0	0	492	
3	0	0	0	0	491	
4	0	0	0	0	493	
5	0	0	0	0	495	
6	0	0	0	0	495	
7	0	0	0	0	496	
8	0	0	0	0	497	
9	0	0	0	0	495	
10	0	0	0	0	494	
11	0	0	0	0	496	
12	0	0	0	0	500	
13	0	0	0	0	501	
14	0	0	0	0	500	
15	0	0	0	0	499	
0	0	0	0	0	498	
1	0	0	0	0	499	
2	0	0	0	0	499	
3	0	0	0	0	497	
4	0	0	0	0	495	
5	0	0	0	0	493	
6	0	0	0	0	492	
7	0	0	0	0	493	
8	0	0	0	0	492	
9	0	0	0	0	493	
10	0	0	0	0	492	
11	0	0	0	0	492	
12	0	0	0	0	491	
13	0	0	0	0	493	
14	0	0	0	0	495	
15	0	0	0	0	498	
0	0	0	0	0	499	
1	0	0	0	0	500	
2	0	0	0	0	503	
3	0	0	0	0	506	
4	0	0	0	0	507	
5	0	0	0	0	508	
6	0	0	0	0	505	
7	0	0	0	0	505	
8	0	0	0	0	507	
9	0	0	0	0	509	
10	0	0	0	0	511	
11	0	0	0	0	511	
12	0	0	0	0	507	
13	0	0	0	0	505	
14	0	0	0	0	505	
15	0	0	0	0	507	
0	0	0	0	0	506	
1	0	0	0	0	507	
2	0	0	0	0	507	
3	0	0	0	0	504	
4	0	0	0	0	504	
5	0	0	0	0	504	
6	0	0	0	0	504	
7	0	0	0	0	503	
8	0	0	0	0	504	
9	0	0	0	0	504	
10	0	0	0	0	503	
11	0	0	0	0	501	
12	0	0	0	0	501	
13	0	0	0	0	503	
14	0	0	0	0	503	
15	0	0	0	0	502	
0	0	0	0	0	503	
1	0	0	0	0	504	
2	0	0	0	0	506	
3	0	0	0	0	505	
4	0	0	0	0	508	
5	0	0	0	0	510	
6	0	0	0	0	510	
7	0	0	0	0	510	
8	0	0	0	0	510	
9	0	0	0	0	509	
10	0	0	0	0	507	
11	0	0	0	0	505	
12	0	0	0	0	504	
13	0	0	0	0	504	
14	0	0	0	0	502	
15	0	0	0	0	501	
0	0	0	0	0	502	
1	0	0	0	0	504	
2	0	0	0	0	505	
3	0	0	0	0	506	
4	0	0	0	0	508	
5	0	0	0	0	508	
6	0	0	0	0	508	
7	0	0	0	0	510	
8	0	0	0	0	510	
9	0	0	0	0	511	
10	0	0	0	0	510	
11	0	0	0	0	508	
12	0	0	0	0	508	
13	0	0	0	0	512	
14	0	0	0	0	514	
15	0	0	0	0	512	
0	0	0	0	0	514	
1	0	0	0	0	515	
2	0	0	0	0	514	
3	0	0	0	0	512	
4	0	0	0	0	511	
5	0	0	0	0	510	
6	0	0	0	0	511	
7	0	0	0	0	513	
8	0	0	0	0	512	
9	0	0	0	0	511	
10	0	0	0	0	510	
11	0	0	0	0	510	
12	0	0	0	0	510	
13	0	0	0	0	511	
14	0	0	0	0	514	
15	0	0	0	0	515	
0	0	0	0	0	515	
1	0	0	0	0	514	
2	0	0	0	0	515	
3	0	0	0	0	516	
4	0	0	0	0	517	
5	0	0	0	0	516	
6	0	0	0	0	517	
7	0	0	0	0	519	
8	0	0	0	0	519	
9	0	0	0	0	519	
10	0	0	0	0	521	
11	0	0	0	0	521	
12	0	0	0	0	521	
13	0	0	0	0	524	
14	0	0	0	0	527	
15	0	0	0	0	528	
0	0	0	0	0	529	
1	0	0	0	0	528	
2	0	0	0	0	526	
3	0	0	0	0	523	
4	0	0	0	0	521	
5	0	0	0	0	520	
6	0	0	0	0	518	
7	0	0	0	0	518	
8	0	0	0	0	520	
9	0	0	0	0	523	
10	0	0	0	0	526	
11	0	0	0	0	527	
12	0	0	0	0	527	
13	0	0	0	0	527	
14	0	0	0	0	526	
15	0	0	0	0	524	
0	0	0	0	0	519	
1	0	0	0	0	517	
2	0	0	0	0	517	
3	0	0	0	0	517	
4	0	0	0	0	517	
5	0	0	0	0	515	
6	0	0	0	0	513	
7	0	0	0	0	513	
8	0	0	0	0	516	
9	0	0	0	0	518	
10	0	0	0	0	518	
11	0	0	0	0	519	
12	0	0	0	0	519	
13	0	0	0	0	521	
14	0	0	0	0	524	
15	0	0	0	0	525	
0	0	0	0	0	527	
1	0	0	0	0	528	
2	0	0	0	0	529	
3	0	0	0	0	530	
4	0	0	0	0	528	
5	0	0	0	0	528	
6	0	0	0	0	530	
7	0	0	0	0	531	
8	0	0	0	0	531	
9	0	0	0	0	535	
10	0	0	0	0	536	
11	0	0	0	0	536	
12	0	0	0	0	536	
13	0	0	0	0	534	
14	0	0	0	0	533	
15	0	0	0	0	532	
0	0	0	0	0	531	
1	0	0	0	0	529	
2	0	0	0	0	527	
3	0	0	0	0	524	
4	0	0	0	0	521	
5	0	0	0	0	521	
6	0	0	0	0	520	
7	0	0	0	0	519	
8	0	0	0	0	515	
9	0	0	0	0	511	
10	0	0	0	0	508	
11	0	0	0	0	504	
12	0	0	0	0	502	
13	0	0	0	0	502	
14	0	0	0	0	505	
15	0	0	0	0	507	
0	0	0	0	0	510	
1	0	0	0	0	514	
2	0	0	0	0	515	
3	0	0	0	0	517	
4	0	0	0	0	519	
5	0	0	0	0	519	
6	0	0	0	0	518	
7	0	0	0	0	518	
8	0	0	0	0	517	
9	0	0	0	0	515	
10	0	0	0	0	512	
11	0	0	0	0	512	
12	0	0	0	0	512	
13	0	0	0	0	512	
14	0	0	0	0	511	
15	0	0	0	0	508	
0	0	0	0	0	505	
1	0	0	0	0	503	
2	0	0	0	0	501	
3	0	0	0	0	500	
4	0	0	0	0	501	
5	0	0	0	0	501	
6	0	0	0	0	498	
7	0	0	0	0	497	
8	0	0	0	0	497	
9	0	0	0	0	499	
10	0	0	0	0	499	
11	0	0	0	0	499	
12	0	0	0	0	499	
13	0	0	0	0	501	
14	0	0	0	0	504	
15	0	0	0	0	508	
0	0	0	0	0	509	
1	0	0	0	0	509	
2	0	0	0	0	511	
3	0	0	0	0	511	
4	0	0	0	0	509	
5	0	0	0	0	506	
6	0	0	0	0	504	
7	0	0	0	0	503	
8	0	0	0	0	500	
9	0	0	0	0	500	
10	0	0	0	0	502	
11	0	0	0	0	503	
12	0	0	0	0	507	
13	0	0	0	0	511	
14	0	0	0	0	512	
15	0	0	0	0	510	
0	0	0	0	0	510	
1	0	0	0	0	510	
2	0	0	0	0	506	
3	0	0	0	0	504	
4	0	0	0	0	502	
5	0	0	0	0	504	
6	0	0	0	0	506	
7	0	0	0	0	506	
8	0	0	0	0	504	
9	0	0	0	0	504	
10	0	0	0	0	502	
11	0	0	0	0	503	
12	0	0	0	0	502	
13	0	0	0	0	502	
14	0	0	0	0	502	
15	0	0	0	0	502	
0	0	0	0	0	501	
1	0	0	0	0	501	
2	0	0	0	0	502	
3	0	0	0	0	504	
4	0	0	0	0	507	
5	0	0	0	0	508	
6	0	0	0	0	506	
7	0	0	0	0	504	
8	0	0	0	0	501	
9	0	0	0	0	498	
10	0	0	0	0	498	
11	0	0	0	0	498	
12	0	0	0	0	497	
13	0	0	0	0	501	
14	0	0	0	0	508	
15	0	0	0	0	513	
0	0	0	0	0	518	
1	0	0	0	0	521	
2	0	0	0	0	524	
3	0	0	0	0	529	
4	0	0	0	0	535	
5	0	0	0	0	538	
6	0	0	0	0	545	
7	0	0	0	0	554	
8	0	0	0	0	563	
9	0	0	0	0	575	
10	0	0	0	0	590	
11	0	0	0	0	608	
12	0	0	0	0	627	
13	0	0	0	0	648	
14	0	0	0	0	670	
15	0	0	0	0	693	
0	0	0	0	0	714	
1	0	0	0	0	734	
2	0	0	0	0	753	
3	0	0	0	0	775	
4	0	0	0	0	798	
5	0	0	0	0	820	
6	0	0	0	0	839	
7	0	0	0	0	856	
8	0	0	0	0	868	
9	0	0	0	0	869	
10	0	0	0	0	864	
11	0	0	0	0	856	
12	0	0	0	0	849	
13	0	0	0	0	835	
14	0	0	0	0	813	
15	0	0	0	0	789	
0	0	0	0	0	757	
1	0	0	0	0	724	
2	0	0	0	0	692	
3	0	0	0	0	658	
4	0	0	0	0	620	
5	0	0	0	0	580	
6	0	0	0	0	540	
7	0	0	0	0	499	
8	0	0	0	0	461	
9	0	0	0	0	428	
10	0	0	0	0	403	
11	0	0	0	0	389	
12	0	0	0	0	381	
13	0	0	0	0	381	
14	0	0	0	0	386	
15	0	0	0	0	393	
0	0	0	0	0	400	
1	0	0	0	0	408	
2	0	0	0	0	419	
3	0	0	0	0	426	
4	0	0	0	0	432	
5	0	0	0	0	439	
6	0	0	0	0	443	
7	0	0	0	0	447	
8	0	0	0	0	453	
9	0	0	0	0	462	
10	0	0	0	0	467	
11	0	0	0	0	469	
12	0	0	0	0	469	
13	0	0	0	0	471	
14	0	0	0	0	470	
15	0	0	0	0	472	
0	0	0	0	0	472	
1	0	0	0	0	473	
2	0	0	0	0	473	
3	0	0	0	0	472	
4	0	0	0	0	473	
5	0	0	0	0	474	
6	0	0	0	0	474	
7	0	0	0	0	476	
8	0	0	0	0	475	
9	0	0	0	0	476	
10	0	0	0	0	477	
11	0	0	0	0	477	
12	0	0	0	0	476	
13	0	0	0	0	475	
14	0	0	0	0	476	
15	0	0	0	0	479	
0	0	0	0	0	478	
1	0	0	0	0	476	
2	0	0	0	0	477	
3	0	0	0	0	478	
4	0	0	0	0	478	
5	0	0	0	0	476	
6	0	0	0	0	474	
7	0	0	0	0	473	
8	0	0	0	0	473	
9	0	0	0	0	473	
10	0	0	0	0	475	
11	0	0	0	0	476	
12	0	0	0	0	477	
13	0	0	0	0	478	
14	0	0	0	0	477	
15	0	0	0	0	480	
0	0	0	0	0	482	
1	0	0	0	0	483	
2	0	0	0	0	486	
3	0	0	0	0	489	
4	0	0	0	0	490	
5	0	0	0	0	492	
6	0	0	0	0	493	
7	0	0	0	0	496	
8	0	0	0	0	497	
9	0	0	0	0	498	
10	0	0	0	0	500	
11	0	0	0	0	504	
12	0	0	0	0	505	
13	0	0	0	0	505	
14	0	0	0	0	505	
15	0	0	0	0	505	
0	0	0	0	0	502	
1	0	0	0	0	500	
2	0	0	0	0	499	
3	0	0	0	0	498	
4	0	0	0	0	497	
5	0	0	0	0	500	
6	0	0	0	0	502	
7	0	0	0	0	501	
8	0	0	0	0	500	
9	0	0	0	0	503	
10	0	0	0	0	504	
11	0	0	0	0	504	
12	0	0	0	0	504	
13	0	0	0	0	506	
14	0	0	0	0	507	
15	0	0	0	0	508	
0	0	0	0	0	510	
1	0	0	0	0	511	
2	0	0	0	0	512	
3	0	0	0	0	512	
4	0	0	0	0	512	
5	0	0	0	0	514	
6	0	0	0	0	513	
7	0	0	0	0	514	
8	0	0	0	0	516	
9	0	0	0	0	514	
10	0	0	0	0	511	
11	0	0	0	0	511	
12	0	0	0	0	512	
13	0	0	0	0	512	
14	0	0	0	0	510	
15	0	0	0	0	508	
0	0	0	0	0	508	
1	0	0	0	0	510	
2	0	0	0	0	512	
3	0	0	0	0	512	
4	0	0	0	0	513	
5	0	0	0	0	512	
6	0	0	0	0	510	
7	0	0	0	0	508	
8	0	0	0	0	506	
9	0	0	0	0	507	
10	0	0	0	0	508	
11	0	0	0	0	511	
12	0	0	0	0	515	
13	0	0	0	0	514	
14	0	0	0	0	514	
15	0	0	0	0	514	
0	0	0	0	0	511	
1	0	0	0	0	512	
2	0	0	0	0	512	
3	0	0	0	0	515	
4	0	0	0	0	518	
5	0	0	0	0	518	
6	0	0	0	0	516	
7	0	0	0	0	515	
8	0	0	0	0	518	
9	0	0	0	0	518	
10	0	0	0	0	518	
11	0	0	0	0	520	
12	0	0	0	0	521	
13	0	0	0	0	523	
14	0	0	0	0	524	
15	0	0	0	0	523	
0	0	0	0	0	521	
1	0	0	0	0	518	
2	0	0	0	0	515	
3	0	0	0	0	517	
4	0	0	0	0	520	
5	0	0	0	0	524	
6	0	0	0	0	528	
7	0	0	0	0	528	
8	0	0	0	0	527	
9	0	0	0	0	527	
10	0	0	0	0	529	
11	0	0	0	0	531	
12	0	0	0	0	532	
13	0	0	0	0	534	
14	0	0	0	0	532	
15	0	0	0	0	532	
0	0	0	0	0	532	
1	0	0	0	0	528	
2	0	0	0	0	526	
3	0	0	0	0	527	
4	0	0	0	0	533	
5	0	0	0	0	540	
6	0	0	0	0	541	
7	0	0	0	0	540	
8	0	0	0	0	538	
9	0	0	0	0	538	
10	0	0	0	0	539	
11	0	0	0	0	541	
12	0	0	0	0	543	
13	0	0	0	0	545	
14	0	0	0	0	544	
15	0	0	0	0	544	
0	0	0	0	0	543	
1	0	0	0	0	544	
2	0	0	0	0	544	
3	0	0	0	0	547	
4	0	0	0	0	550	
5	0	0	0	0	551	
6	0	0	0	0	551	
7	0	0	0	0	553	
8	0	0	0	0	557	
9	0	0	0	0	558	
10	0	0	0	0	558	
11	0	0	0	0	555	
12	0	0	0	0	557	
13	0	0	0	0	562	
14	0	0	0	0	565	
15	0	0	0	0	561	
0	0	0	0	0	558	
1	0	0	0	0	558	
2	0	0	0	0	557	
3	0	0	0	0	556	
4	0	0	0	0	558	
5	0	0	0	0	558	
6	0	0	0	0	559	
7	0	0	0	0	560	
8	0	0	0	0	559	
9	0	0	0	0	559	
10	0	0	0	0	563	
11	0	0	0	0	564	
12	0	0	0	0	567	
13	0	0	0	0	570	
14	0	0	0	0	571	
15	0	0	0	0	571	
0	0	0	0	0	572	
1	0	0	0	0	574	
2	0	0	0	0	573	
3	0	0	0	0	574	
4	0	0	0	0	575	
5	0	0	0	0	578	
6	0	0	0	0	577	
7	0	0	0	0	575	
8	0	0	0	0	576	
9	0	0	0	0	580	
10	0	0	0	0	583	
11	0	0	0	0	584	
12	0	0	0	0	583	
13	0	0	0	0	581	
14	0	0	0	0	580	
15	0	0	0	0	579	
0	0	0	0	0	581	
1	0	0	0	0	583	
2	0	0	0	0	582	
3	0	0	0	0	580	
4	0	0	0	0	579	
5	0	0	0	0	579	
6	0	0	0	0	578	
7	0	0	0	0	582	
8	0	0	0	0	584	
9	0	0	0	0	584	
10	0	0	0	0	585	
11	0	0	0	0	583	
12	0	0	0	0	579	
13	0	0	0	0	579	
14	0	0	0	0	577	
15	0	0	0	0	577	
0	0	0	0	0	575	
1	0	0	0	0	572	
2	0	0	0	0	569	
3	0	0	0	0	569	
4	0	0	0	0	569	
5	0	0	0	0	568	
6	0	0	0	0	565	
7	0	0	0	0	559	
8	0	0	0	0	558	
9	0	0	0	0	559	
10	0	0	0	0	557	
11	0	0	0	0	555	
12	0	0	0	0	553	
13	0	0	0	0	551	
14	0	0	0	0	550	
15	0	0	0	0	547	
0	0	0	0	0	545	
1	0	0	0	0	543	
2	0	0	0	0	539	
3	0	0	0	0	534	
4	0	0	0	0	528	
5	0	0	0	0	523	
6	0	0	0	0	519	
7	0	0	0	0	513	
8	0	0	0	0	508	
9	0	0	0	0	507	
10	0	0	0	0	508	
11	0	0	0	0	507	
12	0	0	0	0	507	
13	0	0	0	0	507	
14	0	0	0	0	504	
15	0	0	0	0	502	
0	0	0	0	0	500	
1	0	0	0	0	496	
2	0	0	0	0	495	
3	0	0	0	0	493	
4	0	0	0	0	489	
5	0	0	0	0	487	
6	0	0	0	0	483	
7	0	0	0	0	480	
8	0	0	0	0	477	
9	0	0	0	0	475	
10	0	0	0	0	472	
11	0	0	0	0	469	
12	0	0	0	0	468	
13	0	0	0	0	469	
14	0	0	0	0	468	
15	0	0	0	0	467	
0	0	0	0	0	470	
1	0	0	0	0	472	
2	0	0	0	0	470	
3	0	0	0	0	467	
4	0	0	0	0	464	
5	0	0	0	0	463	
6	0	0	0	0	464	
7	0	0	0	0	464	
8	0	0	0	0	462	
9	0	0	0	0	456	
10	0	0	0	0	456	
11	0	0	0	0	456	
12	0	0	0	0	454	
13	0	0	0	0	451	
14	0	0	0	0	449	
15	0	0	0	0	451	
0	0	0	0	0	454	
1	0	0	0	0	458	
2	0	0	0	0	461	
3	0	0	0	0	462	
4	0	0	0	0	462	
5	0	0	0	0	465	
6	0	0	0	0	465	
7	0	0	0	0	467	
8	0	0	0	0	467	
9	0	0	0	0	466	
10	0	0	0	0	463	
11	0	0	0	0	459	
12	0	0	0	0	457	
13	0	0	0	0	456	
14	0	0	0	0	457	
15	0	0	0	0	458	
0	0	0	0	0	459	
1	0	0	0	0	462	
2	0	0	0	0	464	
3	0	0	0	0	465	
4	0	0	0	0	466	
5	0	0	0	0	465	
6	0	0	0	0	467	
7	0	0	0	0	468	
8	0	0	0	0	465	
9	0	0	0	0	465	
10	0	0	0	0	465	
11	0	0	0	0	466	
12	0	0	0	0	468	
13	0	0	0	0	472	
14	0	0	0	0	473	
15	0	0	0	0	475	
0	0	0	0	0	476	
1	0	0	0	0	475	
2	0	0	0	0	474	
3	0	0	0	0	475	
4	0	0	0	0	475	
5	0	0	0	0	477	
6	0	0	0	0	471	
7	0	0	0	0	469	
8	0	0	0	0	469	
9	0	0	0	0	471	
10	0	0	0	0	472	
11	0	0	0	0	470	
12	0	0	0	0	472	
13	0	0	0	0	475	
14	0	0	0	0	475	
15	0	0	0	0	473	
0	0	0	0	0	473	
1	0	0	0	0	475	
2	0	0	0	0	475	
3	0	0	0	0	475	
4	0	0	0	0	475	
5	0	0	0	0	476	
6	0	0	0	0	475	
7	0	0	0	0	476	
8	0	0	0	0	478	
9	0	0	0	0	481	
10	0	0	0	0	481	
11	0	0	0	0	480	
12	0	0	0	0	476	
13	0	0	0	0	473	
14	0	0	0	0	473	
15	0	0	0	0	476	
0	0	0	0	0	477	
1	0	0	0	0	478	
2	0	0	0	0	479	
3	0	0	0	0	481	
4	0	0	0	0	480	
5	0	0	0	0	481	
6	0	0	0	0	481	
7	0	0	0	0	479	
8	0	0	0	0	478	
9	0	0	0	0	476	
10	0	0	0	0	476	
11	0	0	0	0	478	
12	0	0	0	0	480	
13	0	0	0	0	482	
14	0	0	0	0	484	
15	0	0	0	0	486	
0	0	0	0	0	488	
1	0	0	0	0	492	
2	0	0	0	0	493	
3	0	0	0	0	494	
4	0	0	0	0	493	
5	0	0	0	0	496	
6	0	0	0	0	495	
7	0	0	0	0	494	
8	0	0	0	0	492	
9	0	0	0	0	490	
10	0	0	0	0	487	
11	0	0	0	0	487	
12	0	0	0	0	488	
13	0	0	0	0	489	
14	0	0	0	0	492	
15	0	0	0	0	492	
0	0	0	0	0	491	
1	0	0	0	0	492	
2	0	0	0	0	494	
3	0	0	0	0	494	
4	0	0	0	0	494	
5	0	0	0	0	496	
6	0	0	0	0	496	
7	0	0	0	0	495	
8	0	0	0	0	495	
9	0	0	0	0	496	
10	0	0	0	0	497	
11	0	0	0	0	496	
12	0	0	0	0	490	
13	0	0	0	0	487	
14	0	0	0	0	487	
15	0	0	0	0	489	
0	0	0	0	0	491	
1	0	0	0	0	492	
2	0	0	0	0	496	
3	0	0	0	0	502	
4	0	0	0	0	503	
5	0	0	0	0	507	
6	0	0	0	0	508	
7	0	0	0	0	509	
8	0	0	0	0	510	
9	0	0	0	0	508	
10	0	0	0	0	504	
11	0	0	0	0	498	
12	0	0	0	0	497	
13	0	0	0	0	496	
14	0	0	0	0	496	
15	0	0	0	0	498	
0	0	0	0	0	497	
1	0	0	0	0	496	
2	0	0	0	0	499	
3	0	0	0	0	499	
4	0	0	0	0	497	
5	0	0	0	0	498	
6	0	0	0	0	498	
7	0	0	0	0	500	
8	0	0	0	0	502	
9	0	0	0	0	500	
10	0	0	0	0	501	
11	0	0	0	0	502	
12	0	0	0	0	502	
13	0	0	0	0	503	
14	0	0	0	0	505	
15	0	0	0	0	507	
0	0	0	0	0	504	
1	0	0	0	0	502	
2	0	0	0	0	501	
3	0	0	0	0	500	
4	0	0	0	0	500	
5	0	0	0	0	502	
6	0	0	0	0	505	
7	0	0	0	0	504	
8	0	0	0	0	505	
9	0	0	0	0	503	
10	0	0	0	0	501	
11	0	0	0	0	500	
12	0	0	0	0	499	
13	0	0	0	0	499	
14	0	0	0	0	500	
15	0	0	0	0	499	
0	0	0	0	0	500	
1	0	0	0	0	500	
2	0	0	0	0	502	
3	0	0	0	0	504	
4	0	0	0	0	508	
5	0	0	0	0	510	
6	0	0	0	0	510	
7	0	0	0	0	515	
8	0	0	0	0	515	
9	0	0	0	0	514	
10	0	0	0	0	515	
11	0	0	0	0	514	
12	0	0	0	0	512	
13	0	0	0	0	511	
14	0	0	0	0	505	
15	0	0	0	0	503	
0	0	0	0	0	503	
1	0	0	0	0	503	
2	0	0	0	0	503	
3	0	0	0	0	505	
4	0	0	0	0	506	
5	0	0	0	0	508	
6	0	0	0	0	510	
7	0	0	0	0	510	
8	0	0	0	0	509	
9	0	0	0	0	511	
10	0	0	0	0	511	
11	0	0	0	0	510	
12	0	0	0	0	507	
13	0	0	0	0	503	
14	0	0	0	0	506	
15	0	0	0	0	503	
0	0	0	0	0	502	
1	0	0	0	0	503	
2	0	0	0	0	505	
3	0	0	0	0	506	
4	0	0	0	0	507	
5	0	0	0	0	506	
6	0	0	0	0	508	
7	0	0	0	0	514	
8	0	0	0	0	518	
9	0	0	0	0	518	
10	0	0	0	0	516	
11	0	0	0	0	517	
12	0	0	0	0	516	
13	0	0	0	0	511	
14	0	0	0	0	507	
15	0	0	0	0	504	
0	0	0	0	0	504	
1	0	0	0	0	505	
2	0	0	0	0	507	
3	0	0	0	0	510	
4	0	0	0	0	511	
5	0	0	0	0	511	
6	0	0	0	0	510	
7	0	0	0	0	511	
8	0	0	0	0	510	
9	0	0	0	0	511	
10	0	0	0	0	508	
11	0	0	0	0	506	
12	0	0	0	0	505	
13	0	0	0	0	507	
14	0	0	0	0	508	
15	0	0	0	0	509	
0	0	0	0	0	508	
1	0	0	0	0	506	
2	0	0	0	0	504	
3	0	0	0	0	505	
4	0	0	0	0	505	
5	0	0	0	0	505	
6	0	0	0	0	504	
7	0	0	0	0	502	
8	0	0	0	0	502	
9	0	0	0	0	502	
10	0	0	0	0	501	
11	0	0	0	0	502	
12	0	0	0	0	502	
13	0	0	0	0	505	
14	0	0	0	0	509	
15	0	0	0	0	510	
0	0	0	0	0	510	
1	0	0	0	0	511	
2	0	0	0	0	511	
3	0	0	0	0	512	
4	0	0	0	0	513	
5	0	0	0	0	516	
6	0	0	0	0	519	
7	0	0	0	0	522	
8	0	0	0	0	522	
9	0	0	0	0	520	
10	0	0	0	0	520	
11	0	0	0	0	521	
12	0	0	0	0	521	
13	0	0	0	0	523	
14	0	0	0	0	521	
15	0	0	0	0	518	
0	0	0	0	0	515	
1	0	0	0	0	516	
2	0	0	0	0	518	
3	0	0	0	0	519	
4	0	0	0	0	519	
5	0	0	0	0	518	
6	0	0	0	0	515	
7	0	0	0	0	512	
8	0	0	0	0	509	
9	0	0	0	0	508	
10	0	0	0	0	510	
11	0	0	0	0	512	
12	0	0	0	0	516	
13	0	0	0	0	516	
14	0	0	0	0	515	
15	0	0	0	0	516	
0	0	0	0	0	516	
1	0	0	0	0	514	
2	0	0	0	0	514	
3	0	0	0	0	515	
4	0	0	0	0	517	
5	0	0	0	0	519	
6	0	0	0	0	518	
7	0	0	0	0	519	
8	0	0	0	0	523	
9	0	0	0	0	526	
10	0	0	0	0	528	
11	0	0	0	0	527	
12	0	0	0	0	528	
13	0	0	0	0	528	
14	0	0	0	0	526	
15	0	0	0	0	526	
0	0	0	0	0	525	
1	0	0	0	0	525	
2	0	0	0	0	525	
3	0	0	0	0	525	
4	0	0	0	0	521	
5	0	0	0	0	521	
6	0	0	0	0	519	
7	0	0	0	0	514	
8	0	0	0	0	511	
9	0	0	0	0	510	
10	0	0	0	0	511	
11	0	0	0	0	511	
12	0	0	0	0	510	
13	0	0	0	0	508	
14	0	0	0	0	511	
15	0	0	0	0	513	
0	0	0	0	0	513	
1	0	0	0	0	514	
2	0	0	0	0	516	
3	0	0	0	0	519	
4	0	0	0	0	522	
5	0	0	0	0	519	
6	0	0	0	0	514	
7	0	0	0	0	514	
8	0	0	0	0	514	
9	0	0	0	0	513	
10	0	0	0	0	513	
11	0	0	0	0	513	
12	0	0	0	0	515	
13	0	0	0	0	520	
14	0	0	0	0	519	
15	0	0	0	0	517	
0	0	0	0	0	515	
1	0	0	0	0	514	
2	0	0	0	0	510	
3	0	0	0	0	508	
4	0	0	0	0	506	
5	0	0	0	0	505	
6	0	0	0	0	505	
7	0	0	0	0	504	
8	0	0	0	0	505	
9	0	0	0	0	506	
10	0	0	0	0	503	
11	0	0	0	0	499	
12	0	0	0	0	500	
13	0	0	0	0	500	
14	0	0	0	0	499	
15	0	0	0	0	500	
0	0	0	0	0	504	
1	0	0	0	0	507	
2	0	0	0	0	511	
3	0	0	0	0	514	
4	0	0	0	0	516	
5	0	0	0	0	519	
6	0	0	0	0	519	
7	0	0	0	0	519	
8	0	0	0	0	519	
9	0	0	0	0	519	
10	0	0	0	0	517	
11	0	0	0	0	515	
12	0	0	0	0	515	
13	0	0	0	0	515	
14	0	0	0	0	516	
15	0	0	0	0	511	
0	0	0	0	0	510	
1	0	0	0	0	511	
2	0	0	0	0	510	
3	0	0	0	0	510	
4	0	0	0	0	510	
5	0	0	0	0	511	
6	0	0	0	0	513	
7	0	0	0	0	515	
8	0	0	0	0	516	
9	0	0	0	0	515	
10	0	0	0	0	515	
11	0	0	0	0	514	
12	0	0	0	0	513	
13	0	0	0	0	513	
14	0	0	0	0	516	
15	0	0	0	0	517	
0	0	0	0	0	519	
1	0	0	0	0	521	
2	0	0	0	0	521	
3	0	0	0	0	519	
4	0	0	0	0	517	
5	0	0	0	0	516	
6	0	0	0	0	513	
7	0	0	0	0	511	
8	0	0	0	0	506	
9	0	0	0	0	503	
10	0	0	0	0	499	
11	0	0	0	0	499	
12	0	0	0	0	501	
13	0	0	0	0	507	
14	0	0	0	0	508	
15	0	0	0	0	509	
0	0	0	0	0	512	
1	0	0	0	0	517	
2	0	0	0	0	522	
3	0	0	0	0	528	
4	0	0	0	0	535	
5	0	0	0	0	540	
6	0	0	0	0	549	
7	0	0	0	0	558	
8	0	0	0	0	568	
9	0	0	0	0	581	
10	0	0	0	0	596	
11	0	0	0	0	611	
12	0	0	0	0	624	
13	0	0	0	0	641	
14	0	0	0	0	662	
15	0	0	0	0	681	
0	0	0	0	0	700	
1	0	0	0	0	720	
2	0	0	0	0	740	
3	0	0	0	0	757	
4	0	0	0	0	775	
5	0	0	0	0	796	
6	0	0	0	0	812	
7	0	0	0	0	825	
8	0	0	0	0	841	
9	0	0	0	0	848	
10	0	0	0	0	847	
11	0	0	0	0	840	
12	0	0	0	0	832	
13	0	0	0	0	816	
14	0	0	0	0	798	
15	0	0	0	0	776	
0	0	0	0	0	748	
1	0	0	0	0	715	
2	0	0	0	0	681	
3	0	0	0	0	653	
4	0	0	0	0	621	
5	0	0	0	0	580	
6	0	0	0	0	539	
7	0	0	0	0	502	
8	0	0	0	0	472	
9	0	0	0	0	446	
10	0	0	0	0	425	
11	0	0	0	0	414	
12	0	0	0	0	406	
13	0	0	0	0	404	
14	0	0	0	0	407	
15	0	0	0	0	410	
0	0	0	0	0	415	
1	0	0	0	0	419	
2	0	0	0	0	423	
3	0	0	0	0	433	
4	0	0	0	0	439	
5	0	0	0	0	446	
6	0	0	0	0	453	
7	0	0	0	0	457	
8	0	0	0	0	461	
9	0	0	0	0	466	
10	0	0	0	0	471	
11	0	0	0	0	473	
12	0	0	0	0	475	
13	0	0	0	0	475	
14	0	0	0	0	473	
15	0	0	0	0	472	
0	0	0	0	0	473	
1	0	0	0	0	478	
2	0	0	0	0	481	
3	0	0	0	0	484	
4	0	0	0	0	485	
5	0	0	0	0	484	
6	0	0	0	0	482	
7	0	0	0	0	485	
8	0	0	0	0	488	
9	0	0	0	0	488	
10	0	0	0	0	486	
11	0	0	0	0	485	
12	0	0	0	0	486	
13	0	0	0	0	490	
14	0	0	0	0	498	
15	0	0	0	0	499	
0	0	0	0	0	495	
1	0	0	0	0	492	
2	0	0	0	0	489	
3	0	0	0	0	489	
4	0	0	0	0	490	
5	0	0	0	0	486	
6	0	0	0	0	486	
7	0	0	0	0	487	
8	0	0	0	0	487	
9	0	0	0	0	484	
10	0	0	0	0	480	
11	0	0	0	0	479	
12	0	0	0	0	480	
13	0	0	0	0	480	
14	0	0	0	0	483	
15	0	0	0	0	485	
0	0	0	0	0	485	
1	0	0	0	0	484	
2	0	0	0	0	487	
3	0	0	0	0	487	
4	0	0	0	0	487	
5	0	0	0	0	487	
6	0	0	0	0	489	
7	0	0	0	0	494	
8	0	0	0	0	494	
9	0	0	0	0	494	
10	0	0	0	0	497	
11	0	0	0	0	499	
12	0	0	0	0	497	
13	0	0	0	0	499	
14	0	0	0	0	498	
15	0	0	0	0	498	
0	0	0	0	0	499	
1	0	0	0	0	501	
2	0	0	0	0	501	
3	0	0	0	0	497	
4	0	0	0	0	497	
5	0	0	0	0	499	
6	0	0	0	0	500	
7	0	0	0	0	504	
8	0	0	0	0	504	
9	0	0	0	0	504	
10	0	0	0	0	501	
11	0	0	0	0	501	
12	0	0	0	0	500	
13	0	0	0	0	499	
14	0	0	0	0	499	
15	0	0	0	0	499	
0	0	0	0	0	499	
1	0	0	0	0	500	
2	0	0	0	0	501	
3	0	0	0	0	503	
4	0	0	0	0	505	
5	0	0	0	0	507	
6	0	0	0	0	509	
7	0	0	0	0	509	
8	0	0	0	0	509	
9	0	0	0	0	508	
10	0	0	0	0	507	
11	0	0	0	0	507	
12	0	0	0	0	507	
13	0	0	0	0	508	
14	0	0	0	0	509	
15	0	0	0	0	508	
0	0	0	0	0	507	
1	0	0	0	0	508	
2	0	0	0	0	511	
3	0	0	0	0	513	
4	0	0	0	0	517	
5	0	0	0	0	518	
6	0	0	0	0	518	
7	0	0	0	0	519	
8	0	0	0	0	518	
9	0	0	0	0	516	
10	0	0	0	0	515	
11	0	0	0	0	516	
12	0	0	0	0	518	
13	0	0	0	0	517	
14	0	0	0	0	516	
15	0	0	0	0	514	
0	0	0	0	0	515	
1	0	0	0	0	520	
2	0	0	0	0	521	
3	0	0	0	0	522	
4	0	0	0	0	522	
5	0	0	0	0	520	
6	0	0	0	0	521	
7	0	0	0	0	523	
8	0	0	0	0	523	
9	0	0	0	0	523	
10	0	0	0	0	525	
11	0	0	0	0	528	
12	0	0	0	0	527	
13	0	0	0	0	526	
14	0	0	0	0	520	
15	0	0	0	0	516	
0	0	0	0	0	513	
1	0	0	0	0	514	
2	0	0	0	0	516	
3	0	0	0	0	516	
4	0	0	0	0	518	
5	0	0	0	0	520	
6	0	0	0	0	519	
7	0	0	0	0	521	
8	0	0	0	0	522	
9	0	0	0	0	527	
10	0	0	0	0	526	
11	0	0	0	0	526	
12	0	0	0	0	528	
13	0	0	0	0	531	
14	0	0	0	0	531	
15	0	0	0	0	530	
0	0	0	0	0	532	
1	0	0	0	0	533	
2	0	0	0	0	531	
3	0	0	0	0	531	
4	0	0	0	0	534	
5	0	0	0	0	539	
6	0	0	0	0	541	
7	0	0	0	0	541	
8	0	0	0	0	542	
9	0	0	0	0	543	
10	0	0	0	0	541	
11	0	0	0	0	540	
12	0	0	0	0	537	
13	0	0	0	0	535	
14	0	0	0	0	536	
15	0	0	0	0	536	
0	0	0	0	0	538	
1	0	0	0	0	539	
2	0	0	0	0	540	
3	0	0	0	0	543	
4	0	0	0	0	545	
5	0	0	0	0	546	
6	0	0	0	0	548	
7	0	0	0	0	550	
8	0	0	0	0	550	
9	0	0	0	0	551	
10	0	0	0	0	551	
11	0	0	0	0	551	
12	0	0	0	0	552	
13	0	0	0	0	551	
14	0	0	0	0	551	
15	0	0	0	0	551	
0	0	0	0	0	552	
1	0	0	0	0	552	
2	0	0	0	0	551	
3	0	0	0	0	551	
4	0	0	0	0	551	
5	0	0	0	0	552	
6	0	0	0	0	556	
7	0	0	0	0	558	
8	0	0	0	0	560	
9	0	0	0	0	562	
10	0	0	0	0	562	
11	0	0	0	0	561	
12	0	0	0	0	562	
13	0	0	0	0	563	
14	0	0	0	0	563	
15	0	0	0	0	562	
0	0	0	0	0	563	
1	0	0	0	0	561	
2	0	0	0	0	560	
3	0	0	0	0	560	
4	0	0	0	0	559	
5	0	0	0	0	561	
6	0	0	0	0	565	
7	0	0	0	0	568	
8	0	0	0	0	570	
9	0	0	0	0	573	
10	0	0	0	0	572	
11	0	0	0	0	572	
12	0	0	0	0	574	
13	0	0	0	0	575	
14	0	0	0	0	575	
15	0	0	0	0	575	
0	0	0	0	0	571	
1	0	0	0	0	568	
2	0	0	0	0	567	
3	0	0	0	0	567	
4	0	0	0	0	567	
5	0	0	0	0	568	
6	0	0	0	0	566	
7	0	0	0	0	564	
8	0	0	0	0	564	
9	0	0	0	0	563	
10	0	0	0	0	563	
11	0	0	0	0	562	
12	0	0	0	0	559	
13	0	0	0	0	556	
14	0	0	0	0	556	
15	0	0	0	0	555	
0	0	0	0	0	553	
1	0	0	0	0	553	
2	0	0	0	0	551	
3	0	0	0	0	551	
4	0	0	0	0	549	
5	0	0	0	0	545	
6	0	0	0	0	544	
7	0	0	0	0	542	
8	0	0	0	0	542	
9	0	0	0	0	542	
10	0	0	0	0	540	
11	0	0	0	0	539	
12	0	0	0	0	537	
13	0	0	0	0	537	
14	0	0	0	0	536	
15	0	0	0	0	531	
0	0	0	0	0	525	
1	0	0	0	0	521	
2	0	0	0	0	517	
3	0	0	0	0	516	
4	0	0	0	0	512	
5	0	0	0	0	509	
6	0	0	0	0	507	
7	0	0	0	0	506	
8	0	0	0	0	503	
9	0	0	0	0	499	
10	0	0	0	0	498	
11	0	0	0	0	497	
12	0	0	0	0	494	
13	0	0	0	0	493	
14	0	0	0	0	489	
15	0	0	0	0	486	
0	0	0	0	0	483	
1	0	0	0	0	479	
2	0	0	0	0	476	
3	0	0	0	0	474	
4	0	0	0	0	472	
5	0	0	0	0	472	
6	0	0	0	0	470	
7	0	0	0	0	469	
8	0	0	0	0	465	
9	0	0	0	0	462	
10	0	0	0	0	460	
11	0	0	0	0	461	
12	0	0	0	0	463	
13	0	0	0	0	461	
14	0	0	0	0	463	
15	0	0	0	0	463	
0	0	0	0	0	463	
1	0	0	0	0	463	
2	0	0	0	0	463	
3	0	0	0	0	460	
4	0	0	0	0	459	
5	0	0	0	0	457	
6	0	0	0	0	456	
7	0	0	0	0	454	
8	0	0	0	0	452	
9	0	0	0	0	450	
10	0	0	0	0	448	
11	0	0	0	0	447	
12	0	0	0	0	446	
13	0	0	0	0	446	
14	0	0	0	0	445	
15	0	0	0	0	444	
0	0	0	0	0	445	
1	0	0	0	0	446	
2	0	0	0	0	447	
3	0	0	0	0	447	
4	0	0	0	0	445	
5	0	0	0	0	444	
6	0	0	0	0	441	
7	0	0	0	0	441	
8	0	0	0	0	441	
9	0	0	0	0	441	
10	0	0	0	0	441	
11	0	0	0	0	443	
12	0	0	0	0	445	
13	0	0	0	0	450	
14	0	0	0	0	451	
15	0	0	0	0	451	
0	0	0	0	0	452	
1	0	0	0	0	454	
2	0	0	0	0	454	
3	0	0	0	0	454	
4	0	0	0	0	451	
5	0	0	0	0	451	
6	0	0	0	0	452	
7	0	0	0	0	454	
8	0	0	0	0	453	
9	0	0	0	0	452	
10	0	0	0	0	452	
11	0	0	0	0	453	
12	0	0	0	0	454	
13	0	0	0	0	455	
14	0	0	0	0	455	
15	0	0	0	0	458	
0	0	0	0	0	459	
1	0	0	0	0	458	
2	0	0	0	0	457	
3	0	0	0	0	459	
4	0	0	0	0	460	
5	0	0	0	0	462	
6	0	0	0	0	463	
7	0	0	0	0	464	
8	0	0	0	0	464	
9	0	0	0	0	465	
10	0	0	0	0	465	
11	0	0	0	0	466	
12	0	0	0	0	467	
13	0	0	0	0	470	
14	0	0	0	0	472	
15	0	0	0	0	472	
0	0	0	0	0	468	
1	0	0	0	0	467	
2	0	0	0	0	467	
3	0	0	0	0	465	
4	0	0	0	0	466	
5	0	0	0	0	466	
6	0	0	0	0	468	
7	0	0	0	0	469	
8	0	0	0	0	470	
9	0	0	0	0	472	
10	0	0	0	0	474	
11	0	0	0	0	476	
12	0	0	0	0	478	
13	0	0	0	0	479	
14	0	0	0	0	481	
15	0	0	0	0	481	
0	0	0	0	0	481	
1	0	0	0	0	483	
2	0	0	0	0	484	
3	0	0	0	0	486	
4	0	0	0	0	486	
5	0	0	0	0	488	
6	0	0	0	0	490	
7	0	0	0	0	490	
8	0	0	0	0	491	
9	0	0	0	0	489	
10	0	0	0	0	490	
11	0	0	0	0	494	
12	0	0	0	0	496	
13	0	0	0	0	499	
14	0	0	0	0	502	
15	0	0	0	0	502	
0	0	0	0	0	500	
1	0	0	0	0	499	
2	0	0	0	0	499	
3	0	0	0	0	498	
4	0	0	0	0	498	
5	0	0	0	0	499	
6	0	0	0	0	500	
7	0	0	0	0	502	
8	0	0	0	0	504	
9	0	0	0	0	504	
10	0	0	0	0	505	
11	0	0	0	0	507	
12	0	0	0	0	509	
13	0	0	0	0	511	
14	0	0	0	0	512	
15	0	0	0	0	513	
0	0	0	0	0	513	
1	0	0	0	0	513	
2	0	0	0	0	514	
3	0	0	0	0	515	
4	0	0	0	0	515	
5	0	0	0	0	516	
6	0	0	0	0	515	
7	0	0	0	0	514	
8	0	0	0	0	512	
9	0	0	0	0	510	
10	0	0	0	0	510	
11	0	0	0	0	511	
12	0	0	0	0	515	
13	0	0	0	0	517	
14	0	0	0	0	516	
15	0	0	0	0	517	
0	0	0	0	0	519	
1	0	0	0	0	519	
2	0	0	0	0	519	
3	0	0	0	0	521	
4	0	0	0	0	519	
5	0	0	0	0	519	
6	0	0	0	0	521	
7	0	0	0	0	520	
8	0	0	0	0	517	
9	0	0	0	0	515	
10	0	0	0	0	515	
11	0	0	0	0	511	
12	0	0	0	0	510	
13	0	0	0	0	509	
14	0	0	0	0	509	
15	0	0	0	0	510	
0	0	0	0	0	512	
1	0	0	0	0	514	
2	0	0	0	0	513	
3	0	0	0	0	513	
4	0	0	0	0	513	
5	0	0	0	0	514	
6	0	0	0	0	512	
7	0	0	0	0	512	
8	0	0	0	0	511	
9	0	0	0	0	511	
10	0	0	0	0	512	
11	0	0	0	0	512	
12	0	0	0	0	515	
13	0	0	0	0	517	
14	0	0	0	0	517	
15	0	0	0	0	516	
0	0	0	0	0	517	
1	0	0	0	0	517	
2	0	0	0	0	517	
3	0	0	0	0	517	
4	0	0	0	0	516	
5	0	0	0	0	516	
6	0	0	0	0	514	
7	0	0	0	0	511	
8	0	0	0	0	507	
9	0	0	0	0	504	
10	0	0	0	0	501	
11	0	0	0	0	500	
12	0	0	0	0	499	
13	0	0	0	0	500	
14	0	0	0	0	499	
15	0	0	0	0	498	
0	0	0	0	0	499	
1	0	0	0	0	499	
2	0	0	0	0	500	
3	0	0	0	0	501	
4	0	0	0	0	502	
5	0	0	0	0	501	
6	0	0	0	0	501	
7	0	0	0	0	499	
8	0	0	0	0	495	
9	0	0	0	0	493	
10	0	0	0	0	492	
11	0	0	0	0	492	
12	0	0	0	0	491	
13	0	0	0	0	491	
14	0	0	0	0	492	
15	0	0	0	0	494	
0	0	0	0	0	494	
1	0	0	0	0	496	
2	0	0	0	0	496	
3	0	0	0	0	497	
4	0	0	0	0	497	
5	0	0	0	0	498	
6	0	0	0	0	498	
7	0	0	0	0	498	
8	0	0	0	0	498	
9	0	0	0	0	497	
10	0	0	0	0	496	
11	0	0	0	0	497	
12	0	0	0	0	495	
13	0	0	0	0	495	
14	0	0	0	0	496	
15	0	0	0	0	495	
0	0	0	0	0	497	
1	0	0	0	0	500	
2	0	0	0	0	501	
3	0	0	0	0	501	
4	0	0	0	0	502	
5	0	0	0	0	501	
6	0	0	0	0	501	
7	0	0	0	0	501	
8	0	0	0	0	499	
9	0	0	0	0	499	
10	0	0	0	0	499	
11	0	0	0	0	501	
12	0	0	0	0	502	
13	0	0	0	0	502	
14	0	0	0	0	502	
15	0	0	0	0	502	
0	0	0	0	0	501	
1	0	0	0	0	500	
2	0	0	0	0	501	
3	0	0	0	0	503	
4	0	0	0	0	503	
5	0	0	0	0	503	
6	0	0	0	0	502	
7	0	0	0	0	503	
8	0	0	0	0	503	
9	0	0	0	0	504	
10	0	0	0	0	505	
11	0	0	0	0	506	
12	0	0	0	0	507	
13	0	0	0	0	507	
14	0	0	0	0	508	
15	0	0	0	0	508	
0	0	0	0	0	508	
1	0	0	0	0	507	
2	0	0	0	0	506	
3	0	0	0	0	507	
4	0	0	0	0	508	
5	0	0	0	0	510	
6	0	0	0	0	510	
7	0	0	0	0	508	
8	0	0	0	0	506	
9	0	0	0	0	502	
10	0	0	0	0	501	
11	0	0	0	0	499	
12	0	0	0	0	497	
13	0	0	0	0	496	
14	0	0	0	0	495	
15	0	0	0	0	496	
0	0	0	0	0	495	
1	0	0	0	0	494	
2	0	0	0	0	492	
3	0	0	0	0	495	
4	0	0	0	0	498	
5	0	0	0	0	500	
6	0	0	0	0	501	
7	0	0	0	0	502	
8	0	0	0	0	506	
9	0	0	0	0	508	
10	0	0	0	0	509	
11	0	0	0	0	509	
12	0	0	0	0	507	
13	0	0	0	0	506	
14	0	0	0	0	505	
15	0	0	0	0	506	
0	0	0	0	0	507	
1	0	0	0	0	508	
2	0	0	0	0	508	
3	0	0	0	0	508	
4	0	0	0	0	508	
5	0	0	0	0	509	
6	0	0	0	0	508	
7	0	0	0	0	507	
8	0	0	0	0	504	
9	0	0	0	0	502	
10	0	0	0	0	500	
11	0	0	0	0	500	
12	0	0	0	0	499	
13	0	0	0	0	497	
14	0	0	0	0	495	
15	0	0	0	0	493	
0	0	0	0	0	493	
1	0	0	0	0	494	
2	0	0	0	0	494	
3	0	0	0	0	494	
4	0	0	0	0	494	
5	0	0	0	0	495	
6	0	0	0	0	496	
7	0	0	0	0	494	
8	0	0	0	0	492	
9	0	0	0	0	491	
10	0	0	0	0	491	
11	0	0	0	0	489	
12	0	0	0	0	490	
13	0	0	0	0	491	
14	0	0	0	0	492	
15	0	0	0	0	493	
0	0	0	0	0	494	
1	0	0	0	0	493	
2	0	0	0	0	493	
3	0	0	0	0	493	
4	0	0	0	0	494	
5	0	0	0	0	494	
6	0	0	0	0	492	
7	0	0	0	0	492	
8	0	0	0	0	491	
9	0	0	0	0	491	
10	0	0	0	0	489	
11	0	0	0	0	488	
12	0	0	0	0	487	
13	0	0	0	0	486	
14	0	0	0	0	483	
15	0	0	0	0	481	
0	0	0	0	0	480	
1	0	0	0	0	480	
2	0	0	0	0	479	
3	0	0	0	0	479	
4	0	0	0	0	480	
5	0	0	0	0	480	
6	0	0	0	0	481	
7	0	0	0	0	483	
8	0	0	0	0	485	
9	0	0	0	0	487	
10	0	0	0	0	488	
11	0	0	0	0	492	
12	0	0	0	0	493	
13	0	0	0	0	492	
14	0	0	0	0	492	
15	0	0	0	0	491	
0	0	0	0	0	490	
1	0	0	0	0	488	
2	0	0	0	0	488	
3	0	0	0	0	487	
4	0	0	0	0	487	
5	0	0	0	0	487	
6	0	0	0	0	489	
7	0	0	0	0	491	
8	0	0	0	0	492	
9	0	0	0	0	493	
10	0	0	0	0	493	
11	0	0	0	0	493	
12	0	0	0	0	493	
13	0	0	0	0	494	
14	0	0	0	0	494	
15	0	0	0	0	494	
0	0	0	0	0	494	
1	0	0	0	0	495	
2	0	0	0	0	494	
3	0	0	0	0	496	
4	0	0	0	0	497	
5	0	0	0	0	496	
6	0	0	0	0	495	
7	0	0	0	0	492	
8	0	0	0	0	491	
9	0	0	0	0	491	
10	0	0	0	0	493	
11	0	0	0	0	493	
12	0	0	0	0	493	
13	0	0	0	0	494	
14	0	0	0	0	495	
15	0	0	0	0	493	
0	0	0	0	0	492	
1	0	0	0	0	487	
2	0	0	0	0	484	
3	0	0	0	0	483	
4	0	0	0	0	482	
5	0	0	0	0	483	
6	0	0	0	0	483	
7	0	0	0	0	485	
8	0	0	0	0	491	
9	0	0	0	0	495	
10	0	0	0	0	499	
11	0	0	0	0	502	
12	0	0	0	0	505	
13	0	0	0	0	510	
14	0	0	0	0	515	
15	0	0	0	0	521	
0	0	0	0	0	528	
1	0	0	0	0	536	
2	0	0	0	0	543	
3	0	0	0	0	552	
4	0	0	0	0	566	
5	0	0	0	0	580	
6	0	0	0	0	597	
7	0	0	0	0	617	
8	0	0	0	0	638	
9	0	0	0	0	658	
10	0	0	0	0	676	
11	0	0	0	0	696	
12	0	0	0	0	716	
13	0	0	0	0	739	
14	0	0	0	0	760	
15	0	0	0	0	781	
0	0	0	0	0	799	
1	0	0	0	0	816	
2	0	0	0	0	827	
3	0	0	0	0	830	
4	0	0	0	0	825	
5	0	0	0	0	816	
6	0	0	0	0	805	
7	0	0	0	0	788	
8	0	0	0	0	767	
9	0	0	0	0	741	
10	0	0	0	0	716	
11	0	0	0	0	686	
12	0	0	0	0	654	
13	0	0	0	0	622	
14	0	0	0	0	587	
15	0	0	0	0	547	
0	0	0	0	0	508	
1	0	0	0	0	471	
2	0	0	0	0	436	
3	0	0	0	0	409	
4	0	0	0	0	388	
5	0	0	0	0	376	
6	0	0	0	0	372	
7	0	0	0	0	374	
8	0	0	0	0	377	
9	0	0	0	0	384	
10	0	0	0	0	392	
11	0	0	0	0	401	
12	0	0	0	0	411	
13	0	0	0	0	421	
14	0	0	0	0	430	
15	0	0	0	0	435	
0	0	0	0	0	440	
1	0	0	0	0	447	
2	0	0	0	0	452	
3	0	0	0	0	456	
4	0	0	0	0	459	
5	0	0	0	0	460	
6	0	0	0	0	460	
7	0	0	0	0	459	
8	0	0	0	0	458	
9	0	0	0	0	459	
10	0	0	0	0	459	
11	0	0	0	0	459	
12	0	0	0	0	460	
13	0	0	0	0	462	
14	0	0	0	0	463	
15	0	0	0	0	464	
0	0	0	0	0	464	
1	0	0	0	0	464	
2	0	0	0	0	464	
3	0	0	0	0	464	
4	0	0	0	0	464	
5	0	0	0	0	463	
6	0	0	0	0	462	
7	0	0	0	0	461	
8	0	0	0	0	460	
9	0	0	0	0	460	
10	0	0	0	0	460	
11	0	0	0	0	460	
12	0	0	0	0	462	
13	0	0	0	0	463	
14	0	0	0	0	464	
15	0	0	0	0	465	
0	0	0	0	0	467	
1	0	0	0	0	469	
2	0	0	0	0	471	
3	0	0	0	0	473	
4	0	0	0	0	473	
5	0	0	0	0	473	
6	0	0	0	0	471	
7	0	0	0	0	470	
8	0	0	0	0	470	
9	0	0	0	0	471	
10	0	0	0	0	471	
11	0	0	0	0	472	
12	0	0	0	0	473	
13	0	0	0	0	473	
14	0	0	0	0	475	
15	0	0	0	0	475	
0	0	0	0	0	477	
1	0	0	0	0	479	
2	0	0	0	0	480	
3	0	0	0	0	480	
4	0	0	0	0	479	
5	0	0	0	0	480	
6	0	0	0	0	480	
7	0	0	0	0	480	
8	0	0	0	0	481	
9	0	0	0	0	483	
10	0	0	0	0	483	
11	0	0	0	0	484	
12	0	0	0	0	483	
13	0	0	0	0	483	
14	0	0	0	0	484	
15	0	0	0	0	485	
0	0	0	0	0	486	
1	0	0	0	0	486	
2	0	0	0	0	486	
3	0	0	0	0	486	
4	0	0	0	0	486	
5	0	0	0	0	486	
6	0	0	0	0	486	
7	0	0	0	0	487	
8	0	0	0	0	487	
9	0	0	0	0	487	
10	0	0	0	0	487	
11	0	0	0	0	486	
12	0	0	0	0	486	
13	0	0	0	0	487	
14	0	0	0	0	490	
15	0	0	0	0	493	
0	0	0	0	0	495	
1	0	0	0	0	496	
2	0	0	0	0	496	
3	0	0	0	0	497	
4	0	0	0	0	496	
5	0	0	0	0	496	
6	0	0	0	0	495	
7	0	0	0	0	495	
8	0	0	0	0	496	
9	0	0	0	0	496	
10	0	0	0	0	497	
11	0	0	0	0	497	
12	0	0	0	0	497	
13	0	0	0	0	499	
14	0	0	0	0	501	
15	0	0	0	0	502	
0	0	0	0	0	504	
1	0	0	0	0	504	
2	0	0	0	0	504	
3	0	0	0	0	504	
4	0	0	0	0	506	
5	0	0	0	0	508	
6	0	0	0	0	508	
7	0	0	0	0	508	
8	0	0	0	0	509	
9	0	0	0	0	510	
10	0	0	0	0	510	
11	0	0	0	0	509	
12	0	0	0	0	508	
13	0	0	0	0	509	
14	0	0	0	0	510	
15	0	0	0	0	510	
0	0	0	0	0	512	
1	0	0	0	0	512	
2	0	0	0	0	514	
3	0	0	0	0	516	
4	0	0	0	0	518	
5	0	0	0	0	519	
6	0	0	0	0	519	
7	0	0	0	0	519	
8	0	0	0	0	520	
9	0	0	0	0	520	
10	0	0	0	0	519	
11	0	0	0	0	520	
12	0	0	0	0	520	
13	0	0	0	0	520	
14	0	0	0	0	521	
15	0	0	0	0	522	
0	0	0	0	0	523	
1	0	0	0	0	524	
2	0	0	0	0	526	
3	0	0	0	0	527	
4	0	0	0	0	528	
5	0	0	0	0	528	
6	0	0	0	0	529	
7	0	0	0	0	531	
8	0	0	0	0	532	
9	0	0	0	0	533	
10	0	0	0	0	534	
11	0	0	0	0	536	
12	0	0	0	0	536	
13	0	0	0	0	536	
14	0	0	0	0	536	
15	0	0	0	0	536	
0	0	0	0	0	536	
1	0	0	0	0	536	
2	0	0	0	0	537	
3	0	0	0	0	538	
4	0	0	0	0	540	
5	0	0	0	0	542	
6	0	0	0	0	545	
7	0	0	0	0	545	
8	0	0	0	0	544	
9	0	0	0	0	544	
10	0	0	0	0	544	
11	0	0	0	0	545	
12	0	0	0	0	545	
13	0	0	0	0	545	
14	0	0	0	0	546	
15	0	0	0	0	549	
0	0	0	0	0	549	
1	0	0	0	0	551	
2	0	0	0	0	550	
3	0	0	0	0	550	
4	0	0	0	0	550	
5	0	0	0	0	549	
6	0	0	0	0	550	
7	0	0	0	0	549	
8	0	0	0	0	549	
9	0	0	0	0	550	
10	0	0	0	0	550	
11	0	0	0	0	551	
12	0	0	0	0	552	
13	0	0	0	0	553	
14	0	0	0	0	554	
15	0	0	0	0	554	
0	0	0	0	0	556	
1	0	0	0	0	557	
2	0	0	0	0	558	
3	0	0	0	0	560	
4	0	0	0	0	561	
5	0	0	0	0	563	
6	0	0	0	0	564	
7	0	0	0	0	565	
8	0	0	0	0	564	
9	0	0	0	0	563	
10	0	0	0	0	563	
11	0	0	0	0	563	
12	0	0	0	0	562	
13	0	0	0	0	561	
14	0	0	0	0	561	
15	0	0	0	0	561	
0	0	0	0	0	561	
1	0	0	0	0	562	
2	0	0	0	0	563	
3	0	0	0	0	564	
4	0	0	0	0	564	
5	0	0	0	0	564	
6	0	0	0	0	564	
7	0	0	0	0	566	
8	0	0	0	0	566	
9	0	0	0	0	566	
10	0	0	0	0	566	
11	0	0	0	0	565	
12	0	0	0	0	565	
13	0	0	0	0	564	
14	0	0	0	0	563	
15	0	0	0	0	563	
0	0	0	0	0	562	
1	0	0	0	0	561	
2	0	0	0	0	561	
3	0	0	0	0	563	
4	0	0	0	0	564	
5	0	0	0	0	563	
6	0	0	0	0	561	
7	0	0	0	0	558	
8	0	0	0	0	556	
9	0	0	0	0	554	
10	0	0	0	0	553	
11	0	0	0	0	552	
12	0	0	0	0	551	
13	0	0	0	0	549	
14	0	0	0	0	546	
15	0	0	0	0	545	
0	0	0	0	0	544	
1	0	0	0	0	542	
2	0	0	0	0	541	
3	0	0	0	0	540	
4	0	0	0	0	539	
5	0	0	0	0	538	
6	0	0	0	0	536	
7	0	0	0	0	534	
8	0	0	0	0	531	
9	0	0	0	0	529	
10	0	0	0	0	526	
11	0	0	0	0	523	
12	0	0	0	0	522	
13	0	0	0	0	520	
14	0	0	0	0	518	
15	0	0	0	0	516	
0	0	0	0	0	514	
1	0	0	0	0	512	
2	0	0	0	0	510	
3	0	0	0	0	508	
4	0	0	0	0	506	
5	0	0	0	0	504	
6	0	0	0	0	503	
7	0	0	0	0	501	
8	0	0	0	0	498	
9	0	0	0	0	496	
10	0	0	0	0	491	
11	0	0	0	0	486	
12	0	0	0	0	482	
13	0	0	0	0	480	
14	0	0	0	0	478	
15	0	0	0	0	476	
0	0	0	0	0	474	
1	0	0	0	0	472	
2	0	0	0	0	471	
3	0	0	0	0	471	
4	0	0	0	0	472	
5	0	0	0	0	476	
6	0	0	0	0	478	
7	0	0	0	0	481	
8	0	0	0	0	484	
9	0	0	0	0	485	
10	0	0	0	0	486	
11	0	0	0	0	487	
12	0	0	0	0	489	
13	0	0	0	0	491	
14	0	0	0	0	491	
15	0	0	0	0	492	
0	0	0	0	0	492	
1	0	0	0	0	493	
2	0	0	0	0	493	
3	0	0	0	0	494	
4	0	0	0	0	495	
5	0	0	0	0	495	
6	0	0	0	0	495	
7	0	0	0	0	495	
8	0	0	0	0	496	
9	0	0	0	0	495	
10	0	0	0	0	492	
11	0	0	0	0	487	
12	0	0	0	0	483	
13	0	0	0	0	479	
14	0	0	0	0	476	
15	0	0	0	0	473	
0	0	0	0	0	470	
1	0	0	0	0	468	
2	0	0	0	0	465	
3	0	0	0	0	461	
4	0	0	0	0	457	
5	0	0	0	0	456	
6	0	0	0	0	454	
7	0	0	0	0	452	
8	0	0	0	0	452	
9	0	0	0	0	452	
10	0	0	0	0	453	
11	0	0	0	0	453	
12	0	0	0	0	452	
13	0	0	0	0	452	
14	0	0	0	0	451	
15	0	0	0	0	451	
0	0	0	0	0	451	
1	0	0	0	0	450	
2	0	0	0	0	451	
3	0	0	0	0	449	
4	0	0	0	0	450	
5	0	0	0	0	451	
6	0	0	0	0	451	
7	0	0	0	0	450	
8	0	0	0	0	452	
9	0	0	0	0	456	
10	0	0	0	0	458	
11	0	0	0	0	459	
12	0	0	0	0	461	
13	0	0	0	0	460	
14	0	0	0	0	460	
15	0	0	0	0	460	
0	0	0	0	0	460	
1	0	0	0	0	461	
2	0	0	0	0	460	
3	0	0	0	0	460	
4	0	0	0	0	459	
5	0	0	0	0	459	
6	0	0	0	0	459	
7	0	0	0	0	459	
8	0	0	0	0	460	
9	0	0	0	0	462	
10	0	0	0	0	461	
11	0	0	0	0	462	
12	0	0	0	0	463	
13	0	0	0	0	463	
14	0	0	0	0	465	
15	0	0	0	0	467	
0	0	0	0	0	467	
1	0	0	0	0	468	
2	0	0	0	0	468	
3	0	0	0	0	470	
4	0	0	0	0	469	
5	0	0	0	0	470	
6	0	0	0	0	470	
7	0	0	0	0	473	
8	0	0	0	0	475	
9	0	0	0	0	476	
10	0	0	0	0	478	
11	0	0	0	0	478	
12	0	0	0	0	480	
13	0	0	0	0	482	
14	0	0	0	0	483	
15	0	0	0	0	483	
0	0	0	0	0	483	
1	0	0	0	0	482	
2	0	0	0	0	482	
3	0	0	0	0	482	
4	0	0	0	0	484	
5	0	0	0	0	485	
6	0	0	0	0	486	
7	0	0	0	0	487	
8	0	0	0	0	487	
9	0	0	0	0	489	
10	0	0	0	0	489	
11	0	0	0	0	489	
12	0	0	0	0	489	
13	0	0	0	0	490	
14	0	0	0	0	491	
15	0	0	0	0	492	
0	0	0	0	0	493	
1	0	0	0	0	493	
2	0	0	0	0	493	
3	0	0	0	0	495	
4	0	0	0	0	495	
5	0	0	0	0	496	
6	0	0	0	0	497	
7	0	0	0	0	496	
8	0	0	0	0	497	
9	0	0	0	0	497	
10	0	0	0	0	497	
11	0	0	0	0	497	
12	0	0	0	0	498	
13	0	0	0	0	499	
14	0	0	0	0	499	
15	0	0	0	0	501	
0	0	0	0	0	503	
1	0	0	0	0	502	
2	0	0	0	0	502	
3	0	0	0	0	501	
4	0	0	0	0	502	
5	0	0	0	0	503	
6	0	0	0	0	502	
7	0	0	0	0	502	
8	0	0	0	0	500	
9	0	0	0	0	500	
10	0	0	0	0	501	
11	0	0	0	0	501	
12	0	0	0	0	501	
13	0	0	0	0	500	
14	0	0	0	0	500	
15	0	0	0	0	502	
0	0	0	0	0	501	
1	0	0	0	0	500	
2	0	0	0	0	498	
3	0	0	0	0	497	
4	0	0	0	0	496	
5	0	0	0	0	496	
6	0	0	0	0	497	
7	0	0	0	0	497	
8	0	0	0	0	497	
9	0	0	0	0	498	
10	0	0	0	0	498	
11	0	0	0	0	499	
12	0	0	0	0	500	
13	0	0	0	0	501	
14	0	0	0	0	503	
15	0	0	0	0	504	
0	0	0	0	0	506	
1	0	0	0	0	508	
2	0	0	0	0	509	
3	0	0	0	0	508	
4	0	0	0	0	506	
5	0	0	0	0	506	
6	0	0	0	0	506	
7	0	0	0	0	506	
8	0	0	0	0	507	
9	0	0	0	0	506	
10	0	0	0	0	505	
11	0	0	0	0	505	
12	0	0	0	0	505	
13	0	0	0	0	505	
14	0	0	0	0	504	
15	0	0	0	0	505	
0	0	0	0	0	505	
1	0	0	0	0	506	
2	0	0	0	0	507	
3	0	0	0	0	507	
4	0	0	0	0	508	
5	0	0	0	0	509	
6	0	0	0	0	511	
7	0	0	0	0	512	
8	0	0	0	0	511	
9	0	0	0	0	511	
10	0	0	0	0	511	
11	0	0	0	0	511	
12	0	0	0	0	510	
13	0	0	0	0	509	
14	0	0	0	0	510	
15	0	0	0	0	509	
0	0	0	0	0	508	
1	0	0	0	0	507	
2	0	0	0	0	508	
3	0	0	0	0	509	
4	0	0	0	0	509	
5	0	0	0	0	510	
6	0	0	0	0	510	
7	0	0	0	0	509	
8	0	0	0	0	508	
9	0	0	0	0	507	
10	0	0	0	0	507	
11	0	0	0	0	507	
12	0	0	0	0	507	
13	0	0	0	0	508	
14	0	0	0	0	508	
15	0	0	0	0	510	
0	0	0	0	0	510	
1	0	0	0	0	511	
2	0	0	0	0	511	
3	0	0	0	0	511	
4	0	0	0	0	511	
5	0	0	0	0	512	
6	0	0	0	0	512	
7	0	0	0	0	511	
8	0	0	0	0	511	
9	0	0	0	0	511	
10	0	0	0	0	510	
11	0	0	0	0	509	
12	0	0	0	0	509	
13	0	0	0	0	509	
14	0	0	0	0	510	
15	0	0	0	0	510	
0	0	0	0	0	510	
1	0	0	0	0	510	
2	0	0	0	0	510	
3	0	0	0	0	509	
4	0	0	0	0	508	
5	0	0	0	0	507	
6	0	0	0	0	504	
7	0	0	0	0	504	
8	0	0	0	0	504	
9	0	0	0	0	505	
10	0	0	0	0	504	
11	0	0	0	0	504	
12	0	0	0	0	506	
13	0	0	0	0	507	
14	0	0	0	0	508	
15	0	0	0	0	507	
0	0	0	0	0	508	
1	0	0	0	0	510	
2	0	0	0	0	512	
3	0	0	0	0	512	
4	0	0	0	0	511	
5	0	0	0	0	513	
6	0	0	0	0	514	
7	0	0	0	0	515	
8	0	0	0	0	515	
9	0	0	0	0	515	
10	0	0	0	0	514	
11	0	0	0	0	513	
12	0	0	0	0	512	
13	0	0	0	0	511	
14	0	0	0	0	510	
15	0	0	0	0	509	
0	0	0	0	0	509	
1	0	0	0	0	510	
2	0	0	0	0	510	
3	0	0	0	0	509	
4	0	0	0	0	509	
5	0	0	0	0	510	
6	0	0	0	0	510	
7	0	0	0	0	510	
8	0	0	0	0	511	
9	0	0	0	0	513	
10	0	0	0	0	515	
11	0	0	0	0	516	
12	0	0	0	0	518	
13	0	0	0	0	518	
14	0	0	0	0	519	
15	0	0	0	0	520	
0	0	0	0	0	523	
1	0	0	0	0	525	
2	0	0	0	0	527	
3	0	0	0	0	529	
4	0	0	0	0	531	
5	0	0	0	0	533	
6	0	0	0	0	535	
7	0	0	0	0	537	
8	0	0	0	0	540	
9	0	0	0	0	542	
10	0	0	0	0	542	
11	0	0	0	0	543	
12	0	0	0	0	542	
13	0	0	0	0	542	
14	0	0	0	0	541	
15	0	0	0	0	539	
0	0	0	0	0	536	
1	0	0	0	0	535	
2	0	0	0	0	534	
3	0	0	0	0	532	
4	0	0	0	0	529	
5	0	0	0	0	527	
6	0	0	0	0	522	
7	0	0	0	0	519	
8	0	0	0	0	517	
9	0	0	0	0	515	
10	0	0	0	0	515	
11	0	0	0	0	515	
12	0	0	0	0	517	
13	0	0	0	0	519	
14	0	0	0	0	522	
15	0	0	0	0	526	
0	0	0	0	0	528	
1	0	0	0	0	528	
2	0	0	0	0	529	
3	0	0	0	0	530	
4	0	0	0	0	531	
5	0	0	0	0	532	
6	0	0	0	0	534	
7	0	0	0	0	535	
8	0	0	0	0	536	
9	0	0	0	0	536	
10	0	0	0	0	536	
11	0	0	0	0	535	
12	0	0	0	0	533	
13	0	0	0	0	532	
14	0	0	0	0	530	
15	0	0	0	0	528	
0	0	0	0	0	527	
1	0	0	0	0	526	
2	0	0	0	0	524	
3	0	0	0	0	524	
4	0	0	0	0	522	
5	0	0	0	0	519	
6	0	0	0	0	516	
7	0	0	0	0	515	
8	0	0	0	0	513	
9	0	0	0	0	510	
10	0	0	0	0	509	
11	0	0	0	0	507	
12	0	0	0	0	507	
13	0	0	0	0	508	
14	0	0	0	0	508	
15	0	0	0	0	508	
0	0	0	0	0	508	
1	0	0	0	0	510	
2	0	0	0	0	512	
3	0	0	0	0	512	
4	0	0	0	0	513	
5	0	0	0	0	513	
6	0	0	0	0	514	
7	0	0	0	0	516	
8	0	0	0	0	516	
9	0	0	0	0	516	
10	0	0	0	0	516	
11	0	0	0	0	515	
12	0	0	0	0	514	
13	0	0	0	0	512	
14	0	0	0	0	513	
15	0	0	0	0	512	
0	0	0	0	0	512	
1	0	0	0	0	512	
2	0	0	0	0	511	
3	0	0	0	0	508	
4	0	0	0	0	507	
5	0	0	0	0	506	
6	0	0	0	0	505	
7	0	0	0	0	505	
8	0	0	0	0	505	
9	0	0	0	0	504	
10	0	0	0	0	503	
11	0	0	0	0	502	
12	0	0	0	0	501	
13	0	0	0	0	501	
14	0	0	0	0	499	
15	0	0	0	0	499	
0	0	0	0	0	500	
1	0	0	0	0	500	
2	0	0	0	0	502	
3	0	0	0	0	502	
4	0	0	0	0	502	
5	0	0	0	0	503	
6	0	0	0	0	504	
7	0	0	0	0	504	
8	0	0	0	0	504	
9	0	0	0	0	505	
10	0	0	0	0	505	
11	0	0	0	0	504	
12	0	0	0	0	503	
13	0	0	0	0	502	
14	0	0	0	0	502	
15	0	0	0	0	503	
0	0	0	0	0	503	
1	0	0	0	0	503	
2	0	0	0	0	503	
3	0	0	0	0	504	
4	0	0	0	0	504	
5	0	0	0	0	506	
6	0	0	0	0	507	
7	0	0	0	0	508	
8	0	0	0	0	508	
9	0	0	0	0	509	
10	0	0	0	0	509	
11	0	0	0	0	510	
12	0	0	0	0	511	
13	0	0	0	0	511	
14	0	0	0	0	511	
15	0	0	0	0	512	
0	0	0	0	0	512	
1	0	0	0	0	513	
2	0	0	0	0	513	
3	0	0	0	0	513	
4	0	0	0	0	512	
5	0	0	0	0	511	
6	0	0	0	0	510	
7	0	0	0	0	508	
8	0	0	0	0	505	
9	0	0	0	0	503	
10	0	0	0	0	503	
11	0	0	0	0	503	
12	0	0	0	0	504	
13	0	0	0	0	507	
14	0	0	0	0	510	
15	0	0	0	0	514	
0	0	0	0	0	520	
1	0	0	0	0	527	
2	0	0	0	0	532	
3	0	0	0	0	538	
4	0	0	0	0	546	
5	0	0	0	0	554	
6	0	0	0	0	562	
7	0	0	0	0	571	
8	0	0	0	0	581	
9	0	0	0	0	597	
10	0	0	0	0	614	
11	0	0	0	0	633	
12	0	0	0	0	650	
13	0	0	0	0	670	
14	0	0	0	0	690	
15	0	0	0	0	711	
0	0	0	0	0	732	
1	0	0	0	0	752	
2	0	0	0	0	773	
3	0	0	0	0	798	
4	0	0	0	0	824	
5	0	0	0	0	852	
6	0	0	0	0	877	
7	0	0	0	0	898	
8	0	0	0	0	915	
9	0	0	0	0	925	
10	0	0	0	0	927	
11	0	0	0	0	929	
12	0	0	0	0	921	
13	0	0	0	0	911	
14	0	0	0	0	891	
15	0	0	0	0	863	
0	0	0	0	0	830	
1	0	0	0	0	790	
2	0	0	0	0	748	
3	0	0	0	0	704	
4	0	0	0	0	659	
5	0	0	0	0	617	
6	0	0	0	0	573	
7	0	0	0	0	528	
8	0	0	0	0	485	
9	0	0	0	0	448	
10	0	0	0	0	418	
11	0	0	0	0	396	
12	0	0	0	0	384	
13	0	0	0	0	380	
14	0	0	0	0	383	
15	0	0	0	0	390	
0	0	0	0	0	395	
1	0	0	0	0	401	
2	0	0	0	0	405	
3	0	0	0	0	410	
4	0	0	0	0	414	
5	0	0	0	0	417	
6	0	0	0	0	423	
7	0	0	0	0	428	
8	0	0	0	0	433	
9	0	0	0	0	439	
10	0	0	0	0	443	
11	0	0	0	0	447	
12	0	0	0	0	450	
13	0	0	0	0	455	
14	0	0	0	0	457	
15	0	0	0	0	459	
0	0	0	0	0	460	
1	0	0	0	0	462	
2	0	0	0	0	461	
3	0	0	0	0	460	
4	0	0	0	0	459	
5	0	0	0	0	460	
6	0	0	0	0	459	
7	0	0	0	0	458	
8	0	0	0	0	457	
9	0	0	0	0	457	
10	0	0	0	0	457	
11	0	0	0	0	458	
12	0	0	0	0	459	
13	0	0	0	0	460	
14	0	0	0	0	460	
15	0	0	0	0	460	
0	0	0	0	0	459	
1	0	0	0	0	458	
2	0	0	0	0	457	
3	0	0	0	0	457	
4	0	0	0	0	459	
5	0	0	0	0	460	
6	0	0	0	0	461	
7	0	0	0	0	463	
8	0	0	0	0	465	
9	0	0	0	0	466	
10	0	0	0	0	466	
11	0	0	0	0	467	
12	0	0	0	0	466	
13	0	0	0	0	466	
14	0	0	0	0	467	
15	0	0	0	0	468	
0	0	0	0	0	467	
1	0	0	0	0	468	
2	0	0	0	0	468	
3	0	0	0	0	467	
4	0	0	0	0	467	
5	0	0	0	0	468	
6	0	0	0	0	468	
7	0	0	0	0	469	
8	0	0	0	0	472	
9	0	0	0	0	471	
10	0	0	0	0	472	
11	0	0	0	0	473	
12	0	0	0	0	474	
13	0	0	0	0	475	
14	0	0	0	0	476	
15	0	0	0	0	477	
0	0	0	0	0	479	
1	0	0	0	0	480	
2	0	0	0	0	481	
3	0	0	0	0	483	
4	0	0	0	0	483	
5	0	0	0	0	485	
6	0	0	0	0	485	
7	0	0	0	0	485	
8	0	0	0	0	484	
9	0	0	0	0	484	
10	0	0	0	0	486	
11	0	0	0	0	487	
12	0	0	0	0	489	
13	0	0	0	0	492	
14	0	0	0	0	494	
15	0	0	0	0	494	
0	0	0	0	0	495	
1	0	0	0	0	495	
2	0	0	0	0	495	
3	0	0	0	0	496	
4	0	0	0	0	497	
5	0	0	0	0	496	
6	0	0	0	0	496	
7	0	0	0	0	497	
8	0	0	0	0	496	
9	0	0	0	0	497	
10	0	0	0	0	498	
11	0	0	0	0	497	
12	0	0	0	0	497	
13	0	0	0	0	499	
14	0	0	0	0	502	
15	0	0	0	0	504	
0	0	0	0	0	505	
1	0	0	0	0	504	
2	0	0	0	0	504	
3	0	0	0	0	505	
4	0	0	0	0	504	
5	0	0	0	0	502	
6	0	0	0	0	502	
7	0	0	0	0	503	
8	0	0	0	0	504	
9	0	0	0	0	504	
10	0	0	0	0	504	
11	0	0	0	0	504	
12	0	0	0	0	505	
13	0	0	0	0	506	
14	0	0	0	0	508	
15	0	0	0	0	511	
0	0	0	0	0	512	
1	0	0	0	0	513	
2	0	0	0	0	514	
3	0	0	0	0	514	
4	0	0	0	0	515	
5	0	0	0	0	516	
6	0	0	0	0	518	
7	0	0	0	0	519	
8	0	0	0	0	519	
9	0	0	0	0	519	
10	0	0	0	0	520	
11	0	0	0	0	520	
12	0	0	0	0	521	
13	0	0	0	0	522	
14	0	0	0	0	524	
15	0	0	0	0	524	
0	0	0	0	0	526	
1	0	0	0	0	527	
2	0	0	0	0	529	
3	0	0	0	0	530	
4	0	0	0	0	529	
5	0	0	0	0	531	
6	0	0	0	0	532	
7	0	0	0	0	532	
8	0	0	0	0	532	
9	0	0	0	0	531	
10	0	0	0	0	531	
11	0	0	0	0	533	
12	0	0	0	0	533	
13	0	0	0	0	534	
14	0	0	0	0	536	
15	0	0	0	0	538	
0	0	0	0	0	539	
1	0	0	0	0	539	
2	0	0	0	0	539	
3	0	0	0	0	539	
4	0	0	0	0	539	
5	0	0	0	0	539	
6	0	0	0	0	539	
7	0	0	0	0	541	
8	0	0	0	0	543	
9	0	0	0	0	543	
10	0	0	0	0	544	
11	0	0	0	0	544	
12	0	0	0	0	545	
13	0	0	0	0	546	
14	0	0	0	0	547	
15	0	0	0	0	549	
0	0	0	0	0	549	
1	0	0	0	0	549	
2	0	0	0	0	550	
3	0	0	0	0	550	
4	0	0	0	0	551	
5	0	0	0	0	553	
6	0	0	0	0	555	
7	0	0	0	0	555	
8	0	0	0	0	556	
9	0	0	0	0	556	
10	0	0	0	0	557	
11	0	0	0	0	559	
12	0	0	0	0	559	
13	0	0	0	0	560	
14	0	0	0	0	561	
15	0	0	0	0	561	
0	0	0	0	0	563	
1	0	0	0	0	562	
2	0	0	0	0	561	
3	0	0	0	0	561	
4	0	0	0	0	562	
5	0	0	0	0	563	
6	0	0	0	0	563	
7	0	0	0	0	563	
8	0	0	0	0	563	
9	0	0	0	0	563	
10	0	0	0	0	563	
11	0	0	0	0	563	
12	0	0	0	0	564	
13	0	0	0	0	566	
14	0	0	0	0	567	
15	0	0	0	0	567	
0	0	0	0	0	568	
1	0	0	0	0	571	
2	0	0	0	0	573	
3	0	0	0	0	572	
4	0	0	0	0	572	
5	0	0	0	0	572	
6	0	0	0	0	572	
7	0	0	0	0	574	
8	0	0	0	0	574	
9	0	0	0	0	574	
10	0	0	0	0	572	
11	0	0	0	0	569	
12	0	0	0	0	569	
13	0	0	0	0	569	
14	0	0	0	0	568	
15	0	0	0	0	569	
0	0	0	0	0	570	
1	0	0	0	0	572	
2	0	0	0	0	572	
3	0	0	0	0	573	
4	0	0	0	0	573	
5	0	0	0	0	575	
6	0	0	0	0	575	
7	0	0	0	0	573	
8	0	0	0	0	572	
9	0	0	0	0	571	
10	0	0	0	0	571	
11	0	0	0	0	572	
12	0	0	0	0	572	
13	0	0	0	0	572	
14	0	0	0	0	570	
15	0	0	0	0	569	
0	0	0	0	0	567	
1	0	0	0	0	566	
2	0	0	0	0	565	
3	0	0	0	0	563	
4	0	0	0	0	560	
5	0	0	0	0	559	
6	0	0	0	0	556	
7	0	0	0	0	553	
8	0	0	0	0	550	
9	0	0	0	0	547	
10	0	0	0	0	545	
11	0	0	0	0	543	
12	0	0	0	0	541	
13	0	0	0	0	539	
14	0	0	0	0	536	
15	0	0	0	0	534	
0	0	0	0	0	530	
1	0	0	0	0	527	
2	0	0	0	0	524	
3	0	0	0	0	522	
4	0	0	0	0	520	
5	0	0	0	0	518	
6	0	0	0	0	515	
7	0	0	0	0	512	
8	0	0	0	0	510	
9	0	0	0	0	507	
10	0	0	0	0	503	
11	0	0	0	0	499	
12	0	0	0	0	495	
13	0	0	0	0	489	
14	0	0	0	0	485	
15	0	0	0	0	481	
0	0	0	0	0	480	
1	0	0	0	0	477	
2	0	0	0	0	474	
3	0	0	0	0	472	
4	0	0	0	0	469	
5	0	0	0	0	467	
6	0	0	0	0	465	
7	0	0	0	0	464	
8	0	0	0	0	463	
9	0	0	0	0	460	
10	0	0	0	0	459	
11	0	0	0	0	457	
12	0	0	0	0	454	
13	0	0	0	0	452	
14	0	0	0	0	450	
15	0	0	0	0	448	
0	0	0	0	0	445	
1	0	0	0	0	443	
2	0	0	0	0	442	
3	0	0	0	0	441	
4	0	0	0	0	441	
5	0	0	0	0	440	
6	0	0	0	0	440	
7	0	0	0	0	441	
8	0	0	0	0	440	
9	0	0	0	0	440	
10	0	0	0	0	440	
11	0	0	0	0	439	
12	0	0	0	0	438	
13	0	0	0	0	438	
14	0	0	0	0	437	
15	0	0	0	0	436	
0	0	0	0	0	435	
1	0	0	0	0	435	
2	0	0	0	0	435	
3	0	0	0	0	436	
4	0	0	0	0	438	
5	0	0	0	0	438	
6	0	0	0	0	440	
7	0	0	0	0	440	
8	0	0	0	0	441	
9	0	0	0	0	440	
10	0	0	0	0	440	
11	0	0	0	0	440	
12	0	0	0	0	440	
13	0	0	0	0	439	
14	0	0	0	0	439	
15	0	0	0	0	439	
0	0	0	0	0	438	
1	0	0	0	0	439	
2	0	0	0	0	440	
3	0	0	0	0	440	
4	0	0	0	0	440	
5	0	0	0	0	441	
6	0	0	0	0	443	
7	0	0	0	0	444	
8	0	0	0	0	445	
9	0	0	0	0	446	
10	0	0	0	0	447	
11	0	0	0	0	447	
12	0	0	0	0	448	
13	0	0	0	0	448	
14	0	0	0	0	450	
15	0	0	0	0	451	
0	0	0	0	0	450	
1	0	0	0	0	450	
2	0	0	0	0	451	
3	0	0	0	0	451	
4	0	0	0	0	453	
5	0	0	0	0	455	
6	0	0	0	0	457	
7	0	0	0	0	459	
8	0	0	0	0	461	
9	0	0	0	0	464	
10	0	0	0	0	464	
11	0	0	0	0	464	
12	0	0	0	0	464	
13	0	0	0	0	465	
14	0	0	0	0	466	
15	0	0	0	0	466	
0	0	0	0	0	466	
1	0	0	0	0	466	
2	0	0	0	0	467	
3	0	0	0	0	468	
4	0	0	0	0	467	
5	0	0	0	0	469	
6	0	0	0	0	470	
7	0	0	0	0	472	
8	0	0	0	0	473	
9	0	0	0	0	473	
10	0	0	0	0	472	
11	0	0	0	0	472	
12	0	0	0	0	473	
13	0	0	0	0	473	
14	0	0	0	0	473	
15	0	0	0	0	472	
0	0	0	0	0	472	
1	0	0	0	0	472	
2	0	0	0	0	473	
3	0	0	0	0	472	
4	0	0	0	0	473	
5	0	0	0	0	475	
6	0	0	0	0	476	
7	0	0	0	0	479	
8	0	0	0	0	478	
9	0	0	0	0	480	
10	0	0	0	0	480	
11	0	0	0	0	482	
12	0	0	0	0	483	
13	0	0	0	0	484	
14	0	0	0	0	485	
15	0	0	0	0	484	
0	0	0	0	0	484	
1	0	0	0	0	485	
2	0	0	0	0	485	
3	0	0	0	0	486	
4	0	0	0	0	485	
5	0	0	0	0	484	
6	0	0	0	0	485	
7	0	0	0	0	485	
8	0	0	0	0	486	
9	0	0	0	0	487	
10	0	0	0	0	489	
11	0	0	0	0	492	
12	0	0	0	0	493	
13	0	0	0	0	494	
14	0	0	0	0	494	
15	0	0	0	0	493	
0	0	0	0	0	493	
1	0	0	0	0	493	
2	0	0	0	0	492	
3	0	0	0	0	492	
4	0	0	0	0	492	
5	0	0	0	0	493	
6	0	0	0	0	494	
7	0	0	0	0	494	
8	0	0	0	0	495	
9	0	0	0	0	496	
10	0	0	0	0	496	
11	0	0	0	0	496	
12	0	0	0	0	497	
13	0	0	0	0	498	
14	0	0	0	0	499	
15	0	0	0	0	498	
0	0	0	0	0	497	
1	0	0	0	0	497	
2	0	0	0	0	496	
3	0	0	0	0	496	
4	0	0	0	0	495	
5	0	0	0	0	495	
6	0	0	0	0	496	
7	0	0	0	0	496	
8	0	0	0	0	497	
9	0	0	0	0	499	
10	0	0	0	0	499	
11	0	0	0	0	500	
12	0	0	0	0	500	
13	0	0	0	0	502	
14	0	0	0	0	500	
15	0	0	0	0	501	
0	0	0	0	0	502	
1	0	0	0	0	501	
2	0	0	0	0	502	
3	0	0	0	0	502	
4	0	0	0	0	502	
5	0	0	0	0	502	
6	0	0	0	0	502	
7	0	0	0	0	502	
8	0	0	0	0	503	
9	0	0	0	0	504	
10	0	0	0	0	504	
11	0	0	0	0	503	
12	0	0	0	0	503	
13	0	0	0	0	505	
14	0	0	0	0	506	
15	0	0	0	0	505	
0	0	0	0	0	504	
1	0	0	0	0	505	
2	0	0	0	0	505	
3	0	0	0	0	504	
4	0	0	0	0	504	
5	0	0	0	0	504	
6	0	0	0	0	504	
7	0	0	0	0	504	
8	0	0	0	0	504	
9	0	0	0	0	503	
10	0	0	0	0	502	
11	0	0	0	0	502	
12	0	0	0	0	502	
13	0	0	0	0	504	
14	0	0	0	0	505	
15	0	0	0	0	506	
0	0	0	0	0	508	
1	0	0	0	0	508	
2	0	0	0	0	508	
3	0	0	0	0	508	
4	0	0	0	0	508	
5	0	0	0	0	508	
6	0	0	0	0	510	
7	0	0	0	0	510	
8	0	0	0	0	509	
9	0	0	0	0	509	
10	0	0	0	0	509	
11	0	0	0	0	509	
12	0	0	0	0	509	
13	0	0	0	0	510	
14	0	0	0	0	510	
15	0	0	0	0	511	
0	0	0	0	0	512	
1	0	0	0	0	512	
2	0	0	0	0	510	
3	0	0	0	0	510	
4	0	0	0	0	510	
5	0	0	0	0	510	
6	0	0	0	0	508	
7	0	0	0	0	507	
8	0	0	0	0	509	
9	0	0	0	0	511	
10	0	0	0	0	511	
11	0	0	0	0	510	
12	0	0	0	0	512	
13	0	0	0	0	512	
14	0	0	0	0	512	
15	0	0	0	0	511	
0	0	0	0	0	510	
1	0	0	0	0	509	
2	0	0	0	0	506	
3	0	0	0	0	505	
4	0	0	0	0	503	
5	0	0	0	0	501	
6	0	0	0	0	501	
7	0	0	0	0	501	
8	0	0	0	0	502	
9	0	0	0	0	503	
10	0	0	0	0	503	
11	0	0	0	0	503	
12	0	0	0	0	503	
13	0	0	0	0	503	
14	0	0	0	0	504	
15	0	0	0	0	504	
0	0	0	0	0	504	
1	0	0	0	0	504	
2	0	0	0	0	503	
3	0	0	0	0	503	
4	0	0	0	0	502	
5	0	0	0	0	502	
6	0	0	0	0	501	
7	0	0	0	0	501	
8	0	0	0	0	502	
9	0	0	0	0	502	
10	0	0	0	0	504	
11	0	0	0	0	503	
12	0	0	0	0	501	
13	0	0	0	0	501	
14	0	0	0	0	501	
15	0	0	0	0	501	
0	0	0	0	0	500	
1	0	0	0	0	500	
2	0	0	0	0	501	
3	0	0	0	0	501	
4	0	0	0	0	502	
5	0	0	0	0	501	
6	0	0	0	0	500	
7	0	0	0	0	502	
8	0	0	0	0	502	
9	0	0	0	0	502	
10	0	0	0	0	503	
11	0	0	0	0	504	
12	0	0	0	0	505	
13	0	0	0	0	505	
14	0	0	0	0	505	
15	0	0	0	0	505	
0	0	0	0	0	506	
1	0	0	0	0	507	
2	0	0	0	0	508	
3	0	0	0	0	510	
4	0	0	0	0	511	
5	0	0	0	0	511	
6	0	0	0	0	511	
7	0	0	0	0	508	
8	0	0	0	0	508	
9	0	0	0	0	508	
10	0	0	0	0	509	
11	0	0	0	0	510	
12	0	0	0	0	511	
13	0	0	0	0	511	
14	0	0	0	0	512	
15	0	0	0	0	513	
0	0	0	0	0	514	
1	0	0	0	0	513	
2	0	0	0	0	513	
3	0	0	0	0	514	
4	0	0	0	0	517	
5	0	0	0	0	518	
6	0	0	0	0	520	
7	0	0	0	0	522	
8	0	0	0	0	525	
9	0	0	0	0	528	
10	0	0	0	0	530	
11	0	0	0	0	533	
12	0	0	0	0	535	
13	0	0	0	0	537	
14	0	0	0	0	536	
15	0	0	0	0	536	
0	0	0	0	0	535	
1	0	0	0	0	536	
2	0	0	0	0	535	
3	0	0	0	0	535	
4	0	0	0	0	531	
5	0	0	0	0	527	
6	0	0	0	0	526	
7	0	0	0	0	524	
8	0	0	0	0	521	
9	0	0	0	0	519	
10	0	0	0	0	514	
11	0	0	0	0	511	
12	0	0	0	0	509	
13	0	0	0	0	509	
14	0	0	0	0	511	
15	0	0	0	0	513	
0	0	0	0	0	516	
1	0	0	0	0	519	
2	0	0	0	0	521	
3	0	0	0	0	525	
4	0	0	0	0	527	
5	0	0	0	0	527	
6	0	0	0	0	528	
7	0	0	0	0	529	
8	0	0	0	0	528	
9	0	0	0	0	528	
10	0	0	0	0	529	
11	0	0	0	0	529	
12	0	0	0	0	529	
13	0	0	0	0	530	
14	0	0	0	0	528	
15	0	0	0	0	527	
0	0	0	0	0	527	
1	0	0	0	0	526	
2	0	0	0	0	526	
3	0	0	0	0	524	
4	0	0	0	0	523	
5	0	0	0	0	521	
6	0	0	0	0	521	
7	0	0	0	0	521	
8	0	0	0	0	518	
9	0	0	0	0	514	
10	0	0	0	0	511	
11	0	0	0	0	511	
12	0	0	0	0	509	
13	0	0	0	0	507	
14	0	0	0	0	508	
15	0	0	0	0	507	
0	0	0	0	0	508	
1	0	0	0	0	508	
2	0	0	0	0	508	
3	0	0	0	0	510	
4	0	0	0	0	511	
5	0	0	0	0	513	
6	0	0	0	0	514	
7	0	0	0	0	515	
8	0	0	0	0	515	
9	0	0	0	0	515	
10	0	0	0	0	515	
11	0	0	0	0	514	
12	0	0	0	0	512	
13	0	0	0	0	511	
14	0	0	0	0	511	
15	0	0	0	0	511	
0	0	0	0	0	512	
1	0	0	0	0	513	
2	0	0	0	0	513	
3	0	0	0	0	512	
4	0	0	0	0	513	
5	0	0	0	0	512	
6	0	0	0	0	512	
7	0	0	0	0	512	
8	0	0	0	0	510	
9	0	0	0	0	508	
10	0	0	0	0	505	
11	0	0	0	0	503	
12	0	0	0	0	502	
13	0	0	0	0	501	
14	0	0	0	0	500	
15	0	0	0	0	499	
0	0	0	0	0	501	
1	0	0	0	0	502	
2	0	0	0	0	502	
3	0	0	0	0	504	
4	0	0	0	0	505	
5	0	0	0	0	505	
6	0	0	0	0	506	
7	0	0	0	0	507	
8	0	0	0	0	507	
9	0	0	0	0	508	
10	0	0	0	0	508	
11	0	0	0	0	508	
12	0	0	0	0	507	
13	0	0	0	0	508	
14	0	0	0	0	509	
15	0	0	0	0	509	
0	0	0	0	0	509	
1	0	0	0	0	509	
2	0	0	0	0	509	
3	0	0	0	0	509	
4	0	0	0	0	510	
5	0	0	0	0	510	
6	0	0	0	0	510	
7	0	0	0	0	510	
8	0	0	0	0	510	
9	0	0	0	0	510	
10	0	0	0	0	509	
11	0	0	0	0	510	
12	0	0	0	0	511	
13	0	0	0	0	512	
14	0	0	0	0	511	
15	0	0	0	0	510	
0	0	0	0	0	509	
1	0	0	0	0	510	
2	0	0	0	0	510	
3	0	0	0	0	510	
4	0	0	0	0	511	
5	0	0	0	0	512	
6	0	0	0	0	511	
7	0	0	0	0	510	
8	0	0	0	0	509	
9	0	0	0	0	508	
10	0	0	0	0	506	
11	0	0	0	0	504	
12	0	0	0	0	503	
13	0	0	0	0	502	
14	0	0	0	0	503	
15	0	0	0	0	502	
0	0	0	0	0	503	
1	0	0	0	0	504	
2	0	0	0	0	506	
3	0	0	0	0	511	
4	0	0	0	0	518	
5	0	0	0	0	526	
6	0	0	0	0	532	
7	0	0	0	0	540	
8	0	0	0	0	547	
9	0	0	0	0	554	
10	0	0	0	0	561	
11	0	0	0	0	569	
12	0	0	0	0	579	
13	0	0	0	0	591	
14	0	0	0	0	605	
15	0	0	0	0	621	
0	0	0	0	0	639	
1	0	0	0	0	659	
2	0	0	0	0	680	
3	0	0	0	0	704	
4	0	0	0	0	728	
5	0	0	0	0	750	
6	0	0	0	0	773	
7	0	0	0	0	798	
8	0	0	0	0	825	
9	0	0	0	0	853	
10	0	0	0	0	879	
11	0	0	0	0	902	
12	0	0	0	0	919	
13	0	0	0	0	929	
14	0	0	0	0	934	
15	0	0	0	0	933	
0	0	0	0	0	929	
1	0	0	0	0	920	
2	0	0	0	0	902	
3	0	0	0	0	876	
4	0	0	0	0	842	
5	0	0	0	0	803	
6	0	0	0	0	760	
7	0	0	0	0	716	
8	0	0	0	0	671	
9	0	0	0	0	627	
10	0	0	0	0	583	
11	0	0	0	0	541	
12	0	0	0	0	498	
13	0	0	0	0	458	
14	0	0	0	0	426	
15	0	0	0	0	403	
0	0	0	0	0	390	
1	0	0	0	0	385	
2	0	0	0	0	388	
3	0	0	0	0	395	
4	0	0	0	0	401	
5	0	0	0	0	408	
6	0	0	0	0	414	
7	0	0	0	0	420	
8	0	0	0	0	425	
9	0	0	0	0	429	
10	0	0	0	0	435	
11	0	0	0	0	441	
12	0	0	0	0	447	
13	0	0	0	0	451	
14	0	0	0	0	455	
15	0	0	0	0	459	
0	0	0	0	0	460	
1	0	0	0	0	462	
2	0	0	0	0	464	
3	0	0	0	0	466	
4	0	0	0	0	465	
5	0	0	0	0	464	
6	0	0	0	0	464	
7	0	0	0	0	463	
8	0	0	0	0	463	
9	0	0	0	0	460	
10	0	0	0	0	459	
11	0	0	0	0	459	
12	0	0	0	0	459	
13	0	0	0	0	459	
14	0	0	0	0	459	
15	0	0	0	0	457	
0	0	0	0	0	459	
1	0	0	0	0	461	
2	0	0	0	0	460	
3	0	0	0	0	460	
4	0	0	0	0	459	
5	0	0	0	0	460	
6	0	0	0	0	462	
7	0	0	0	0	463	
8	0	0	0	0	464	
9	0	0	0	0	467	
10	0	0	0	0	467	
11	0	0	0	0	468	
12	0	0	0	0	469	
13	0	0	0	0	469	
14	0	0	0	0	469	
15	0	0	0	0	469	
0	0	0	0	0	470	
1	0	0	0	0	469	
2	0	0	0	0	468	
3	0	0	0	0	470	
4	0	0	0	0	470	
5	0	0	0	0	472	
6	0	0	0	0	474	
7	0	0	0	0	473	
8	0	0	0	0	474	
9	0	0	0	0	476	
10	0	0	0	0	476	
11	0	0	0	0	478	
12	0	0	0	0	479	
13	0	0	0	0	480	
14	0	0	0	0	478	
15	0	0	0	0	478	
0	0	0	0	0	480	
1	0	0	0	0	481	
2	0	0	0	0	481	
3	0	0	0	0	480	
4	0	0	0	0	481	
5	0	0	0	0	480	
6	0	0	0	0	480	
7	0	0	0	0	481	
8	0	0	0	0	482	
9	0	0	0	0	482	
10	0	0	0	0	483	
11	0	0	0	0	484	
12	0	0	0	0	484	
13	0	0	0	0	484	
14	0	0	0	0	484	
15	0	0	0	0	484	
0	0	0	0	0	484	
1	0	0	0	0	484	
2	0	0	0	0	484	
3	0	0	0	0	484	
4	0	0	0	0	484	
5	0	0	0	0	486	
6	0	0	0	0	486	
7	0	0	0	0	487	
8	0	0	0	0	487	
9	0	0	0	0	486	
10	0	0	0	0	486	
11	0	0	0	0	488	
12	0	0	0	0	491	
13	0	0	0	0	492	
14	0	0	0	0	495	
15	0	0	0	0	497	
0	0	0	0	0	497	
1	0	0	0	0	498	
2	0	0	0	0	500	
3	0	0	0	0	499	
4	0	0	0	0	496	
5	0	0	0	0	497	
6	0	0	0	0	497	
7	0	0	0	0	496	
8	0	0	0	0	496	
9	0	0	0	0	497	
10	0	0	0	0	497	
11	0	0	0	0	499	
12	0	0	0	0	501	
13	0	0	0	0	503	
14	0	0	0	0	504	
15	0	0	0	0	504	
0	0	0	0	0	505	
1	0	0	0	0	506	
2	0	0	0	0	508	
3	0	0	0	0	510	
4	0	0	0	0	510	
5	0	0	0	0	510	
6	0	0	0	0	510	
7	0	0	0	0	510	
8	0	0	0	0	510	
9	0	0	0	0	511	
10	0	0	0	0	512	
11	0	0	0	0	512	
12	0	0	0	0	514	
13	0	0	0	0	517	
14	0	0	0	0	519	
15	0	0	0	0	520	
0	0	0	0	0	519	
1	0	0	0	0	519	
2	0	0	0	0	520	
3	0	0	0	0	521	
4	0	0	0	0	523	
5	0	0	0	0	524	
6	0	0	0	0	524	
7	0	0	0	0	525	
8	0	0	0	0	526	
9	0	0	0	0	527	
10	0	0	0	0	527	
11	0	0	0	0	528	
12	0	0	0	0	529	
13	0	0	0	0	530	
14	0	0	0	0	531	
15	0	0	0	0	531	
0	0	0	0	0	531	
1	0	0	0	0	529	
2	0	0	0	0	530	
3	0	0	0	0	531	
4	0	0	0	0	532	
5	0	0	0	0	533	
6	0	0	0	0	534	
7	0	0	0	0	535	
8	0	0	0	0	534	
9	0	0	0	0	535	
10	0	0	0	0	535	
11	0	0	0	0	537	
12	0	0	0	0	537	
13	0	0	0	0	539	
14	0	0	0	0	540	
15	0	0	0	0	540	
0	0	0	0	0	541	
1	0	0	0	0	542	
2	0	0	0	0	542	
3	0	0	0	0	544	
4	0	0	0	0	544	
5	0	0	0	0	545	
6	0	0	0	0	545	
7	0	0	0	0	546	
8	0	0	0	0	547	
9	0	0	0	0	547	
10	0	0	0	0	551	
11	0	0	0	0	553	
12	0	0	0	0	555	
13	0	0	0	0	556	
14	0	0	0	0	557	
15	0	0	0	0	559	
0	0	0	0	0	560	
1	0	0	0	0	561	
2	0	0	0	0	561	
3	0	0	0	0	561	
4	0	0	0	0	563	
5	0	0	0	0	563	
6	0	0	0	0	564	
7	0	0	0	0	567	
8	0	0	0	0	566	
9	0	0	0	0	566	
10	0	0	0	0	566	
11	0	0	0	0	566	
12	0	0	0	0	565	
13	0	0	0	0	566	
14	0	0	0	0	568	
15	0	0	0	0	568	
0	0	0	0	0	567	
1	0	0	0	0	568	
2	0	0	0	0	568	
3	0	0	0	0	567	
4	0	0	0	0	565	
5	0	0	0	0	565	
6	0	0	0	0	566	
7	0	0	0	0	566	
8	0	0	0	0	567	
9	0	0	0	0	567	
10	0	0	0	0	568	
11	0	0	0	0	570	
12	0	0	0	0	572	
13	0	0	0	0	572	
14	0	0	0	0	572	
15	0	0	0	0	573	
0	0	0	0	0	574	
1	0	0	0	0	573	
2	0	0	0	0	573	
3	0	0	0	0	572	
4	0	0	0	0	572	
5	0	0	0	0	573	
6	0	0	0	0	572	
7	0	0	0	0	571	
8	0	0	0	0	570	
9	0	0	0	0	571	
10	0	0	0	0	570	
11	0	0	0	0	569	
12	0	0	0	0	569	
13	0	0	0	0	570	
14	0	0	0	0	570	
15	0	0	0	0	571	
0	0	0	0	0	571	
1	0	0	0	0	570	
2	0	0	0	0	568	
3	0	0	0	0	567	
4	0	0	0	0	566	
5	0	0	0	0	565	
6	0	0	0	0	564	
7	0	0	0	0	562	
8	0	0	0	0	559	
9	0	0	0	0	558	
10	0	0	0	0	556	
11	0	0	0	0	556	
12	0	0	0	0	555	
13	0	0	0	0	554	
14	0	0	0	0	553	
15	0	0	0	0	551	
0	0	0	0	0	551	
1	0	0	0	0	550	
2	0	0	0	0	548	
3	0	0	0	0	546	
4	0	0	0	0	542	
5	0	0	0	0	538	
6	0	0	0	0	534	
7	0	0	0	0	530	
8	0	0	0	0	527	
9	0	0	0	0	523	
10	0	0	0	0	521	
11	0	0	0	0	518	
12	0	0	0	0	515	
13	0	0	0	0	512	
14	0	0	0	0	508	
15	0	0	0	0	505	
0	0	0	0	0	499	
1	0	0	0	0	497	
2	0	0	0	0	495	
3	0	0	0	0	491	
4	0	0	0	0	489	
5	0	0	0	0	486	
6	0	0	0	0	483	
7	0	0	0	0	482	
8	0	0	0	0	478	
9	0	0	0	0	476	
10	0	0	0	0	473	
11	0	0	0	0	472	
12	0	0	0	0	470	
13	0	0	0	0	468	
14	0	0	0	0	467	
15	0	0	0	0	466	
0	0	0	0	0	467	
1	0	0	0	0	467	
2	0	0	0	0	463	
3	0	0	0	0	461	
4	0	0	0	0	459	
5	0	0	0	0	455	
6	0	0	0	0	453	
7	0	0	0	0	451	
8	0	0	0	0	451	
9	0	0	0	0	449	
10	0	0	0	0	448	
11	0	0	0	0	448	
12	0	0	0	0	448	
13	0	0	0	0	448	
14	0	0	0	0	447	
15	0	0	0	0	446	
0	0	0	0	0	445	
1	0	0	0	0	443	
2	0	0	0	0	444	
3	0	0	0	0	444	
4	0	0	0	0	444	
5	0	0	0	0	443	
6	0	0	0	0	441	
7	0	0	0	0	440	
8	0	0	0	0	440	
9	0	0	0	0	442	
10	0	0	0	0	444	
11	0	0	0	0	443	
12	0	0	0	0	443	
13	0	0	0	0	443	
14	0	0	0	0	443	
15	0	0	0	0	443	
0	0	0	0	0	445	
1	0	0	0	0	448	
2	0	0	0	0	449	
3	0	0	0	0	451	
4	0	0	0	0	451	
5	0	0	0	0	452	
6	0	0	0	0	453	
7	0	0	0	0	454	
8	0	0	0	0	456	
9	0	0	0	0	457	
10	0	0	0	0	455	
11	0	0	0	0	454	
12	0	0	0	0	453	
13	0	0	0	0	453	
14	0	0	0	0	452	
15	0	0	0	0	453	
0	0	0	0	0	454	
1	0	0	0	0	454	
2	0	0	0	0	454	
3	0	0	0	0	454	
4	0	0	0	0	454	
5	0	0	0	0	454	
6	0	0	0	0	455	
7	0	0	0	0	460	
8	0	0	0	0	462	
9	0	0	0	0	462	
10	0	0	0	0	461	
11	0	0	0	0	459	
12	0	0	0	0	459	
13	0	0	0	0	460	
14	0	0	0	0	461	
15	0	0	0	0	462	
0	0	0	0	0	462	
1	0	0	0	0	463	
2	0	0	0	0	464	
3	0	0	0	0	467	
4	0	0	0	0	467	
5	0	0	0	0	465	
6	0	0	0	0	465	
7	0	0	0	0	467	
8	0	0	0	0	470	
9	0	0	0	0	472	
10	0	0	0	0	471	
11	0	0	0	0	470	
12	0	0	0	0	469	
13	0	0	0	0	470	
14	0	0	0	0	472	
15	0	0	0	0	474	
0	0	0	0	0	475	
1	0	0	0	0	475	
2	0	0	0	0	474	
3	0	0	0	0	475	
4	0	0	0	0	476	
5	0	0	0	0	478	
6	0	0	0	0	480	
7	0	0	0	0	482	
8	0	0	0	0	482	
9	0	0	0	0	482	
10	0	0	0	0	483	
11	0	0	0	0	484	
12	0	0	0	0	484	
13	0	0	0	0	485	
14	0	0	0	0	485	
15	0	0	0	0	483	
0	0	0	0	0	481	
1	0	0	0	0	481	
2	0	0	0	0	483	
3	0	0	0	0	484	
4	0	0	0	0	484	
5	0	0	0	0	484	
6	0	0	0	0	483	
7	0	0	0	0	483	
8	0	0	0	0	483	
9	0	0	0	0	485	
10	0	0	0	0	484	
11	0	0	0	0	483	
12	0	0	0	0	482	
13	0	0	0	0	481	
14	0	0	0	0	482	
15	0	0	0	0	482	
0	0	0	0	0	482	
1	0	0	0	0	482	
2	0	0	0	0	481	
3	0	0	0	0	483	
4	0	0	0	0	486	
5	0	0	0	0	488	
6	0	0	0	0	489	
7	0	0	0	0	491	
8	0	0	0	0	492	
9	0	0	0	0	492	
10	0	0	0	0	492	
11	0	0	0	0	494	
12	0	0	0	0	494	
13	0	0	0	0	496	
14	0	0	0	0	496	
15	0	0	0	0	496	
0	0	0	0	0	497	
1	0	0	0	0	498	
2	0	0	0	0	497	
3	0	0	0	0	499	
4	0	0	0	0	498	
5	0	0	0	0	498	
6	0	0	0	0	498	
7	0	0	0	0	498	
8	0	0	0	0	499	
9	0	0	0	0	500	
10	0	0	0	0	501	
11	0	0	0	0	503	
12	0	0	0	0	504	
13	0	0	0	0	506	
14	0	0	0	0	502	
15	0	0	0	0	500	
0	0	0	0	0	500	
1	0	0	0	0	500	
2	0	0	0	0	498	
3	0	0	0	0	497	
4	0	0	0	0	496	
5	0	0	0	0	496	
6	0	0	0	0	497	
7	0	0	0	0	497	
8	0	0	0	0	498	
9	0	0	0	0	500	
10	0	0	0	0	500	
11	0	0	0	0	499	
12	0	0	0	0	499	
13	0	0	0	0	498	
14	0	0	0	0	500	
15	0	0	0	0	500	
0	0	0	0	0	499	
1	0	0	0	0	499	
2	0	0	0	0	498	
3	0	0	0	0	496	
4	0	0	0	0	496	
5	0	0	0	0	496	
6	0	0	0	0	497	
7	0	0	0	0	497	
8	0	0	0	0	499	
9	0	0	0	0	500	
10	0	0	0	0	498	
11	0	0	0	0	495	
12	0	0	0	0	495	
13	0	0	0	0	496	
14	0	0	0	0	496	
15	0	0	0	0	497	
0	0	0	0	0	497	
1	0	0	0	0	498	
2	0	0	0	0	500	
3	0	0	0	0	500	
4	0	0	0	0	497	
5	0	0	0	0	496	
6	0	0	0	0	496	
7	0	0	0	0	496	
8	0	0	0	0	497	
9	0	0	0	0	499	
10	0	0	0	0	498	
11	0	0	0	0	498	
12	0	0	0	0	500	
13	0	0	0	0	500	
14	0	0	0	0	502	
15	0	0	0	0	503	
0	0	0	0	0	502	
1	0	0	0	0	499	
2	0	0	0	0	497	
3	0	0	0	0	499	
4	0	0	0	0	499	
5	0	0	0	0	497	
6	0	0	0	0	495	
7	0	0	0	0	494	
8	0	0	0	0	493	
9	0	0	0	0	493	
10	0	0	0	0	493	
11	0	0	0	0	491	
12	0	0	0	0	489	
13	0	0	0	0	494	
14	0	0	0	0	498	
15	0	0	0	0	499	
0	0	0	0	0	500	
1	0	0	0	0	501	
2	0	0	0	0	503	
3	0	0	0	0	504	
4	0	0	0	0	502	
5	0	0	0	0	503	
6	0	0	0	0	503	
7	0	0	0	0	501	
8	0	0	0	0	502	
9	0	0	0	0	504	
10	0	0	0	0	506	
11	0	0	0	0	506	
12	0	0	0	0	505	
13	0	0	0	0	506	
14	0	0	0	0	506	
15	0	0	0	0	506	
0	0	0	0	0	504	
1	0	0	0	0	504	
2	0	0	0	0	504	
3	0	0	0	0	504	
4	0	0	0	0	504	
5	0	0	0	0	505	
6	0	0	0	0	506	
7	0	0	0	0	507	
8	0	0	0	0	506	
9	0	0	0	0	508	
10	0	0	0	0	509	
11	0	0	0	0	509	
12	0	0	0	0	508	
13	0	0	0	0	509	
14	0	0	0	0	511	
15	0	0	0	0	510	
0	0	0	0	0	509	
1	0	0	0	0	509	
2	0	0	0	0	507	
3	0	0	0	0	505	
4	0	0	0	0	504	
5	0	0	0	0	503	
6	0	0	0	0	502	
7	0	0	0	0	501	
8	0	0	0	0	500	
9	0	0	0	0	500	
10	0	0	0	0	499	
11	0	0	0	0	500	
12	0	0	0	0	501	
13	0	0	0	0	503	
14	0	0	0	0	504	
15	0	0	0	0	505	
0	0	0	0	0	507	
1	0	0	0	0	508	
2	0	0	0	0	509	
3	0	0	0	0	508	
4	0	0	0	0	507	
5	0	0	0	0	507	
6	0	0	0	0	506	
7	0	0	0	0	507	
8	0	0	0	0	509	
9	0	0	0	0	510	
10	0	0	0	0	511	
11	0	0	0	0	512	
12	0	0	0	0	513	
13	0	0	0	0	514	
14	0	0	0	0	515	
15	0	0	0	0	515	
0	0	0	0	0	515	
1	0	0	0	0	515	
2	0	0	0	0	514	
3	0	0	0	0	514	
4	0	0	0	0	512	
5	0	0	0	0	513	
6	0	0	0	0	514	
7	0	0	0	0	512	
8	0	0	0	0	511	
9	0	0	0	0	511	
10	0	0	0	0	511	
11	0	0	0	0	513	
12	0	0	0	0	513	
13	0	0	0	0	512	
14	0	0	0	0	513	
15	0	0	0	0	514	
0	0	0	0	0	517	
1	0	0	0	0	521	
2	0	0	0	0	520	
3	0	0	0	0	519	
4	0	0	0	0	516	
5	0	0	0	0	516	
6	0	0	0	0	516	
7	0	0	0	0	515	
8	0	0	0	0	514	
9	0	0	0	0	515	
10	0	0	0	0	515	
11	0	0	0	0	516	
12	0	0	0	0	518	
13	0	0	0	0	518	
14	0	0	0	0	516	
15	0	0	0	0	511	
0	0	0	0	0	509	
1	0	0	0	0	510	
2	0	0	0	0	511	
3	0	0	0	0	512	
4	0	0	0	0	514	
5	0	0	0	0	514	
6	0	0	0	0	513	
7	0	0	0	0	512	
8	0	0	0	0	512	
9	0	0	0	0	515	
10	0	0	0	0	518	
11	0	0	0	0	520	
12	0	0	0	0	523	
13	0	0	0	0	524	
14	0	0	0	0	523	
15	0	0	0	0	522	
0	0	0	0	0	520	
1	0	0	0	0	520	
2	0	0	0	0	521	
3	0	0	0	0	521	
4	0	0	0	0	521	
5	0	0	0	0	519	
6	0	0	0	0	518	
7	0	0	0	0	518	
8	0	0	0	0	516	
9	0	0	0	0	515	
10	0	0	0	0	514	
11	0	0	0	0	513	
12	0	0	0	0	513	
13	0	0	0	0	514	
14	0	0	0	0	512	
15	0	0	0	0	512	
0	0	0	0	0	514	
1	0	0	0	0	516	
2	0	0	0	0	518	
3	0	0	0	0	520	
4	0	0	0	0	523	
5	0	0	0	0	525	
6	0	0	0	0	527	
7	0	0	0	0	527	
8	0	0	0	0	527	
9	0	0	0	0	529	
10	0	0	0	0	532	
11	0	0	0	0	535	
12	0	0	0	0	536	
13	0	0	0	0	539	
14	0	0	0	0	537	
15	0	0	0	0	535	
0	0	0	0	0	534	
1	0	0	0	0	533	
2	0	0	0	0	533	
3	0	0	0	0	531	
4	0	0	0	0	530	
5	0	0	0	0	528	
6	0	0	0	0	527	
7	0	0	0	0	524	
8	0	0	0	0	523	
9	0	0	0	0	521	
10	0	0	0	0	519	
11	0	0	0	0	517	
12	0	0	0	0	515	
13	0	0	0	0	515	
14	0	0	0	0	513	
15	0	0	0	0	511	
0	0	0	0	0	511	
1	0	0	0	0	513	
2	0	0	0	0	514	
3	0	0	0	0	517	
4	0	0	0	0	516	
5	0	0	0	0	514	
6	0	0	0	0	511	
7	0	0	0	0	511	
8	0	0	0	0	512	
9	0	0	0	0	513	
10	0	0	0	0	516	
11	0	0	0	0	516	
12	0	0	0	0	514	
13	0	0	0	0	515	
14	0	0	0	0	515	
15	0	0	0	0	515	
0	0	0	0	0	514	
1	0	0	0	0	512	
2	0	0	0	0	511	
3	0	0	0	0	511	
4	0	0	0	0	513	
5	0	0	0	0	512	
6	0	0	0	0	511	
7	0	0	0	0	511	
8	0	0	0	0	509	
9	0	0	0	0	508	
10	0	0	0	0	507	
11	0	0	0	0	504	
12	0	0	0	0	506	
13	0	0	0	0	509	
14	0	0	0	0	510	
15	0	0	0	0	507	
0	0	0	0	0	506	
1	0	0	0	0	504	
2	0	0	0	0	504	
3	0	0	0	0	503	
4	0	0	0	0	501	
5	0	0	0	0	502	
6	0	0	0	0	502	
7	0	0	0	0	501	
8	0	0	0	0	500	
9	0	0	0	0	502	
10	0	0	0	0	502	
11	0	0	0	0	503	
12	0	0	0	0	500	
13	0	0	0	0	500	
14	0	0	0	0	500	
15	0	0	0	0	500	
0	0	0	0	0	503	
1	0	0	0	0	503	
2	0	0	0	0	504	
3	0	0	0	0	506	
4	0	0	0	0	507	
5	0	0	0	0	505	
6	0	0	0	0	506	
7	0	0	0	0	508	
8	0	0	0	0	510	
9	0	0	0	0	509	
10	0	0	0	0	508	
11	0	0	0	0	508	
12	0	0	0	0	508	
13	0	0	0	0	509	
14	0	0	0	0	510	
15	0	0	0	0	511	
0	0	0	0	0	510	
1	0	0	0	0	511	
2	0	0	0	0	510	
3	0	0	0	0	509	
4	0	0	0	0	511	
5	0	0	0	0	513	
6	0	0	0	0	512	
7	0	0	0	0	511	
8	0	0	0	0	509	
9	0	0	0	0	508	
10	0	0	0	0	508	
11	0	0	0	0	509	
12	0	0	0	0	505	
13	0	0	0	0	499	
14	0	0	0	0	498	
15	0	0	0	0	499	
0	0	0	0	0	501	
1	0	0	0	0	500	
2	0	0	0	0	503	
3	0	0	0	0	508	
4	0	0	0	0	513	
5	0	0	0	0	523	
6	0	0	0	0	529	
7	0	0	0	0	533	
8	0	0	0	0	536	
9	0	0	0	0	541	
10	0	0	0	0	550	
11	0	0	0	0	557	
12	0	0	0	0	566	
13	0	0	0	0	575	
14	0	0	0	0	583	
15	0	0	0	0	596	
0	0	0	0	0	611	
1	0	0	0	0	627	
2	0	0	0	0	647	
3	0	0	0	0	670	
4	0	0	0	0	691	
5	0	0	0	0	710	
6	0	0	0	0	731	
7	0	0	0	0	751	
8	0	0	0	0	773	
9	0	0	0	0	796	
10	0	0	0	0	816	
11	0	0	0	0	835	
12	0	0	0	0	852	
13	0	0	0	0	864	
14	0	0	0	0	866	
15	0	0	0	0	861	
0	0	0	0	0	854	
1	0	0	0	0	847	
2	0	0	0	0	833	
3	0	0	0	0	814	
4	0	0	0	0	790	
5	0	0	0	0	760	
6	0	0	0	0	726	
7	0	0	0	0	690	
8	0	0	0	0	652	
9	0	0	0	0	613	
10	0	0	0	0	575	
11	0	0	0	0	536	
12	0	0	0	0	494	
13	0	0	0	0	457	
14	0	0	0	0	428	
15	0	0	0	0	405	
0	0	0	0	0	388	
1	0	0	0	0	380	
2	0	0	0	0	377	
3	0	0	0	0	380	
4	0	0	0	0	387	
5	0	0	0	0	396	
6	0	0	0	0	406	
7	0	0	0	0	416	
8	0	0	0	0	425	
9	0	0	0	0	433	
10	0	0	0	0	439	
11	0	0	0	0	447	
12	0	0	0	0	455	
13	0	0	0	0	462	
14	0	0	0	0	468	
15	0	0	0	0	473	
0	0	0	0	0	479	
1	0	0	0	0	480	
2	0	0	0	0	481	
3	0	0	0	0	482	
4	0	0	0	0	481	
5	0	0	0	0	478	
6	0	0	0	0	476	
7	0	0	0	0	475	
8	0	0	0	0	476	
9	0	0	0	0	476	
10	0	0	0	0	476	
11	0	0	0	0	476	
12	0	0	0	0	478	
13	0	0	0	0	480	
14	0	0	0	0	479	
15	0	0	0	0	478	
0	0	0	0	0	478	
1	0	0	0	0	481	
2	0	0	0	0	481	
3	0	0	0	0	479	
4	0	0	0	0	480	
5	0	0	0	0	481	
6	0	0	0	0	483	
7	0	0	0	0	481	
8	0	0	0	0	479	
9	0	0	0	0	479	
10	0	0	0	0	481	
11	0	0	0	0	480	
12	0	0	0	0	479	
13	0	0	0	0	478	
14	0	0	0	0	479	
15	0	0	0	0	480	
0	0	0	0	0	480	
1	0	0	0	0	480	
2	0	0	0	0	480	
3	0	0	0	0	480	
4	0	0	0	0	484	
5	0	0	0	0	489	
6	0	0	0	0	491	
7	0	0	0	0	490	
8	0	0	0	0	489	
9	0	0	0	0	491	
10	0	0	0	0	490	
11	0	0	0	0	490	
12	0	0	0	0	488	
13	0	0	0	0	487	
14	0	0	0	0	487	
15	0	0	0	0	486	
0	0	0	0	0	486	
1	0	0	0	0	489	
2	0	0	0	0	492	
3	0	0	0	0	493	
4	0	0	0	0	495	
5	0	0	0	0	497	
6	0	0	0	0	501	
7	0	0	0	0	504	
8	0	0	0	0	508	
9	0	0	0	0	507	
10	0	0	0	0	505	
11	0	0	0	0	506	
12	0	0	0	0	505	
13	0	0	0	0	507	
14	0	0	0	0	508	
15	0	0	0	0	508	
0	0	0	0	0	509	
1	0	0	0	0	510	
2	0	0	0	0	513	
3	0	0	0	0	514	
4	0	0	0	0	512	
5	0	0	0	0	511	
6	0	0	0	0	512	
7	0	0	0	0	512	
8	0	0	0	0	511	
9	0	0	0	0	514	
10	0	0	0	0	513	
11	0	0	0	0	512	
12	0	0	0	0	512	
13	0	0	0	0	513	
14	0	0	0	0	514	
15	0	0	0	0	513	
0	0	0	0	0	512	
1	0	0	0	0	514	
2	0	0	0	0	514	
3	0	0	0	0	515	
4	0	0	0	0	514	
5	0	0	0	0	514	
6	0	0	0	0	514	
7	0	0	0	0	513	
8	0	0	0	0	515	
9	0	0	0	0	515	
10	0	0	0	0	515	
11	0	0	0	0	515	
12	0	0	0	0	513	
13	0	0	0	0	513	
14	0	0	0	0	512	
15	0	0	0	0	515	
0	0	0	0	0	517	
1	0	0	0	0	518	
2	0	0	0	0	519	
3	0	0	0	0	518	
4	0	0	0	0	518	
5	0	0	0	0	519	
6	0	0	0	0	520	
7	0	0	0	0	519	
8	0	0	0	0	520	
9	0	0	0	0	521	
10	0	0	0	0	521	
11	0	0	0	0	524	
12	0	0	0	0	527	
13	0	0	0	0	531	
14	0	0	0	0	532	
15	0	0	0	0	533	
0	0	0	0	0	536	
1	0	0	0	0	538	
2	0	0	0	0	536	
3	0	0	0	0	533	
4	0	0	0	0	532	
5	0	0	0	0	532	
6	0	0	0	0	533	
7	0	0	0	0	532	
8	0	0	0	0	529	
9	0	0	0	0	529	
10	0	0	0	0	531	
11	0	0	0	0	534	
12	0	0	0	0	534	
13	0	0	0	0	536	
14	0	0	0	0	538	
15	0	0	0	0	539	
0	0	0	0	0	543	
1	0	0	0	0	549	
2	0	0	0	0	553	
3	0	0	0	0	555	
4	0	0	0	0	559	
5	0	0	0	0	561	
6	0	0	0	0	564	
7	0	0	0	0	567	
8	0	0	0	0	568	
9	0	0	0	0	568	
10	0	0	0	0	569	
11	0	0	0	0	569	
12	0	0	0	0	568	
13	0	0	0	0	569	
14	0	0	0	0	568	
15	0	0	0	0	566	
0	0	0	0	0	563	
1	0	0	0	0	559	
2	0	0	0	0	557	
3	0	0	0	0	556	
4	0	0	0	0	554	
5	0	0	0	0	557	
6	0	0	0	0	556	
7	0	0	0	0	555	
8	0	0	0	0	553	
9	0	0	0	0	555	
10	0	0	0	0	557	
11	0	0	0	0	559	
12	0	0	0	0	559	
13	0	0	0	0	556	
14	0	0	0	0	555	
15	0	0	0	0	552	
0	0	0	0	0	551	
1	0	0	0	0	552	
2	0	0	0	0	552	
3	0	0	0	0	552	
4	0	0	0	0	556	
5	0	0	0	0	555	
6	0	0	0	0	558	
7	0	0	0	0	559	
8	0	0	0	0	559	
9	0	0	0	0	557	
10	0	0	0	0	556	
11	0	0	0	0	560	
12	0	0	0	0	559	
13	0	0	0	0	561	
14	0	0	0	0	565	
15	0	0	0	0	568	
0	0	0	0	0	571	
1	0	0	0	0	573	
2	0	0	0	0	572	
3	0	0	0	0	572	
4	0	0	0	0	574	
5	0	0	0	0	575	
6	0	0	0	0	573	
7	0	0	0	0	572	
8	0	0	0	0	572	
9	0	0	0	0	572	
10	0	0	0	0	572	
11	0	0	0	0	570	
12	0	0	0	0	569	
13	0	0	0	0	568	
14	0	0	0	0	568	
15	0	0	0	0	569	
0	0	0	0	0	570	
1	0	0	0	0	572	
2	0	0	0	0	575	
3	0	0	0	0	575	
4	0	0	0	0	574	
5	0	0	0	0	575	
6	0	0	0	0	577	
7	0	0	0	0	579	
8	0	0	0	0	579	
9	0	0	0	0	580	
10	0	0	0	0	580	
11	0	0	0	0	579	
12	0	0	0	0	581	
13	0	0	0	0	580	
14	0	0	0	0	578	
15	0	0	0	0	577	
0	0	0	0	0	577	
1	0	0	0	0	576	
2	0	0	0	0	571	
3	0	0	0	0	568	
4	0	0	0	0	563	
5	0	0	0	0	560	
6	0	0	0	0	557	
7	0	0	0	0	557	
8	0	0	0	0	556	
9	0	0	0	0	553	
10	0	0	0	0	551	
11	0	0	0	0	550	
12	0	0	0	0	545	
13	0	0	0	0	544	
14	0	0	0	0	544	
15	0	0	0	0	544	
0	0	0	0	0	544	
1	0	0	0	0	545	
2	0	0	0	0	543	
3	0	0	0	0	543	
4	0	0	0	0	543	
5	0	0	0	0	541	
6	0	0	0	0	537	
7	0	0	0	0	534	
8	0	0	0	0	531	
9	0	0	0	0	529	
10	0	0	0	0	524	
11	0	0	0	0	515	
12	0	0	0	0	512	
13	0	0	0	0	509	
14	0	0	0	0	508	
15	0	0	0	0	505	
0	0	0	0	0	501	
1	0	0	0	0	496	
2	0	0	0	0	493	
3	0	0	0	0	489	
4	0	0	0	0	486	
5	0	0	0	0	485	
6	0	0	0	0	483	
7	0	0	0	0	480	
8	0	0	0	0	477	
9	0	0	0	0	478	
10	0	0	0	0	475	
11	0	0	0	0	474	
12	0	0	0	0	470	
13	0	0	0	0	466	
14	0	0	0	0	465	
15	0	0	0	0	464	
0	0	0	0	0	465	
1	0	0	0	0	465	
2	0	0	0	0	465	
3	0	0	0	0	467	
4	0	0	0	0	467	
5	0	0	0	0	465	
6	0	0	0	0	462	
7	0	0	0	0	459	
8	0	0	0	0	457	
9	0	0	0	0	458	
10	0	0	0	0	457	
11	0	0	0	0	454	
12	0	0	0	0	452	
13	0	0	0	0	451	
14	0	0	0	0	449	
15	0	0	0	0	447	
0	0	0	0	0	447	
1	0	0	0	0	447	
2	0	0	0	0	446	
3	0	0	0	0	445	
4	0	0	0	0	445	
5	0	0	0	0	446	
6	0	0	0	0	447	
7	0	0	0	0	446	
8	0	0	0	0	443	
9	0	0	0	0	443	
10	0	0	0	0	445	
11	0	0	0	0	444	
12	0	0	0	0	441	
13	0	0	0	0	442	
14	0	0	0	0	443	
15	0	0	0	0	444	
0	0	0	0	0	448	
1	0	0	0	0	449	
2	0	0	0	0	448	
3	0	0	0	0	451	
4	0	0	0	0	452	
5	0	0	0	0	454	
6	0	0	0	0	454	
7	0	0	0	0	454	
8	0	0	0	0	455	
9	0	0	0	0	456	
10	0	0	0	0	454	
11	0	0	0	0	455	
12	0	0	0	0	458	
13	0	0	0	0	462	
14	0	0	0	0	460	
15	0	0	0	0	456	
0	0	0	0	0	457	
1	0	0	0	0	461	
2	0	0	0	0	463	
3	0	0	0	0	464	
4	0	0	0	0	468	
5	0	0	0	0	469	
6	0	0	0	0	471	
7	0	0	0	0	471	
8	0	0	0	0	471	
9	0	0	0	0	470	
10	0	0	0	0	472	
11	0	0	0	0	476	
12	0	0	0	0	476	
13	0	0	0	0	475	
14	0	0	0	0	474	
15	0	0	0	0	470	
0	0	0	0	0	468	
1	0	0	0	0	463	
2	0	0	0	0	462	
3	0	0	0	0	462	
4	0	0	0	0	463	
5	0	0	0	0	465	
6	0	0	0	0	467	
7	0	0	0	0	471	
8	0	0	0	0	472	
9	0	0	0	0	475	
10	0	0	0	0	475	
11	0	0	0	0	476	
12	0	0	0	0	476	
13	0	0	0	0	474	
14	0	0	0	0	475	
15	0	0	0	0	478	
0	0	0	0	0	484	
1	0	0	0	0	486	
2	0	0	0	0	485	
3	0	0	0	0	481	
4	0	0	0	0	479	
5	0	0	0	0	479	
6	0	0	0	0	479	
7	0	0	0	0	479	
8	0	0	0	0	482	
9	0	0	0	0	484	
10	0	0	0	0	486	
11	0	0	0	0	486	
12	0	0	0	0	484	
13	0	0	0	0	483	
14	0	0	0	0	481	
15	0	0	0	0	480	
0	0	0	0	0	479	
1	0	0	0	0	481	
2	0	0	0	0	483	
3	0	0	0	0	483	
4	0	0	0	0	486	
5	0	0	0	0	485	
6	0	0	0	0	489	
7	0	0	0	0	494	
8	0	0	0	0	496	
9	0	0	0	0	495	
10	0	0	0	0	498	
11	0	0	0	0	501	
12	0	0	0	0	499	
13	0	0	0	0	496	
14	0	0	0	0	497	
15	0	0	0	0	499	
0	0	0	0	0	500	
1	0	0	0	0	501	
2	0	0	0	0	499	
3	0	0	0	0	496	
4	0	0	0	0	497	
5	0	0	0	0	499	
6	0	0	0	0	500	
7	0	0	0	0	502	
8	0	0	0	0	502	
9	0	0	0	0	501	
10	0	0	0	0	501	
11	0	0	0	0	502	
12	0	0	0	0	503	
13	0	0	0	0	502	
14	0	0	0	0	499	
15	0	0	0	0	499	
0	0	0	0	0	503	
1	0	0	0	0	504	
2	0	0	0	0	503	
3	0	0	0	0	504	
4	0	0	0	0	504	
5	0	0	0	0	506	
6	0	0	0	0	508	
7	0	0	0	0	511	
8	0	0	0	0	511	
9	0	0	0	0	511	
10	0	0	0	0	512	
11	0	0	0	0	515	
12	0	0	0	0	516	
13	0	0	0	0	516	
14	0	0	0	0	516	
15	0	0	0	0	514	
0	0	0	0	0	511	
1	0	0	0	0	511	
2	0	0	0	0	514	
3	0	0	0	0	515	
4	0	0	0	0	514	
5	0	0	0	0	518	
6	0	0	0	0	520	
7	0	0	0	0	522	
8	0	0	0	0	522	
9	0	0	0	0	523	
10	0	0	0	0	523	
11	0	0	0	0	520	
12	0	0	0	0	519	
13	0	0	0	0	518	
14	0	0	0	0	519	
15	0	0	0	0	522	
0	0	0	0	0	523	
1	0	0	0	0	522	
2	0	0	0	0	520	
3	0	0	0	0	519	
4	0	0	0	0	522	
5	0	0	0	0	523	
6	0	0	0	0	521	
7	0	0	0	0	521	
8	0	0	0	0	523	
9	0	0	0	0	523	
10	0	0	0	0	521	
11	0	0	0	0	521	
12	0	0	0	0	520	
13	0	0	0	0	519	
14	0	0	0	0	518	
15	0	0	0	0	516	
0	0	0	0	0	514	
1	0	0	0	0	513	
2	0	0	0	0	513	
3	0	0	0	0	513	
4	0	0	0	0	515	
5	0	0	0	0	517	
6	0	0	0	0	519	
7	0	0	0	0	520	
8	0	0	0	0	519	
9	0	0	0	0	520	
10	0	0	0	0	522	
11	0	0	0	0	524	
12	0	0	0	0	526	
13	0	0	0	0	524	
14	0	0	0	0	523	
15	0	0	0	0	520	
0	0	0	0	0	519	
1	0	0	0	0	520	
2	0	0	0	0	519	
3	0	0	0	0	517	
4	0	0	0	0	518	
5	0	0	0	0	519	
6	0	0	0	0	517	
7	0	0	0	0	518	
8	0	0	0	0	519	
9	0	0	0	0	519	
10	0	0	0	0	515	
11	0	0	0	0	514	
12	0	0	0	0	514	
13	0	0	0	0	515	
14	0	0	0	0	516	
15	0	0	0	0	516	
0	0	0	0	0	514	
1	0	0	0	0	516	
2	0	0	0	0	518	
3	0	0	0	0	512	
4	0	0	0	0	510	
5	0	0	0	0	511	
6	0	0	0	0	511	
7	0	0	0	0	514	
8	0	0	0	0	517	
9	0	0	0	0	514	
10	0	0	0	0	515	
11	0	0	0	0	517	
12	0	0	0	0	516	
13	0	0	0	0	516	
14	0	0	0	0	516	
15	0	0	0	0	513	
0	0	0	0	0	511	
1	0	0	0	0	512	
2	0	0	0	0	513	
3	0	0	0	0	513	
4	0	0	0	0	512	
5	0	0	0	0	512	
6	0	0	0	0	512	
7	0	0	0	0	513	
8	0	0	0	0	515	
9	0	0	0	0	519	
10	0	0	0	0	519	
11	0	0	0	0	519	
12	0	0	0	0	520	
13	0	0	0	0	525	
14	0	0	0	0	527	
15	0	0	0	0	529	
0	0	0	0	0	529	
1	0	0	0	0	526	
2	0	0	0	0	525	
3	0	0	0	0	527	
4	0	0	0	0	529	
5	0	0	0	0	531	
6	0	0	0	0	530	
7	0	0	0	0	531	
8	0	0	0	0	531	
9	0	0	0	0	529	
10	0	0	0	0	528	
11	0	0	0	0	525	
12	0	0	0	0	523	
13	0	0	0	0	525	
14	0	0	0	0	525	
15	0	0	0	0	524	
0	0	0	0	0	519	
1	0	0	0	0	517	
2	0	0	0	0	515	
3	0	0	0	0	513	
4	0	0	0	0	518	
5	0	0	0	0	519	
6	0	0	0	0	518	
7	0	0	0	0	516	
8	0	0	0	0	516	
9	0	0	0	0	519	
10	0	0	0	0	522	
11	0	0	0	0	521	
12	0	0	0	0	520	
13	0	0	0	0	520	
14	0	0	0	0	522	
15	0	0	0	0	521	
0	0	0	0	0	522	
1	0	0	0	0	524	
2	0	0	0	0	525	
3	0	0	0	0	530	
4	0	0	0	0	533	
5	0	0	0	0	533	
6	0	0	0	0	531	
7	0	0	0	0	531	
8	0	0	0	0	532	
9	0	0	0	0	529	
10	0	0	0	0	532	
11	0	0	0	0	534	
12	0	0	0	0	529	
13	0	0	0	0	526	
14	0	0	0	0	525	
15	0	0	0	0	528	
0	0	0	0	0	530	
1	0	0	0	0	529	
2	0	0	0	0	526	
3	0	0	0	0	523	
4	0	0	0	0	519	
5	0	0	0	0	518	
6	0	0	0	0	518	
7	0	0	0	0	519	
8	0	0	0	0	518	
9	0	0	0	0	515	
10	0	0	0	0	515	
11	0	0	0	0	516	
12	0	0	0	0	517	
13	0	0	0	0	518	
14	0	0	0	0	517	
15	0	0	0	0	517	
0	0	0	0	0	520	
1	0	0	0	0	524	
2	0	0	0	0	523	
3	0	0	0	0	523	
4	0	0	0	0	523	
5	0	0	0	0	523	
6	0	0	0	0	522	
7	0	0	0	0	520	
8	0	0	0	0	519	
9	0	0	0	0	521	
10	0	0	0	0	521	
11	0	0	0	0	519	
12	0	0	0	0	513	
13	0	0	0	0	513	
14	0	0	0	0	515	
15	0	0	0	0	515	
0	0	0	0	0	510	
1	0	0	0	0	510	
2	0	0	0	0	512	
3	0	0	0	0	510	
4	0	0	0	0	506	
5	0	0	0	0	506	
6	0	0	0	0	508	
7	0	0	0	0	507	
8	0	0	0	0	505	
9	0	0	0	0	508	
10	0	0	0	0	515	
11	0	0	0	0	512	
12	0	0	0	0	505	
13	0	0	0	0	504	
14	0	0	0	0	503	
15	0	0	0	0	504	
0	0	0	0	0	503	
1	0	0	0	0	504	
2	0	0	0	0	504	
3	0	0	0	0	505	
4	0	0	0	0	507	
5	0	0	0	0	506	
6	0	0	0	0	508	
7	0	0	0	0	509	
8	0	0	0	0	511	
9	0	0	0	0	512	
10	0	0	0	0	511	
11	0	0	0	0	511	
12	0	0	0	0	510	
13	0	0	0	0	512	
14	0	0	0	0	513	
15	0	0	0	0	516	
0	0	0	0	0	519	
1	0	0	0	0	518	
2	0	0	0	0	516	
3	0	0	0	0	519	
4	0	0	0	0	521	
5	0	0	0	0	519	
6	0	0	0	0	518	
7	0	0	0	0	515	
8	0	0	0	0	515	
9	0	0	0	0	517	
10	0	0	0	0	518	
11	0	0	0	0	515	
12	0	0	0	0	512	
13	0	0	0	0	514	
14	0	0	0	0	513	
15	0	0	0	0	512	
0	0	0	0	0	514	
1	0	0	0	0	517	
2	0	0	0	0	520	
3	0	0	0	0	518	
4	0	0	0	0	512	
5	0	0	0	0	508	
6	0	0	0	0	504	
7	0	0	0	0	501	
8	0	0	0	0	498	
9	0	0	0	0	495	
10	0	0	0	0	493	
11	0	0	0	0	491	
12	0	0	0	0	494	
13	0	0	0	0	497	
14	0	0	0	0	505	
15	0	0	0	0	511	
0	0	0	0	0	516	
1	0	0	0	0	521	
2	0	0	0	0	524	
3	0	0	0	0	530	
4	0	0	0	0	539	
5	0	0	0	0	549	
6	0	0	0	0	558	
7	0	0	0	0	565	
8	0	0	0	0	577	
9	0	0	0	0	592	
10	0	0	0	0	608	
11	0	0	0	0	626	
12	0	0	0	0	640	
13	0	0	0	0	658	
14	0	0	0	0	679	
15	0	0	0	0	700	
0	0	0	0	0	722	
1	0	0	0	0	748	
2	0	0	0	0	771	
3	0	0	0	0	796	
4	0	0	0	0	816	
5	0	0	0	0	836	
6	0	0	0	0	856	
7	0	0	0	0	873	
8	0	0	0	0	881	
9	0	0	0	0	881	
10	0	0	0	0	876	
11	0	0	0	0	866	
12	0	0	0	0	855	
13	0	0	0	0	838	
14	0	0	0	0	816	
15	0	0	0	0	792	
0	0	0	0	0	764	
1	0	0	0	0	737	
2	0	0	0	0	710	
3	0	0	0	0	673	
4	0	0	0	0	636	
5	0	0	0	0	595	
6	0	0	0	0	556	
7	0	0	0	0	520	
8	0	0	0	0	491	
9	0	0	0	0	470	
10	0	0	0	0	452	
11	0	0	0	0	444	
12	0	0	0	0	440	
13	0	0	0	0	441	
14	0	0	0	0	444	
15	0	0	0	0	447	
0	0	0	0	0	453	
1	0	0	0	0	459	
2	0	0	0	0	463	
3	0	0	0	0	473	
4	0	0	0	0	480	
5	0	0	0	0	485	
6	0	0	0	0	487	
7	0	0	0	0	488	
8	0	0	0	0	491	
9	0	0	0	0	491	
10	0	0	0	0	490	
11	0	0	0	0	488	
12	0	0	0	0	487	
13	0	0	0	0	486	
14	0	0	0	0	483	
15	0	0	0	0	481	
0	0	0	0	0	478	
1	0	0	0	0	473	
2	0	0	0	0	471	
3	0	0	0	0	470	
4	0	0	0	0	471	
5	0	0	0	0	469	
6	0	0	0	0	468	
7	0	0	0	0	467	
8	0	0	0	0	467	
9	0	0	0	0	469	
10	0	0	0	0	470	
11	0	0	0	0	470	
12	0	0	0	0	472	
13	0	0	0	0	474	
14	0	0	0	0	475	
15	0	0	0	0	474	
0	0	0	0	0	471	
1	0	0	0	0	470	
2	0	0	0	0	471	
3	0	0	0	0	471	
4	0	0	0	0	472	
5	0	0	0	0	470	
6	0	0	0	0	474	
7	0	0	0	0	478	
8	0	0	0	0	478	
9	0	0	0	0	474	
10	0	0	0	0	468	
11	0	0	0	0	465	
12	0	0	0	0	463	
13	0	0	0	0	465	
14	0	0	0	0	466	
15	0	0	0	0	466	
0	0	0	0	0	464	
1	0	0	0	0	463	
2	0	0	0	0	466	
3	0	0	0	0	470	
4	0	0	0	0	471	
5	0	0	0	0	472	
6	0	0	0	0	472	
7	0	0	0	0	477	
8	0	0	0	0	481	
9	0	0	0	0	483	
10	0	0	0	0	483	
11	0	0	0	0	482	
12	0	0	0	0	478	
13	0	0	0	0	476	
14	0	0	0	0	474	
15	0	0	0	0	476	
0	0	0	0	0	478	
1	0	0	0	0	478	
2	0	0	0	0	479	
3	0	0	0	0	480	
4	0	0	0	0	483	
5	0	0	0	0	485	
6	0	0	0	0	486	
7	0	0	0	0	487	
8	0	0	0	0	487	
9	0	0	0	0	487	
10	0	0	0	0	488	
11	0	0	0	0	489	
12	0	0	0	0	489	
13	0	0	0	0	488	
14	0	0	0	0	489	
15	0	0	0	0	488	
0	0	0	0	0	488	
1	0	0	0	0	487	
2	0	0	0	0	485	
3	0	0	0	0	486	
4	0	0	0	0	488	
5	0	0	0	0	493	
6	0	0	0	0	493	
7	0	0	0	0	493	
8	0	0	0	0	495	
9	0	0	0	0	495	
10	0	0	0	0	494	
11	0	0	0	0	496	
12	0	0	0	0	494	
13	0	0	0	0	491	
14	0	0	0	0	491	
15	0	0	0	0	492	
0	0	0	0	0	492	
1	0	0	0	0	495	
2	0	0	0	0	497	
3	0	0	0	0	497	
4	0	0	0	0	497	
5	0	0	0	0	497	
6	0	0	0	0	498	
7	0	0	0	0	499	
8	0	0	0	0	500	
9	0	0	0	0	502	
10	0	0	0	0	501	
11	0	0	0	0	502	
12	0	0	0	0	504	
13	0	0	0	0	504	
14	0	0	0	0	508	
15	0	0	0	0	511	
0	0	0	0	0	507	
1	0	0	0	0	504	
2	0	0	0	0	501	
3	0	0	0	0	502	
4	0	0	0	0	504	
5	0	0	0	0	506	
6	0	0	0	0	506	
7	0	0	0	0	505	
8	0	0	0	0	508	
9	0	0	0	0	509	
10	0	0	0	0	507	
11	0	0	0	0	504	
12	0	0	0	0	503	
13	0	0	0	0	505	
14	0	0	0	0	508	
15	0	0	0	0	508	
0	0	0	0	0	508	
1	0	0	0	0	508	
2	0	0	0	0	510	
3	0	0	0	0	511	
4	0	0	0	0	511	
5	0	0	0	0	512	
6	0	0	0	0	515	
7	0	0	0	0	516	
8	0	0	0	0	518	
9	0	0	0	0	520	
10	0	0	0	0	521	
11	0	0	0	0	521	
12	0	0	0	0	521	
13	0	0	0	0	521	
14	0	0	0	0	521	
15	0	0	0	0	520	
0	0	0	0	0	518	
1	0	0	0	0	517	
2	0	0	0	0	518	
3	0	0	0	0	520	
4	0	0	0	0	523	
5	0	0	0	0	525	
6	0	0	0	0	528	
7	0	0	0	0	531	
8	0	0	0	0	536	
9	0	0	0	0	539	
10	0	0	0	0	540	
11	0	0	0	0	536	
12	0	0	0	0	532	
13	0	0	0	0	534	
14	0	0	0	0	533	
15	0	0	0	0	536	
0	0	0	0	0	537	
1	0	0	0	0	538	
2	0	0	0	0	540	
3	0	0	0	0	542	
4	0	0	0	0	543	
5	0	0	0	0	546	
6	0	0	0	0	547	
7	0	0	0	0	547	
8	0	0	0	0	548	
9	0	0	0	0	549	
10	0	0	0	0	549	
11	0	0	0	0	548	
12	0	0	0	0	550	
13	0	0	0	0	551	
14	0	0	0	0	551	
15	0	0	0	0	551	
0	0	0	0	0	551	
1	0	0	0	0	547	
2	0	0	0	0	547	
3	0	0	0	0	548	
4	0	0	0	0	548	
5	0	0	0	0	548	
6	0	0	0	0	547	
7	0	0	0	0	549	
8	0	0	0	0	552	
9	0	0	0	0	554	
10	0	0	0	0	557	
11	0	0	0	0	559	
12	0	0	0	0	558	
13	0	0	0	0	559	
14	0	0	0	0	561	
15	0	0	0	0	563	
0	0	0	0	0	563	
1	0	0	0	0	563	
2	0	0	0	0	563	
3	0	0	0	0	563	
4	0	0	0	0	562	
5	0	0	0	0	561	
6	0	0	0	0	560	
7	0	0	0	0	560	
8	0	0	0	0	560	
9	0	0	0	0	560	
10	0	0	0	0	559	
11	0	0	0	0	558	
12	0	0	0	0	557	
13	0	0	0	0	558	
14	0	0	0	0	560	
15	0	0	0	0	561	
0	0	0	0	0	562	
1	0	0	0	0	562	
2	0	0	0	0	559	
3	0	0	0	0	558	
4	0	0	0	0	557	
5	0	0	0	0	556	
6	0	0	0	0	555	
7	0	0	0	0	556	
8	0	0	0	0	559	
9	0	0	0	0	559	
10	0	0	0	0	555	
11	0	0	0	0	553	
12	0	0	0	0	552	
13	0	0	0	0	551	
14	0	0	0	0	552	
15	0	0	0	0	551	
0	0	0	0	0	549	
1	0	0	0	0	548	
2	0	0	0	0	546	
3	0	0	0	0	545	
4	0	0	0	0	542	
5	0	0	0	0	539	
6	0	0	0	0	537	
7	0	0	0	0	537	
8	0	0	0	0	535	
9	0	0	0	0	530	
10	0	0	0	0	527	
11	0	0	0	0	527	
12	0	0	0	0	526	
13	0	0	0	0	527	
14	0	0	0	0	526	
15	0	0	0	0	521	
0	0	0	0	0	519	
1	0	0	0	0	514	
2	0	0	0	0	511	
3	0	0	0	0	511	
4	0	0	0	0	508	
5	0	0	0	0	505	
6	0	0	0	0	504	
7	0	0	0	0	504	
8	0	0	0	0	500	
9	0	0	0	0	496	
10	0	0	0	0	492	
11	0	0	0	0	487	
12	0	0	0	0	483	
13	0	0	0	0	484	
14	0	0	0	0	482	
15	0	0	0	0	479	
0	0	0	0	0	477	
1	0	0	0	0	474	
2	0	0	0	0	473	
3	0	0	0	0	471	
4	0	0	0	0	469	
5	0	0	0	0	468	
6	0	0	0	0	466	
7	0	0	0	0	464	
8	0	0	0	0	462	
9	0	0	0	0	464	
10	0	0	0	0	464	
11	0	0	0	0	464	
12	0	0	0	0	462	
13	0	0	0	0	461	
14	0	0	0	0	460	
15	0	0	0	0	460	
0	0	0	0	0	458	
1	0	0	0	0	458	
2	0	0	0	0	457	
3	0	0	0	0	455	
4	0	0	0	0	453	
5	0	0	0	0	451	
6	0	0	0	0	451	
7	0	0	0	0	449	
8	0	0	0	0	445	
9	0	0	0	0	443	
10	0	0	0	0	442	
11	0	0	0	0	441	
12	0	0	0	0	441	
13	0	0	0	0	443	
14	0	0	0	0	444	
15	0	0	0	0	446	
0	0	0	0	0	448	
1	0	0	0	0	448	
2	0	0	0	0	448	
3	0	0	0	0	448	
4	0	0	0	0	447	
5	0	0	0	0	450	
6	0	0	0	0	450	
7	0	0	0	0	450	
8	0	0	0	0	449	
9	0	0	0	0	448	
10	0	0	0	0	448	
11	0	0	0	0	448	
12	0	0	0	0	449	
13	0	0	0	0	449	
14	0	0	0	0	449	
15	0	0	0	0	451	
0	0	0	0	0	452	
1	0	0	0	0	455	
2	0	0	0	0	457	
3	0	0	0	0	459	
4	0	0	0	0	457	
5	0	0	0	0	455	
6	0	0	0	0	455	
7	0	0	0	0	455	
8	0	0	0	0	455	
9	0	0	0	0	455	
10	0	0	0	0	455	
11	0	0	0	0	455	
12	0	0	0	0	457	
13	0	0	0	0	461	
14	0	0	0	0	464	
15	0	0	0	0	466	
0	0	0	0	0	465	
1	0	0	0	0	466	
2	0	0	0	0	464	
3	0	0	0	0	465	
4	0	0	0	0	464	
5	0	0	0	0	465	
6	0	0	0	0	465	
7	0	0	0	0	463	
8	0	0	0	0	462	
9	0	0	0	0	462	
10	0	0	0	0	463	
11	0	0	0	0	465	
12	0	0	0	0	465	
13	0	0	0	0	466	
14	0	0	0	0	466	
15	0	0	0	0	469	
0	0	0	0	0	473	
1	0	0	0	0	475	
2	0	0	0	0	473	
3	0	0	0	0	472	
4	0	0	0	0	472	
5	0	0	0	0	473	
6	0	0	0	0	475	
7	0	0	0	0	479	
8	0	0	0	0	480	
9	0	0	0	0	479	
10	0	0	0	0	477	
11	0	0	0	0	475	
12	0	0	0	0	474	
13	0	0	0	0	473	
14	0	0	0	0	472	
15	0	0	0	0	473	
0	0	0	0	0	475	
1	0	0	0	0	477	
2	0	0	0	0	480	
3	0	0	0	0	483	
4	0	0	0	0	485	
5	0	0	0	0	486	
6	0	0	0	0	486	
7	0	0	0	0	484	
8	0	0	0	0	483	
9	0	0	0	0	482	
10	0	0	0	0	483	
11	0	0	0	0	485	
12	0	0	0	0	484	
13	0	0	0	0	483	
14	0	0	0	0	483	
15	0	0	0	0	484	
0	0	0	0	0	484	
1	0	0	0	0	484	
2	0	0	0	0	484	
3	0	0	0	0	486	
4	0	0	0	0	488	
5	0	0	0	0	489	
6	0	0	0	0	489	
7	0	0	0	0	490	
8	0	0	0	0	489	
9	0	0	0	0	490	
10	0	0	0	0	493	
11	0	0	0	0	493	
12	0	0	0	0	490	
13	0	0	0	0	489	
14	0	0	0	0	490	
15	0	0	0	0	493	
0	0	0	0	0	494	
1	0	0	0	0	492	
2	0	0	0	0	491	
3	0	0	0	0	489	
4	0	0	0	0	493	
5	0	0	0	0	493	
6	0	0	0	0	493	
7	0	0	0	0	495	
8	0	0	0	0	495	
9	0	0	0	0	496	
10	0	0	0	0	496	
11	0	0	0	0	496	
12	0	0	0	0	495	
13	0	0	0	0	493	
14	0	0	0	0	494	
15	0	0	0	0	494	
0	0	0	0	0	496	
1	0	0	0	0	497	
2	0	0	0	0	497	
3	0	0	0	0	496	
4	0	0	0	0	496	
5	0	0	0	0	497	
6	0	0	0	0	497	
7	0	0	0	0	496	
8	0	0	0	0	494	
9	0	0	0	0	495	
10	0	0	0	0	495	
11	0	0	0	0	496	
12	0	0	0	0	496	
13	0	0	0	0	497	
14	0	0	0	0	496	
15	0	0	0	0	499	
0	0	0	0	0	499	
1	0	0	0	0	498	
2	0	0	0	0	500	
3	0	0	0	0	501	
4	0	0	0	0	502	
5	0	0	0	0	504	
6	0	0	0	0	504	
7	0	0	0	0	509	
8	0	0	0	0	509	
9	0	0	0	0	505	
10	0	0	0	0	502	
11	0	0	0	0	503	
12	0	0	0	0	503	
13	0	0	0	0	503	
14	0	0	0	0	504	
15	0	0	0	0	505	
0	0	0	0	0	505	
1	0	0	0	0	508	
2	0	0	0	0	508	
3	0	0	0	0	508	
4	0	0	0	0	508	
5	0	0	0	0	507	
6	0	0	0	0	506	
7	0	0	0	0	504	
8	0	0	0	0	504	
9	0	0	0	0	504	
10	0	0	0	0	503	
11	0	0	0	0	502	
12	0	0	0	0	501	
13	0	0	0	0	501	
14	0	0	0	0	499	
15	0	0	0	0	497	
0	0	0	0	0	499	
1	0	0	0	0	499	
2	0	0	0	0	500	
3	0	0	0	0	504	
4	0	0	0	0	506	
5	0	0	0	0	508	
6	0	0	0	0	507	
7	0	0	0	0	504	
8	0	0	0	0	502	
9	0	0	0	0	503	
10	0	0	0	0	503	
11	0	0	0	0	503	
12	0	0	0	0	503	
13	0	0	0	0	503	
14	0	0	0	0	503	
15	0	0	0	0	503	
0	0	0	0	0	502	
1	0	0	0	0	502	
2	0	0	0	0	502	
3	0	0	0	0	502	
4	0	0	0	0	503	
5	0	0	0	0	504	
6	0	0	0	0	505	
7	0	0	0	0	505	
8	0	0	0	0	504	
9	0	0	0	0	505	
10	0	0	0	0	504	
11	0	0	0	0	506	
12	0	0	0	0	507	
13	0	0	0	0	507	
14	0	0	0	0	505	
15	0	0	0	0	504	
0	0	0	0	0	504	
1	0	0	0	0	501	
2	0	0	0	0	500	
3	0	0	0	0	499	
4	0	0	0	0	498	
5	0	0	0	0	500	
6	0	0	0	0	504	
7	0	0	0	0	503	
8	0	0	0	0	498	
9	0	0	0	0	497	
10	0	0	0	0	498	
11	0	0	0	0	499	
12	0	0	0	0	499	
13	0	0	0	0	499	
14	0	0	0	0	500	
15	0	0	0	0	502	
0	0	0	0	0	503	
1	0	0	0	0	502	
2	0	0	0	0	502	
3	0	0	0	0	501	
4	0	0	0	0	501	
5	0	0	0	0	503	
6	0	0	0	0	503	
7	0	0	0	0	506	
8	0	0	0	0	508	
9	0	0	0	0	511	
10	0	0	0	0	509	
11	0	0	0	0	509	
12	0	0	0	0	511	
13	0	0	0	0	510	
14	0	0	0	0	509	
15	0	0	0	0	510	
0	0	0	0	0	510	
1	0	0	0	0	510	
2	0	0	0	0	508	
3	0	0	0	0	509	
4	0	0	0	0	509	
5	0	0	0	0	505	
6	0	0	0	0	501	
7	0	0	0	0	499	
8	0	0	0	0	497	
9	0	0	0	0	497	
10	0	0	0	0	496	
11	0	0	0	0	494	
12	0	0	0	0	492	
13	0	0	0	0	490	
14	0	0	0	0	488	
15	0	0	0	0	487	
0	0	0	0	0	487	
1	0	0	0	0	489	
2	0	0	0	0	490	
3	0	0	0	0	491	
4	0	0	0	0	492	
5	0	0	0	0	497	
6	0	0	0	0	501	
7	0	0	0	0	505	
8	0	0	0	0	508	
9	0	0	0	0	508	
10	0	0	0	0	509	
11	0	0	0	0	511	
12	0	0	0	0	510	
13	0	0	0	0	506	
14	0	0	0	0	501	
15	0	0	0	0	499	
0	0	0	0	0	499	
1	0	0	0	0	499	
2	0	0	0	0	499	
3	0	0	0	0	499	
4	0	0	0	0	499	
5	0	0	0	0	498	
6	0	0	0	0	496	
7	0	0	0	0	497	
8	0	0	0	0	497	
9	0	0	0	0	497	
10	0	0	0	0	494	
11	0	0	0	0	492	
12	0	0	0	0	489	
13	0	0	0	0	487	
14	0	0	0	0	485	
15	0	0	0	0	483	
0	0	0	0	0	483	
1	0	0	0	0	483	
2	0	0	0	0	482	
3	0	0	0	0	481	
4	0	0	0	0	483	
5	0	0	0	0	484	
6	0	0	0	0	485	
7	0	0	0	0	487	
8	0	0	0	0	489	
9	0	0	0	0	490	
10	0	0	0	0	491	
11	0	0	0	0	494	
12	0	0	0	0	497	
13	0	0	0	0	498	
14	0	0	0	0	498	
15	0	0	0	0	498	
0	0	0	0	0	496	
1	0	0	0	0	497	
2	0	0	0	0	497	
3	0	0	0	0	497	
4	0	0	0	0	498	
5	0	0	0	0	498	
6	0	0	0	0	496	
7	0	0	0	0	495	
8	0	0	0	0	494	
9	0	0	0	0	494	
10	0	0	0	0	494	
11	0	0	0	0	493	
12	0	0	0	0	493	
13	0	0	0	0	493	
14	0	0	0	0	492	
15	0	0	0	0	492	
0	0	0	0	0	490	
1	0	0	0	0	489	
2	0	0	0	0	486	
3	0	0	0	0	486	
4	0	0	0	0	486	
5	0	0	0	0	486	
6	0	0	0	0	486	
7	0	0	0	0	485	
8	0	0	0	0	487	
9	0	0	0	0	488	
10	0	0	0	0	491	
11	0	0	0	0	493	
12	0	0	0	0	493	
13	0	0	0	0	493	
14	0	0	0	0	496	
15	0	0	0	0	495	
0	0	0	0	0	494	
1	0	0	0	0	493	
2	0	0	0	0	492	
3	0	0	0	0	491	
4	0	0	0	0	490	
5	0	0	0	0	490	
6	0	0	0	0	489	
7	0	0	0	0	489	
8	0	0	0	0	489	
9	0	0	0	0	490	
10	0	0	0	0	492	
11	0	0	0	0	494	
12	0	0	0	0	495	
13	0	0	0	0	497	
14	0	0	0	0	497	
15	0	0	0	0	499	
0	0	0	0	0	499	
1	0	0	0	0	500	
2	0	0	0	0	501	
3	0	0	0	0	501	
4	0	0	0	0	502	
5	0	0	0	0	504	
6	0	0	0	0	500	
7	0	0	0	0	498	
8	0	0	0	0	495	
9	0	0	0	0	495	
10	0	0	0	0	494	
11	0	0	0	0	495	
12	0	0	0	0	496	
13	0	0	0	0	492	
14	0	0	0	0	489	
15	0	0	0	0	488	
0	0	0	0	0	488	
1	0	0	0	0	488	
2	0	0	0	0	489	
3	0	0	0	0	493	
4	0	0	0	0	496	
5	0	0	0	0	499	
6	0	0	0	0	503	
7	0	0	0	0	508	
8	0	0	0	0	513	
9	0	0	0	0	518	
10	0	0	0	0	524	
11	0	0	0	0	530	
12	0	0	0	0	534	
13	0	0	0	0	540	
14	0	0	0	0	549	
15	0	0	0	0	557	
0	0	0	0	0	569	
1	0	0	0	0	583	
2	0	0	0	0	600	
3	0	0	0	0	620	
4	0	0	0	0	639	
5	0	0	0	0	660	
6	0	0	0	0	679	
7	0	0	0	0	698	
8	0	0	0	0	716	
9	0	0	0	0	738	
10	0	0	0	0	761	
11	0	0	0	0	786	
12	0	0	0	0	810	
13	0	0	0	0	831	
14	0	0	0	0	851	
15	0	0	0	0	866	
0	0	0	0	0	868	
1	0	0	0	0	865	
2	0	0	0	0	858	
3	0	0	0	0	848	
4	0	0	0	0	833	
5	0	0	0	0	809	
6	0	0	0	0	785	
7	0	0	0	0	756	
8	0	0	0	0	723	
9	0	0	0	0	684	
10	0	0	0	0	643	
11	0	0	0	0	605	
12	0	0	0	0	564	
13	0	0	0	0	524	
14	0	0	0	0	484	
15	0	0	0	0	446	
0	0	0	0	0	415	
1	0	0	0	0	393	
2	0	0	0	0	380	
3	0	0	0	0	376	
4	0	0	0	0	376	
5	0	0	0	0	382	
6	0	0	0	0	389	
7	0	0	0	0	399	
8	0	0	0	0	410	
9	0	0	0	0	418	
10	0	0	0	0	425	
11	0	0	0	0	432	
12	0	0	0	0	439	
13	0	0	0	0	446	
14	0	0	0	0	450	
15	0	0	0	0	454	
0	0	0	0	0	456	
1	0	0	0	0	459	
2	0	0	0	0	460	
3	0	0	0	0	461	
4	0	0	0	0	462	
5	0	0	0	0	463	
6	0	0	0	0	463	
7	0	0	0	0	465	
8	0	0	0	0	464	
9	0	0	0	0	465	
10	0	0	0	0	465	
11	0	0	0	0	465	
12	0	0	0	0	465	
13	0	0	0	0	465	
14	0	0	0	0	464	
15	0	0	0	0	464	
0	0	0	0	0	465	
1	0	0	0	0	467	
2	0	0	0	0	466	
3	0	0	0	0	465	
4	0	0	0	0	466	
5	0	0	0	0	467	
6	0	0	0	0	467	
7	0	0	0	0	466	
8	0	0	0	0	465	
9	0	0	0	0	464	
10	0	0	0	0	463	
11	0	0	0	0	463	
12	0	0	0	0	462	
13	0	0	0	0	462	
14	0	0	0	0	463	
15	0	0	0	0	465	
0	0	0	0	0	466	
1	0	0	0	0	468	
2	0	0	0	0	471	
3	0	0	0	0	473	
4	0	0	0	0	473	
5	0	0	0	0	475	
6	0	0	0	0	476	
7	0	0	0	0	478	
8	0	0	0	0	478	
9	0	0	0	0	479	
10	0	0	0	0	480	
11	0	0	0	0	480	
12	0	0	0	0	481	
13	0	0	0	0	482	
14	0	0	0	0	483	
15	0	0	0	0	484	
0	0	0	0	0	487	
1	0	0	0	0	488	
2	0	0	0	0	488	
3	0	0	0	0	488	
4	0	0	0	0	487	
5	0	0	0	0	488	
6	0	0	0	0	489	
7	0	0	0	0	489	
8	0	0	0	0	489	
9	0	0	0	0	490	
10	0	0	0	0	491	
11	0	0	0	0	490	
12	0	0	0	0	489	
13	0	0	0	0	489	
14	0	0	0	0	491	
15	0	0	0	0	493	
0	0	0	0	0	496	
1	0	0	0	0	496	
2	0	0	0	0	496	
3	0	0	0	0	496	
4	0	0	0	0	496	
5	0	0	0	0	497	
6	0	0	0	0	498	
7	0	0	0	0	500	
8	0	0	0	0	502	
9	0	0	0	0	503	
10	0	0	0	0	503	
11	0	0	0	0	503	
12	0	0	0	0	504	
13	0	0	0	0	506	
14	0	0	0	0	507	
15	0	0	0	0	509	
0	0	0	0	0	510	
1	0	0	0	0	511	
2	0	0	0	0	510	
3	0	0	0	0	511	
4	0	0	0	0	511	
5	0	0	0	0	512	
6	0	0	0	0	511	
7	0	0	0	0	511	
8	0	0	0	0	511	
9	0	0	0	0	512	
10	0	0	0	0	510	
11	0	0	0	0	511	
12	0	0	0	0	511	
13	0	0	0	0	510	
14	0	0	0	0	511	
15	0	0	0	0	511	
0	0	0	0	0	513	
1	0	0	0	0	514	
2	0	0	0	0	515	
3	0	0	0	0	516	
4	0	0	0	0	518	
5	0	0	0	0	519	
6	0	0	0	0	520	
7	0	0	0	0	522	
8	0	0	0	0	524	
9	0	0	0	0	524	
10	0	0	0	0	524	
11	0	0	0	0	524	
12	0	0	0	0	524	
13	0	0	0	0	525	
14	0	0	0	0	526	
15	0	0	0	0	527	
0	0	0	0	0	529	
1	0	0	0	0	530	
2	0	0	0	0	530	
3	0	0	0	0	531	
4	0	0	0	0	532	
5	0	0	0	0	533	
6	0	0	0	0	531	
7	0	0	0	0	532	
8	0	0	0	0	533	
9	0	0	0	0	533	
10	0	0	0	0	533	
11	0	0	0	0	534	
12	0	0	0	0	534	
13	0	0	0	0	534	
14	0	0	0	0	532	
15	0	0	0	0	533	
0	0	0	0	0	534	
1	0	0	0	0	536	
2	0	0	0	0	536	
3	0	0	0	0	539	
4	0	0	0	0	540	
5	0	0	0	0	541	
6	0	0	0	0	542	
7	0	0	0	0	543	
8	0	0	0	0	544	
9	0	0	0	0	546	
10	0	0	0	0	545	
11	0	0	0	0	542	
12	0	0	0	0	540	
13	0	0	0	0	541	
14	0	0	0	0	542	
15	0	0	0	0	541	
0	0	0	0	0	543	
1	0	0	0	0	545	
2	0	0	0	0	547	
3	0	0	0	0	551	
4	0	0	0	0	552	
5	0	0	0	0	554	
6	0	0	0	0	555	
7	0	0	0	0	556	
8	0	0	0	0	556	
9	0	0	0	0	556	
10	0	0	0	0	557	
11	0	0	0	0	557	
12	0	0	0	0	557	
13	0	0	0	0	557	
14	0	0	0	0	557	
15	0	0	0	0	557	
0	0	0	0	0	556	
1	0	0	0	0	557	
2	0	0	0	0	559	
3	0	0	0	0	560	
4	0	0	0	0	562	
5	0	0	0	0	563	
6	0	0	0	0	564	
7	0	0	0	0	566	
8	0	0	0	0	564	
9	0	0	0	0	563	
10	0	0	0	0	563	
11	0	0	0	0	563	
12	0	0	0	0	563	
13	0	0	0	0	562	
14	0	0	0	0	561	
15	0	0	0	0	560	
0	0	0	0	0	560	
1	0	0	0	0	560	
2	0	0	0	0	560	
3	0	0	0	0	561	
4	0	0	0	0	561	
5	0	0	0	0	563	
6	0	0	0	0	564	
7	0	0	0	0	563	
8	0	0	0	0	563	
9	0	0	0	0	564	
10	0	0	0	0	566	
11	0	0	0	0	568	
12	0	0	0	0	569	
13	0	0	0	0	570	
14	0	0	0	0	570	
15	0	0	0	0	568	
0	0	0	0	0	568	
1	0	0	0	0	568	
2	0	0	0	0	568	
3	0	0	0	0	568	
4	0	0	0	0	567	
5	0	0	0	0	567	
6	0	0	0	0	566	
7	0	0	0	0	566	
8	0	0	0	0	565	
9	0	0	0	0	565	
10	0	0	0	0	566	
11	0	0	0	0	567	
12	0	0	0	0	567	
13	0	0	0	0	566	
14	0	0	0	0	565	
15	0	0	0	0	564	
0	0	0	0	0	564	
1	0	0	0	0	563	
2	0	0	0	0	561	
3	0	0	0	0	559	
4	0	0	0	0	559	
5	0	0	0	0	558	
6	0	0	0	0	558	
7	0	0	0	0	557	
8	0	0	0	0	556	
9	0	0	0	0	555	
10	0	0	0	0	553	
11	0	0	0	0	552	
12	0	0	0	0	551	
13	0	0	0	0	551	
14	0	0	0	0	549	
15	0	0	0	0	545	
0	0	0	0	0	543	
1	0	0	0	0	539	
2	0	0	0	0	536	
3	0	0	0	0	534	
4	0	0	0	0	532	
5	0	0	0	0	531	
6	0	0	0	0	528	
7	0	0	0	0	527	
8	0	0	0	0	527	
9	0	0	0	0	525	
10	0	0	0	0	523	
11	0	0	0	0	521	
12	0	0	0	0	518	
13	0	0	0	0	516	
14	0	0	0	0	513	
15	0	0	0	0	511	
0	0	0	0	0	508	
1	0	0	0	0	507	
2	0	0	0	0	505	
3	0	0	0	0	503	
4	0	0	0	0	500	
5	0	0	0	0	499	
6	0	0	0	0	496	
7	0	0	0	0	494	
8	0	0	0	0	491	
9	0	0	0	0	489	
10	0	0	0	0	487	
11	0	0	0	0	485	
12	0	0	0	0	481	
13	0	0	0	0	479	
14	0	0	0	0	478	
15	0	0	0	0	476	
0	0	0	0	0	472	
1	0	0	0	0	470	
2	0	0	0	0	467	
3	0	0	0	0	465	
4	0	0	0	0	463	
5	0	0	0	0	463	
6	0	0	0	0	462	
7	0	0	0	0	460	
8	0	0	0	0	460	
9	0	0	0	0	459	
10	0	0	0	0	459	
11	0	0	0	0	458	
12	0	0	0	0	457	
13	0	0	0	0	456	
14	0	0	0	0	455	
15	0	0	0	0	455	
0	0	0	0	0	455	
1	0	0	0	0	455	
2	0	0	0	0	455	
3	0	0	0	0	454	
4	0	0	0	0	453	
5	0	0	0	0	453	
6	0	0	0	0	453	
7	0	0	0	0	454	
8	0	0	0	0	453	
9	0	0	0	0	454	
10	0	0	0	0	454	
11	0	0	0	0	453	
12	0	0	0	0	454	
13	0	0	0	0	455	
14	0	0	0	0	455	
15	0	0	0	0	455	
0	0	0	0	0	454	
1	0	0	0	0	455	
2	0	0	0	0	455	
3	0	0	0	0	455	
4	0	0	0	0	455	
5	0	0	0	0	455	
6	0	0	0	0	456	
7	0	0	0	0	457	
8	0	0	0	0	459	
9	0	0	0	0	460	
10	0	0	0	0	460	
11	0	0	0	0	461	
12	0	0	0	0	460	
13	0	0	0	0	461	
14	0	0	0	0	462	
15	0	0	0	0	462	
0	0	0	0	0	463	
1	0	0	0	0	463	
2	0	0	0	0	463	
3	0	0	0	0	462	
4	0	0	0	0	461	
5	0	0	0	0	462	
6	0	0	0	0	462	
7	0	0	0	0	462	
8	0	0	0	0	464	
9	0	0	0	0	465	
10	0	0	0	0	467	
11	0	0	0	0	467	
12	0	0	0	0	466	
13	0	0	0	0	466	
14	0	0	0	0	466	
15	0	0	0	0	467	
0	0	0	0	0	468	
1	0	0	0	0	470	
2	0	0	0	0	470	
3	0	0	0	0	471	
4	0	0	0	0	471	
5	0	0	0	0	472	
6	0	0	0	0	472	
7	0	0	0	0	473	
8	0	0	0	0	475	
9	0	0	0	0	477	
10	0	0	0	0	477	
11	0	0	0	0	478	
12	0	0	0	0	479	
13	0	0	0	0	480	
14	0	0	0	0	481	
15	0	0	0	0	482	
0	0	0	0	0	484	
1	0	0	0	0	485	
2	0	0	0	0	486	
3	0	0	0	0	487	
4	0	0	0	0	487	
5	0	0	0	0	487	
6	0	0	0	0	488	
7	0	0	0	0	489	
8	0	0	0	0	490	
9	0	0	0	0	489	
10	0	0	0	0	490	
11	0	0	0	0	491	
12	0	0	0	0	491	
13	0	0	0	0	492	
14	0	0	0	0	491	
15	0	0	0	0	492	
0	0	0	0	0	492	
1	0	0	0	0	492	
2	0	0	0	0	493	
3	0	0	0	0	492	
4	0	0	0	0	492	
5	0	0	0	0	491	
6	0	0	0	0	491	
7	0	0	0	0	493	
8	0	0	0	0	493	
9	0	0	0	0	494	
10	0	0	0	0	495	
11	0	0	0	0	496	
12	0	0	0	0	499	
13	0	0	0	0	501	
14	0	0	0	0	502	
15	0	0	0	0	503	
0	0	0	0	0	502	
1	0	0	0	0	501	
2	0	0	0	0	499	
3	0	0	0	0	499	
4	0	0	0	0	499	
5	0	0	0	0	499	
6	0	0	0	0	500	
7	0	0	0	0	501	
8	0	0	0	0	501	
9	0	0	0	0	502	
10	0	0	0	0	503	
11	0	0	0	0	504	
12	0	0	0	0	504	
13	0	0	0	0	504	
14	0	0	0	0	505	
15	0	0	0	0	505	
0	0	0	0	0	506	
1	0	0	0	0	506	
2	0	0	0	0	508	
3	0	0	0	0	508	
4	0	0	0	0	508	
5	0	0	0	0	509	
6	0	0	0	0	508	
7	0	0	0	0	508	
8	0	0	0	0	508	
9	0	0	0	0	508	
10	0	0	0	0	509	
11	0	0	0	0	509	
12	0	0	0	0	510	
13	0	0	0	0	510	
14	0	0	0	0	511	
15	0	0	0	0	514	
0	0	0	0	0	516	
1	0	0	0	0	520	
2	0	0	0	0	524	
3	0	0	0	0	527	
4	0	0	0	0	529	
5	0	0	0	0	531	
6	0	0	0	0	532	
7	0	0	0	0	534	
8	0	0	0	0	535	
9	0	0	0	0	535	
10	0	0	0	0	536	
11	0	0	0	0	537	
12	0	0	0	0	537	
13	0	0	0	0	537	
14	0	0	0	0	539	
15	0	0	0	0	540	
0	0	0	0	0	542	
1	0	0	0	0	544	
2	0	0	0	0	546	
3	0	0	0	0	549	
4	0	0	0	0	550	
5	0	0	0	0	549	
6	0	0	0	0	548	
7	0	0	0	0	547	
8	0	0	0	0	547	
9	0	0	0	0	546	
10	0	0	0	0	545	
11	0	0	0	0	544	
12	0	0	0	0	543	
13	0	0	0	0	543	
14	0	0	0	0	544	
15	0	0	0	0	546	
0	0	0	0	0	545	
1	0	0	0	0	544	
2	0	0	0	0	544	
3	0	0	0	0	543	
4	0	0	0	0	543	
5	0	0	0	0	544	
6	0	0	0	0	544	
7	0	0	0	0	543	
8	0	0	0	0	541	
9	0	0	0	0	541	
10	0	0	0	0	539	
11	0	0	0	0	538	
12	0	0	0	0	537	
13	0	0	0	0	536	
14	0	0	0	0	536	
15	0	0	0	0	537	
0	0	0	0	0	536	
1	0	0	0	0	539	
2	0	0	0	0	538	
3	0	0	0	0	536	
4	0	0	0	0	532	
5	0	0	0	0	529	
6	0	0	0	0	526	
7	0	0	0	0	521	
8	0	0	0	0	519	
9	0	0	0	0	515	
10	0	0	0	0	512	
11	0	0	0	0	510	
12	0	0	0	0	509	
13	0	0	0	0	510	
14	0	0	0	0	512	
15	0	0	0	0	513	
0	0	0	0	0	514	
1	0	0	0	0	515	
2	0	0	0	0	517	
3	0	0	0	0	519	
4	0	0	0	0	519	
5	0	0	0	0	520	
6	0	0	0	0	521	
7	0	0	0	0	523	
8	0	0	0	0	524	
9	0	0	0	0	523	
10	0	0	0	0	525	
11	0	0	0	0	525	
12	0	0	0	0	526	
13	0	0	0	0	526	
14	0	0	0	0	527	
15	0	0	0	0	527	
0	0	0	0	0	527	
1	0	0	0	0	529	
2	0	0	0	0	531	
3	0	0	0	0	532	
4	0	0	0	0	533	
5	0	0	0	0	532	
6	0	0	0	0	532	
7	0	0	0	0	532	
8	0	0	0	0	530	
9	0	0	0	0	529	
10	0	0	0	0	527	
11	0	0	0	0	525	
12	0	0	0	0	524	
13	0	0	0	0	524	
14	0	0	0	0	524	
15	0	0	0	0	524	
0	0	0	0	0	523	
1	0	0	0	0	521	
2	0	0	0	0	521	
3	0	0	0	0	521	
4	0	0	0	0	521	
5	0	0	0	0	522	
6	0	0	0	0	522	
7	0	0	0	0	523	
8	0	0	0	0	524	
9	0	0	0	0	523	
10	0	0	0	0	523	
11	0	0	0	0	523	
12	0	0	0	0	523	
13	0	0	0	0	524	
14	0	0	0	0	524	
15	0	0	0	0	524	
0	0	0	0	0	524	
1	0	0	0	0	525	
2	0	0	0	0	525	
3	0	0	0	0	524	
4	0	0	0	0	524	
5	0	0	0	0	524	
6	0	0	0	0	523	
7	0	0	0	0	521	
8	0	0	0	0	518	
9	0	0	0	0	514	
10	0	0	0	0	510	
11	0	0	0	0	508	
12	0	0	0	0	506	
13	0	0	0	0	503	
14	0	0	0	0	499	
15	0	0	0	0	496	
0	0	0	0	0	493	
1	0	0	0	0	491	
2	0	0	0	0	487	
3	0	0	0	0	487	
4	0	0	0	0	488	
5	0	0	0	0	491	
6	0	0	0	0	494	
7	0	0	0	0	496	
8	0	0	0	0	498	
9	0	0	0	0	500	
10	0	0	0	0	501	
11	0	0	0	0	503	
12	0	0	0	0	505	
13	0	0	0	0	507	
14	0	0	0	0	508	
15	0	0	0	0	506	
0	0	0	0	0	505	
1	0	0	0	0	504	
2	0	0	0	0	504	
3	0	0	0	0	503	
4	0	0	0	0	499	
5	0	0	0	0	496	
6	0	0	0	0	494	
7	0	0	0	0	492	
8	0	0	0	0	490	
9	0	0	0	0	487	
10	0	0	0	0	486	
11	0	0	0	0	484	
12	0	0	0	0	483	
13	0	0	0	0	482	
14	0	0	0	0	483	
15	0	0	0	0	485	
0	0	0	0	0	487	
1	0	0	0	0	490	
2	0	0	0	0	492	
3	0	0	0	0	494	
4	0	0	0	0	496	
5	0	0	0	0	496	
6	0	0	0	0	496	
7	0	0	0	0	498	
8	0	0	0	0	499	
9	0	0	0	0	499	
10	0	0	0	0	499	
11	0	0	0	0	499	
12	0	0	0	0	497	
13	0	0	0	0	497	
14	0	0	0	0	498	
15	0	0	0	0	498	
0	0	0	0	0	499	
1	0	0	0	0	500	
2	0	0	0	0	499	
3	0	0	0	0	499	
4	0	0	0	0	498	
5	0	0	0	0	499	
6	0	0	0	0	498	
7	0	0	0	0	496	
8	0	0	0	0	494	
9	0	0	0	0	491	
10	0	0	0	0	489	
11	0	0	0	0	486	
12	0	0	0	0	483	
13	0	0	0	0	481	
14	0	0	0	0	480	
15	0	0	0	0	479	
0	0	0	0	0	478	
1	0	0	0	0	477	
2	0	0	0	0	477	
3	0	0	0	0	476	
4	0	0	0	0	477	
5	0	0	0	0	479	
6	0	0	0	0	480	
7	0	0	0	0	481	
8	0	0	0	0	481	
9	0	0	0	0	482	
10	0	0	0	0	484	
11	0	0	0	0	485	
12	0	0	0	0	486	
13	0	0	0	0	487	
14	0	0	0	0	488	
15	0	0	0	0	489	
0	0	0	0	0	489	
1	0	0	0	0	489	
2	0	0	0	0	487	
3	0	0	0	0	487	
4	0	0	0	0	487	
5	0	0	0	0	487	
6	0	0	0	0	486	
7	0	0	0	0	484	
8	0	0	0	0	483	
9	0	0	0	0	482	
10	0	0	0	0	481	
11	0	0	0	0	479	
12	0	0	0	0	477	
13	0	0	0	0	476	
14	0	0	0	0	475	
15	0	0	0	0	472	
0	0	0	0	0	471	
1	0	0	0	0	469	
2	0	0	0	0	471	
3	0	0	0	0	471	
4	0	0	0	0	472	
5	0	0	0	0	475	
6	0	0	0	0	476	
7	0	0	0	0	478	
8	0	0	0	0	480	
9	0	0	0	0	483	
10	0	0	0	0	484	
11	0	0	0	0	484	
12	0	0	0	0	484	
13	0	0	0	0	485	
14	0	0	0	0	485	
15	0	0	0	0	486	
0	0	0	0	0	485	
1	0	0	0	0	485	
2	0	0	0	0	486	
3	0	0	0	0	486	
4	0	0	0	0	487	
5	0	0	0	0	487	
6	0	0	0	0	488	
7	0	0	0	0	489	
8	0	0	0	0	490	
9	0	0	0	0	492	
10	0	0	0	0	492	
11	0	0	0	0	493	
12	0	0	0	0	492	
13	0	0	0	0	492	
14	0	0	0	0	492	
15	0	0	0	0	493	
0	0	0	0	0	493	
1	0	0	0	0	494	
2	0	0	0	0	492	
3	0	0	0	0	491	
4	0	0	0	0	491	
5	0	0	0	0	492	
6	0	0	0	0	492	
7	0	0	0	0	491	
8	0	0	0	0	490	
9	0	0	0	0	489	
10	0	0	0	0	488	
11	0	0	0	0	487	
12	0	0	0	0	484	
13	0	0	0	0	484	
14	0	0	0	0	483	
15	0	0	0	0	483	
0	0	0	0	0	483	
1	0	0	0	0	485	
2	0	0	0	0	488	
3	0	0	0	0	493	
4	0	0	0	0	499	
5	0	0	0	0	506	
6	0	0	0	0	512	
7	0	0	0	0	519	
8	0	0	0	0	527	
9	0	0	0	0	537	
10	0	0	0	0	547	
11	0	0	0	0	556	
12	0	0	0	0	568	
13	0	0	0	0	580	
14	0	0	0	0	596	
15	0	0	0	0	614	
0	0	0	0	0	632	
1	0	0	0	0	652	
2	0	0	0	0	671	
3	0	0	0	0	695	
4	0	0	0	0	719	
5	0	0	0	0	740	
6	0	0	0	0	765	
7	0	0	0	0	791	
8	0	0	0	0	818	
9	0	0	0	0	847	
10	0	0	0	0	871	
11	0	0	0	0	894	
12	0	0	0	0	911	
13	0	0	0	0	921	
14	0	0	0	0	924	
15	0	0	0	0	923	
0	0	0	0	0	919	
1	0	0	0	0	909	
2	0	0	0	0	891	
3	0	0	0	0	863	
4	0	0	0	0	829	
5	0	0	0	0	792	
6	0	0	0	0	749	
7	0	0	0	0	705	
8	0	0	0	0	659	
9	0	0	0	0	615	
10	0	0	0	0	571	
11	0	0	0	0	526	
12	0	0	0	0	484	
13	0	0	0	0	446	
14	0	0	0	0	413	
15	0	0	0	0	391	
0	0	0	0	0	377	
1	0	0	0	0	371	
2	0	0	0	0	373	
3	0	0	0	0	378	
4	0	0	0	0	383	
5	0	0	0	0	389	
6	0	0	0	0	394	
7	0	0	0	0	400	
8	0	0	0	0	405	
9	0	0	0	0	411	
10	0	0	0	0	418	
11	0	0	0	0	425	
12	0	0	0	0	431	
13	0	0	0	0	436	
14	0	0	0	0	441	
15	0	0	0	0	445	
0	0	0	0	0	450	
1	0	0	0	0	454	
2	0	0	0	0	455	
3	0	0	0	0	456	
4	0	0	0	0	455	
5	0	0	0	0	455	
6	0	0	0	0	454	
7	0	0	0	0	454	
8	0	0	0	0	453	
9	0	0	0	0	451	
10	0	0	0	0	451	
11	0	0	0	0	449	
12	0	0	0	0	449	
13	0	0	0	0	451	
14	0	0	0	0	452	
15	0	0	0	0	453	
0	0	0	0	0	454	
1	0	0	0	0	454	
2	0	0	0	0	457	
3	0	0	0	0	457	
4	0	0	0	0	457	
5	0	0	0	0	457	
6	0	0	0	0	455	
7	0	0	0	0	455	
8	0	0	0	0	455	
9	0	0	0	0	457	
10	0	0	0	0	458	
11	0	0	0	0	459	
12	0	0	0	0	459	
13	0	0	0	0	457	
14	0	0	0	0	459	
15	0	0	0	0	461	
0	0	0	0	0	462	
1	0	0	0	0	465	
2	0	0	0	0	466	
3	0	0	0	0	466	
4	0	0	0	0	465	
5	0	0	0	0	465	
6	0	0	0	0	466	
7	0	0	0	0	464	
8	0	0	0	0	464	
9	0	0	0	0	463	
10	0	0	0	0	465	
11	0	0	0	0	466	
12	0	0	0	0	465	
13	0	0	0	0	465	
14	0	0	0	0	468	
15	0	0	0	0	470	
0	0	0	0	0	472	
1	0	0	0	0	473	
2	0	0	0	0	473	
3	0	0	0	0	475	
4	0	0	0	0	474	
5	0	0	0	0	474	
6	0	0	0	0	475	
7	0	0	0	0	476	
8	0	0	0	0	475	
9	0	0	0	0	475	
10	0	0	0	0	475	
11	0	0	0	0	476	
12	0	0	0	0	478	
13	0	0	0	0	480	
14	0	0	0	0	481	
15	0	0	0	0	484	
0	0	0	0	0	486	
1	0	0	0	0	487	
2	0	0	0	0	489	
3	0	0	0	0	490	
4	0	0	0	0	491	
5	0	0	0	0	492	
6	0	0	0	0	491	
7	0	0	0	0	490	
8	0	0	0	0	489	
9	0	0	0	0	490	
10	0	0	0	0	487	
11	0	0	0	0	487	
12	0	0	0	0	486	
13	0	0	0	0	487	
14	0	0	0	0	487	
15	0	0	0	0	488	
0	0	0	0	0	488	
1	0	0	0	0	489	
2	0	0	0	0	490	
3	0	0	0	0	491	
4	0	0	0	0	492	
5	0	0	0	0	493	
6	0	0	0	0	494	
7	0	0	0	0	494	
8	0	0	0	0	496	
9	0	0	0	0	497	
10	0	0	0	0	499	
11	0	0	0	0	500	
12	0	0	0	0	501	
13	0	0	0	0	503	
14	0	0	0	0	504	
15	0	0	0	0	505	
0	0	0	0	0	506	
1	0	0	0	0	507	
2	0	0	0	0	508	
3	0	0	0	0	509	
4	0	0	0	0	510	
5	0	0	0	0	512	
6	0	0	0	0	512	
7	0	0	0	0	511	
8	0	0	0	0	509	
9	0	0	0	0	509	
10	0	0	0	0	510	
11	0	0	0	0	510	
12	0	0	0	0	510	
13	0	0	0	0	511	
14	0	0	0	0	511	
15	0	0	0	0	510	
0	0	0	0	0	511	
1	0	0	0	0	513	
2	0	0	0	0	514	
3	0	0	0	0	516	
4	0	0	0	0	518	
5	0	0	0	0	519	
6	0	0	0	0	521	
7	0	0	0	0	521	
8	0	0	0	0	525	
9	0	0	0	0	527	
10	0	0	0	0	527	
11	0	0	0	0	528	
12	0	0	0	0	528	
13	0	0	0	0	529	
14	0	0	0	0	528	
15	0	0	0	0	527	
0	0	0	0	0	527	
1	0	0	0	0	527	
2	0	0	0	0	529	
3	0	0	0	0	529	
4	0	0	0	0	529	
5	0	0	0	0	531	
6	0	0	0	0	531	
7	0	0	0	0	532	
8	0	0	0	0	534	
9	0	0	0	0	533	
10	0	0	0	0	537	
11	0	0	0	0	539	
12	0	0	0	0	540	
13	0	0	0	0	540	
14	0	0	0	0	538	
15	0	0	0	0	538	
0	0	0	0	0	540	
1	0	0	0	0	543	
2	0	0	0	0	544	
3	0	0	0	0	545	
4	0	0	0	0	547	
5	0	0	0	0	547	
6	0	0	0	0	547	
7	0	0	0	0	549	
8	0	0	0	0	550	
9	0	0	0	0	551	
10	0	0	0	0	550	
11	0	0	0	0	552	
12	0	0	0	0	553	
13	0	0	0	0	553	
14	0	0	0	0	552	
15	0	0	0	0	552	
0	0	0	0	0	553	
1	0	0	0	0	555	
2	0	0	0	0	556	
3	0	0	0	0	556	
4	0	0	0	0	558	
5	0	0	0	0	559	
6	0	0	0	0	559	
7	0	0	0	0	560	
8	0	0	0	0	561	
9	0	0	0	0	561	
10	0	0	0	0	563	
11	0	0	0	0	563	
12	0	0	0	0	563	
13	0	0	0	0	565	
14	0	0	0	0	565	
15	0	0	0	0	566	
0	0	0	0	0	565	
1	0	0	0	0	564	
2	0	0	0	0	565	
3	0	0	0	0	566	
4	0	0	0	0	567	
5	0	0	0	0	570	
6	0	0	0	0	571	
7	0	0	0	0	573	
8	0	0	0	0	573	
9	0	0	0	0	574	
10	0	0	0	0	572	
11	0	0	0	0	570	
12	0	0	0	0	569	
13	0	0	0	0	567	
14	0	0	0	0	566	
15	0	0	0	0	565	
0	0	0	0	0	565	
1	0	0	0	0	566	
2	0	0	0	0	566	
3	0	0	0	0	567	
4	0	0	0	0	566	
5	0	0	0	0	565	
6	0	0	0	0	564	
7	0	0	0	0	563	
8	0	0	0	0	565	
9	0	0	0	0	564	
10	0	0	0	0	563	
11	0	0	0	0	563	
12	0	0	0	0	563	
13	0	0	0	0	562	
14	0	0	0	0	562	
15	0	0	0	0	560	
0	0	0	0	0	560	
1	0	0	0	0	560	
2	0	0	0	0	560	
3	0	0	0	0	560	
4	0	0	0	0	559	
5	0	0	0	0	558	
6	0	0	0	0	556	
7	0	0	0	0	556	
8	0	0	0	0	554	
9	0	0	0	0	552	
10	0	0	0	0	552	
11	0	0	0	0	551	
12	0	0	0	0	550	
13	0	0	0	0	547	
14	0	0	0	0	543	
15	0	0	0	0	540	
0	0	0	0	0	538	
1	0	0	0	0	536	
2	0	0	0	0	534	
3	0	0	0	0	531	
4	0	0	0	0	528	
5	0	0	0	0	524	
6	0	0	0	0	521	
7	0	0	0	0	520	
8	0	0	0	0	518	
9	0	0	0	0	516	
10	0	0	0	0	512	
11	0	0	0	0	511	
12	0	0	0	0	509	
13	0	0	0	0	507	
14	0	0	0	0	504	
15	0	0	0	0	500	
0	0	0	0	0	496	
1	0	0	0	0	492	
2	0	0	0	0	487	
3	0	0	0	0	486	
4	0	0	0	0	482	
5	0	0	0	0	482	
6	0	0	0	0	481	
7	0	0	0	0	479	
8	0	0	0	0	479	
9	0	0	0	0	477	
10	0	0	0	0	476	
11	0	0	0	0	475	
12	0	0	0	0	471	
13	0	0	0	0	468	
14	0	0	0	0	463	
15	0	0	0	0	460	
0	0	0	0	0	458	
1	0	0	0	0	454	
2	0	0	0	0	451	
3	0	0	0	0	449	
4	0	0	0	0	448	
5	0	0	0	0	447	
6	0	0	0	0	447	
7	0	0	0	0	447	
8	0	0	0	0	447	
9	0	0	0	0	447	
10	0	0	0	0	447	
11	0	0	0	0	446	
12	0	0	0	0	446	
13	0	0	0	0	446	
14	0	0	0	0	446	
15	0	0	0	0	445	
0	0	0	0	0	444	
1	0	0	0	0	443	
2	0	0	0	0	442	
3	0	0	0	0	442	
4	0	0	0	0	442	
5	0	0	0	0	443	
6	0	0	0	0	443	
7	0	0	0	0	443	
8	0	0	0	0	443	
9	0	0	0	0	443	
10	0	0	0	0	442	
11	0	0	0	0	443	
12	0	0	0	0	443	
13	0	0	0	0	444	
14	0	0	0	0	444	
15	0	0	0	0	443	
0	0	0	0	0	443	
1	0	0	0	0	444	
2	0	0	0	0	444	
3	0	0	0	0	444	
4	0	0	0	0	443	
5	0	0	0	0	444	
6	0	0	0	0	445	
7	0	0	0	0	446	
8	0	0	0	0	445	
9	0	0	0	0	446	
10	0	0	0	0	447	
11	0	0	0	0	447	
12	0	0	0	0	450	
13	0	0	0	0	451	
14	0	0	0	0	452	
15	0	0	0	0	452	
0	0	0	0	0	451	
1	0	0	0	0	453	
2	0	0	0	0	455	
3	0	0	0	0	456	
4	0	0	0	0	457	
5	0	0	0	0	457	
6	0	0	0	0	457	
7	0	0	0	0	456	
8	0	0	0	0	456	
9	0	0	0	0	458	
10	0	0	0	0	459	
11	0	0	0	0	460	
12	0	0	0	0	461	
13	0	0	0	0	461	
14	0	0	0	0	461	
15	0	0	0	0	462	
0	0	0	0	0	464	
1	0	0	0	0	467	
2	0	0	0	0	467	
3	0	0	0	0	469	
4	0	0	0	0	469	
5	0	0	0	0	470	
6	0	0	0	0	471	
7	0	0	0	0	472	
8	0	0	0	0	471	
9	0	0	0	0	470	
10	0	0	0	0	470	
11	0	0	0	0	472	
12	0	0	0	0	474	
13	0	0	0	0	476	
14	0	0	0	0	476	
15	0	0	0	0	478	
0	0	0	0	0	479	
1	0	0	0	0	480	
2	0	0	0	0	480	
3	0	0	0	0	480	
4	0	0	0	0	482	
5	0	0	0	0	484	
6	0	0	0	0	485	
7	0	0	0	0	487	
8	0	0	0	0	486	
9	0	0	0	0	487	
10	0	0	0	0	488	
11	0	0	0	0	488	
12	0	0	0	0	489	
13	0	0	0	0	487	
14	0	0	0	0	486	
15	0	0	0	0	488	
0	0	0	0	0	487	
1	0	0	0	0	487	
2	0	0	0	0	487	
3	0	0	0	0	489	
4	0	0	0	0	489	
5	0	0	0	0	489	
6	0	0	0	0	490	
7	0	0	0	0	488	
8	0	0	0	0	490	
9	0	0	0	0	491	
10	0	0	0	0	491	
11	0	0	0	0	493	
12	0	0	0	0	494	
13	0	0	0	0	494	
14	0	0	0	0	495	
15	0	0	0	0	495	
0	0	0	0	0	495	
1	0	0	0	0	495	
2	0	0	0	0	496	
3	0	0	0	0	498	
4	0	0	0	0	498	
5	0	0	0	0	496	
6	0	0	0	0	496	
7	0	0	0	0	498	
8	0	0	0	0	498	
9	0	0	0	0	499	
10	0	0	0	0	501	
11	0	0	0	0	500	
12	0	0	0	0	499	
13	0	0	0	0	499	
14	0	0	0	0	499	
15	0	0	0	0	503	
0	0	0	0	0	505	
1	0	0	0	0	509	
2	0	0	0	0	514	
3	0	0	0	0	516	
4	0	0	0	0	518	
5	0	0	0	0	520	
6	0	0	0	0	523	
7	0	0	0	0	526	
8	0	0	0	0	528	
9	0	0	0	0	530	
10	0	0	0	0	532	
11	0	0	0	0	535	
12	0	0	0	0	536	
13	0	0	0	0	537	
14	0	0	0	0	540	
15	0	0	0	0	541	
0	0	0	0	0	542	
1	0	0	0	0	543	
2	0	0	0	0	543	
3	0	0	0	0	544	
4	0	0	0	0	545	
5	0	0	0	0	547	
6	0	0	0	0	548	
7	0	0	0	0	548	
8	0	0	0	0	550	
9	0	0	0	0	549	
10	0	0	0	0	550	
11	0	0	0	0	552	
12	0	0	0	0	552	
13	0	0	0	0	551	
14	0	0	0	0	550	
15	0	0	0	0	548	
0	0	0	0	0	543	
1	0	0	0	0	539	
2	0	0	0	0	535	
3	0	0	0	0	529	
4	0	0	0	0	524	
5	0	0	0	0	521	
6	0	0	0	0	516	
7	0	0	0	0	514	
8	0	0	0	0	512	
9	0	0	0	0	510	
10	0	0	0	0	509	
11	0	0	0	0	508	
12	0	0	0	0	508	
13	0	0	0	0	506	
14	0	0	0	0	504	
15	0	0	0	0	502	
0	0	0	0	0	501	
1	0	0	0	0	501	
2	0	0	0	0	500	
3	0	0	0	0	500	
4	0	0	0	0	500	
5	0	0	0	0	499	
6	0	0	0	0	497	
7	0	0	0	0	496	
8	0	0	0	0	496	
9	0	0	0	0	495	
10	0	0	0	0	494	
11	0	0	0	0	495	
12	0	0	0	0	495	
13	0	0	0	0	495	
14	0	0	0	0	495	
15	0	0	0	0	495	
0	0	0	0	0	497	
1	0	0	0	0	497	
2	0	0	0	0	497	
3	0	0	0	0	497	
4	0	0	0	0	497	
5	0	0	0	0	497	
6	0	0	0	0	496	
7	0	0	0	0	495	
8	0	0	0	0	495	
9	0	0	0	0	494	
10	0	0	0	0	493	
11	0	0	0	0	491	
12	0	0	0	0	491	
13	0	0	0	0	492	
14	0	0	0	0	492	
15	0	0	0	0	493	
0	0	0	0	0	492	
1	0	0	0	0	492	
2	0	0	0	0	490	
3	0	0	0	0	489	
4	0	0	0	0	490	
5	0	0	0	0	490	
6	0	0	0	0	489	
7	0	0	0	0	489	
8	0	0	0	0	489	
9	0	0	0	0	489	
10	0	0	0	0	489	
11	0	0	0	0	490	
12	0	0	0	0	491	
13	0	0	0	0	489	
14	0	0	0	0	489	
15	0	0	0	0	488	
0	0	0	0	0	489	
1	0	0	0	0	491	
2	0	0	0	0	491	
3	0	0	0	0	492	
4	0	0	0	0	491	
5	0	0	0	0	491	
6	0	0	0	0	490	
7	0	0	0	0	489	
8	0	0	0	0	490	
9	0	0	0	0	490	
10	0	0	0	0	491	
11	0	0	0	0	492	
12	0	0	0	0	491	
13	0	0	0	0	491	
14	0	0	0	0	491	
15	0	0	0	0	492	
0	0	0	0	0	493	
1	0	0	0	0	493	
2	0	0	0	0	494	
3	0	0	0	0	495	
4	0	0	0	0	494	
5	0	0	0	0	495	
6	0	0	0	0	495	
7	0	0	0	0	494	
8	0	0	0	0	494	
9	0	0	0	0	494	
10	0	0	0	0	494	
11	0	0	0	0	493	
12	0	0	0	0	492	
13	0	0	0	0	491	
14	0	0	0	0	491	
15	0	0	0	0	492	
0	0	0	0	0	493	
1	0	0	0	0	494	
2	0	0	0	0	493	
3	0	0	0	0	494	
4	0	0	0	0	495	
5	0	0	0	0	495	
6	0	0	0	0	496	
7	0	0	0	0	495	
8	0	0	0	0	497	
9	0	0	0	0	499	
10	0	0	0	0	498	
11	0	0	0	0	498	
12	0	0	0	0	497	
13	0	0	0	0	498	
14	0	0	0	0	499	
15	0	0	0	0	500	
0	0	0	0	0	502	
1	0	0	0	0	503	
2	0	0	0	0	503	
3	0	0	0	0	503	
4	0	0	0	0	503	
5	0	0	0	0	502	
6	0	0	0	0	499	
7	0	0	0	0	498	
8	0	0	0	0	498	
9	0	0	0	0	498	
10	0	0	0	0	499	
11	0	0	0	0	499	
12	0	0	0	0	498	
13	0	0	0	0	499	
14	0	0	0	0	500	
15	0	0	0	0	502	
0	0	0	0	0	502	
1	0	0	0	0	503	
2	0	0	0	0	505	
3	0	0	0	0	507	
4	0	0	0	0	507	
5	0	0	0	0	507	
6	0	0	0	0	507	
7	0	0	0	0	506	
8	0	0	0	0	503	
9	0	0	0	0	504	
10	0	0	0	0	504	
11	0	0	0	0	505	
12	0	0	0	0	508	
13	0	0	0	0	511	
14	0	0	0	0	515	
15	0	0	0	0	517	
0	0	0	0	0	519	
1	0	0	0	0	522	
2	0	0	0	0	524	
3	0	0	0	0	527	
4	0	0	0	0	529	
5	0	0	0	0	531	
6	0	0	0	0	532	
7	0	0	0	0	531	
8	0	0	0	0	530	
9	0	0	0	0	527	
10	0	0	0	0	526	
11	0	0	0	0	524	
12	0	0	0	0	522	
13	0	0	0	0	520	
14	0	0	0	0	517	
15	0	0	0	0	514	
0	0	0	0	0	512	
1	0	0	0	0	509	
2	0	0	0	0	509	
3	0	0	0	0	510	
4	0	0	0	0	510	
5	0	0	0	0	512	
6	0	0	0	0	513	
7	0	0	0	0	517	
8	0	0	0	0	519	
9	0	0	0	0	522	
10	0	0	0	0	524	
11	0	0	0	0	526	
12	0	0	0	0	526	
13	0	0	0	0	527	
14	0	0	0	0	527	
15	0	0	0	0	528	
0	0	0	0	0	526	
1	0	0	0	0	527	
2	0	0	0	0	528	
3	0	0	0	0	529	
4	0	0	0	0	531	
5	0	0	0	0	532	
6	0	0	0	0	533	
7	0	0	0	0	533	
8	0	0	0	0	531	
9	0	0	0	0	530	
10	0	0	0	0	529	
11	0	0	0	0	530	
12	0	0	0	0	529	
13	0	0	0	0	529	
14	0	0	0	0	527	
15	0	0	0	0	524	
0	0	0	0	0	521	
1	0	0	0	0	516	
2	0	0	0	0	514	
3	0	0	0	0	514	
4	0	0	0	0	513	
5	0	0	0	0	512	
6	0	0	0	0	512	
7	0	0	0	0	512	
8	0	0	0	0	511	
9	0	0	0	0	510	
10	0	0	0	0	510	
11	0	0	0	0	511	
12	0	0	0	0	512	
13	0	0	0	0	513	
14	0	0	0	0	513	
15	0	0	0	0	513	
0	0	0	0	0	513	
1	0	0	0	0	513	
2	0	0	0	0	513	
3	0	0	0	0	512	
4	0	0	0	0	513	
5	0	0	0	0	513	
6	0	0	0	0	513	
7	0	0	0	0	515	
8	0	0	0	0	515	
9	0	0	0	0	515	
10	0	0	0	0	514	
11	0	0	0	0	512	
12	0	0	0	0	510	
13	0	0	0	0	506	
14	0	0	0	0	504	
15	0	0	0	0	502	
0	0	0	0	0	500	
1	0	0	0	0	497	
2	0	0	0	0	495	
3	0	0	0	0	494	
4	0	0	0	0	495	
5	0	0	0	0	495	
6	0	0	0	0	497	
7	0	0	0	0	499	
8	0	0	0	0	500	
9	0	0	0	0	499	
10	0	0	0	0	499	
11	0	0	0	0	499	
12	0	0	0	0	498	
13	0	0	0	0	499	
14	0	0	0	0	499	
15	0	0	0	0	499	
0	0	0	0	0	500	
1	0	0	0	0	501	
2	0	0	0	0	502	
3	0	0	0	0	503	
4	0	0	0	0	504	
5	0	0	0	0	506	
6	0	0	0	0	506	
7	0	0	0	0	506	
8	0	0	0	0	506	
9	0	0	0	0	507	
10	0	0	0	0	509	
11	0	0	0	0	510	
12	0	0	0	0	511	
13	0	0	0	0	510	
14	0	0	0	0	511	
15	0	0	0	0	512	
0	0	0	0	0	511	
1	0	0	0	0	511	
2	0	0	0	0	512	
3	0	0	0	0	513	
4	0	0	0	0	513	
5	0	0	0	0	514	
6	0	0	0	0	514	
7	0	0	0	0	513	
8	0	0	0	0	513	
9	0	0	0	0	513	
10	0	0	0	0	513	
11	0	0	0	0	515	
12	0	0	0	0	516	
13	0	0	0	0	517	
14	0	0	0	0	517	
15	0	0	0	0	515	
0	0	0	0	0	514	
1	0	0	0	0	511	
2	0	0	0	0	507	
3	0	0	0	0	505	
4	0	0	0	0	503	
5	0	0	0	0	502	
6	0	0	0	0	500	
7	0	0	0	0	500	
8	0	0	0	0	502	
9	0	0	0	0	505	
10	0	0	0	0	511	
11	0	0	0	0	516	
12	0	0	0	0	523	
13	0	0	0	0	529	
14	0	0	0	0	536	
15	0	0	0	0	543	
0	0	0	0	0	549	
1	0	0	0	0	556	
2	0	0	0	0	563	
3	0	0	0	0	573	
4	0	0	0	0	585	
5	0	0	0	0	600	
6	0	0	0	0	616	
7	0	0	0	0	636	
8	0	0	0	0	656	
9	0	0	0	0	680	
10	0	0	0	0	703	
11	0	0	0	0	726	
12	0	0	0	0	747	
13	0	0	0	0	771	
14	0	0	0	0	799	
15	0	0	0	0	829	
0	0	0	0	0	860	
1	0	0	0	0	885	
2	0	0	0	0	907	
3	0	0	0	0	924	
4	0	0	0	0	933	
5	0	0	0	0	935	
6	0	0	0	0	932	
7	0	0	0	0	926	
8	0	0	0	0	917	
9	0	0	0	0	898	
10	0	0	0	0	872	
11	0	0	0	0	839	
12	0	0	0	0	799	
13	0	0	0	0	755	
14	0	0	0	0	710	
15	0	0	0	0	667	
0	0	0	0	0	623	
1	0	0	0	0	579	
2	0	0	0	0	535	
3	0	0	0	0	491	
4	0	0	0	0	452	
5	0	0	0	0	421	
6	0	0	0	0	399	
7	0	0	0	0	387	
8	0	0	0	0	383	
9	0	0	0	0	387	
10	0	0	0	0	395	
11	0	0	0	0	403	
12	0	0	0	0	412	
13	0	0	0	0	419	
14	0	0	0	0	424	
15	0	0	0	0	427	
0	0	0	0	0	430	
1	0	0	0	0	435	
2	0	0	0	0	439	
3	0	0	0	0	444	
4	0	0	0	0	448	
5	0	0	0	0	451	
6	0	0	0	0	454	
7	0	0	0	0	456	
8	0	0	0	0	459	
9	0	0	0	0	461	
10	0	0	0	0	463	
11	0	0	0	0	465	
12	0	0	0	0	465	
13	0	0	0	0	466	
14	0	0	0	0	467	
15	0	0	0	0	466	
0	0	0	0	0	467	
1	0	0	0	0	465	
2	0	0	0	0	463	
3	0	0	0	0	463	
4	0	0	0	0	461	
5	0	0	0	0	462	
6	0	0	0	0	461	
7	0	0	0	0	460	
8	0	0	0	0	459	
9	0	0	0	0	459	
10	0	0	0	0	461	
11	0	0	0	0	460	
12	0	0	0	0	461	
13	0	0	0	0	463	
14	0	0	0	0	463	
15	0	0	0	0	464	
0	0	0	0	0	466	
1	0	0	0	0	468	
2	0	0	0	0	469	
3	0	0	0	0	469	
4	0	0	0	0	470	
5	0	0	0	0	469	
6	0	0	0	0	469	
7	0	0	0	0	469	
8	0	0	0	0	468	
9	0	0	0	0	469	
10	0	0	0	0	470	
11	0	0	0	0	473	
12	0	0	0	0	476	
13	0	0	0	0	479	
14	0	0	0	0	480	
15	0	0	0	0	480	
0	0	0	0	0	481	
1	0	0	0	0	484	
2	0	0	0	0	486	
3	0	0	0	0	487	
4	0	0	0	0	487	
5	0	0	0	0	488	
6	0	0	0	0	488	
7	0	0	0	0	489	
8	0	0	0	0	488	
9	0	0	0	0	487	
10	0	0	0	0	487	
11	0	0	0	0	487	
12	0	0	0	0	487	
13	0	0	0	0	489	
14	0	0	0	0	489	
15	0	0	0	0	489	
0	0	0	0	0	489	
1	0	0	0	0	488	
2	0	0	0	0	489	
3	0	0	0	0	491	
4	0	0	0	0	492	
5	0	0	0	0	492	
6	0	0	0	0	492	
7	0	0	0	0	492	
8	0	0	0	0	493	
9	0	0	0	0	494	
10	0	0	0	0	494	
11	0	0	0	0	495	
12	0	0	0	0	495	
13	0	0	0	0	495	
14	0	0	0	0	495	
15	0	0	0	0	496	
0	0	0	0	0	496	
1	0	0	0	0	497	
2	0	0	0	0	497	
3	0	0	0	0	498	
4	0	0	0	0	498	
5	0	0	0	0	498	
6	0	0	0	0	498	
7	0	0	0	0	497	
8	0	0	0	0	498	
9	0	0	0	0	499	
10	0	0	0	0	498	
11	0	0	0	0	499	
12	0	0	0	0	500	
13	0	0	0	0	502	
14	0	0	0	0	504	
15	0	0	0	0	505	
0	0	0	0	0	508	
1	0	0	0	0	510	
2	0	0	0	0	510	
3	0	0	0	0	511	
4	0	0	0	0	512	
5	0	0	0	0	512	
6	0	0	0	0	512	
7	0	0	0	0	512	
8	0	0	0	0	511	
9	0	0	0	0	511	
10	0	0	0	0	512	
11	0	0	0	0	512	
12	0	0	0	0	513	
13	0	0	0	0	513	
14	0	0	0	0	512	
15	0	0	0	0	512	
0	0	0	0	0	512	
1	0	0	0	0	512	
2	0	0	0	0	514	
3	0	0	0	0	516	
4	0	0	0	0	518	
5	0	0	0	0	518	
6	0	0	0	0	518	
7	0	0	0	0	519	
8	0	0	0	0	520	
9	0	0	0	0	523	
10	0	0	0	0	521	
11	0	0	0	0	521	
12	0	0	0	0	523	
13	0	0	0	0	523	
14	0	0	0	0	525	
15	0	0	0	0	526	
0	0	0	0	0	527	
1	0	0	0	0	528	
2	0	0	0	0	530	
3	0	0	0	0	531	
4	0	0	0	0	531	
5	0	0	0	0	530	
6	0	0	0	0	529	
7	0	0	0	0	528	
8	0	0	0	0	527	
9	0	0	0	0	527	
10	0	0	0	0	527	
11	0	0	0	0	528	
12	0	0	0	0	528	
13	0	0	0	0	529	
14	0	0	0	0	527	
15	0	0	0	0	529	
0	0	0	0	0	531	
1	0	0	0	0	533	
2	0	0	0	0	536	
3	0	0	0	0	536	
4	0	0	0	0	537	
5	0	0	0	0	535	
6	0	0	0	0	534	
7	0	0	0	0	535	
8	0	0	0	0	535	
9	0	0	0	0	536	
10	0	0	0	0	538	
11	0	0	0	0	538	
12	0	0	0	0	540	
13	0	0	0	0	540	
14	0	0	0	0	540	
15	0	0	0	0	543	
0	0	0	0	0	545	
1	0	0	0	0	547	
2	0	0	0	0	548	
3	0	0	0	0	550	
4	0	0	0	0	551	
5	0	0	0	0	552	
6	0	0	0	0	555	
7	0	0	0	0	555	
8	0	0	0	0	557	
9	0	0	0	0	557	
10	0	0	0	0	556	
11	0	0	0	0	556	
12	0	0	0	0	553	
13	0	0	0	0	556	
14	0	0	0	0	560	
15	0	0	0	0	562	
0	0	0	0	0	561	
1	0	0	0	0	560	
2	0	0	0	0	558	
3	0	0	0	0	558	
4	0	0	0	0	556	
5	0	0	0	0	558	
6	0	0	0	0	559	
7	0	0	0	0	562	
8	0	0	0	0	563	
9	0	0	0	0	564	
10	0	0	0	0	565	
11	0	0	0	0	566	
12	0	0	0	0	565	
13	0	0	0	0	565	
14	0	0	0	0	566	
15	0	0	0	0	568	
0	0	0	0	0	568	
1	0	0	0	0	571	
2	0	0	0	0	572	
3	0	0	0	0	573	
4	0	0	0	0	571	
5	0	0	0	0	569	
6	0	0	0	0	571	
7	0	0	0	0	572	
8	0	0	0	0	572	
9	0	0	0	0	572	
10	0	0	0	0	570	
11	0	0	0	0	567	
12	0	0	0	0	566	
13	0	0	0	0	566	
14	0	0	0	0	566	
15	0	0	0	0	568	
0	0	0	0	0	568	
1	0	0	0	0	568	
2	0	0	0	0	567	
3	0	0	0	0	568	
4	0	0	0	0	568	
5	0	0	0	0	567	
6	0	0	0	0	566	
7	0	0	0	0	564	
8	0	0	0	0	565	
9	0	0	0	0	565	
10	0	0	0	0	567	
11	0	0	0	0	568	
12	0	0	0	0	566	
13	0	0	0	0	564	
14	0	0	0	0	563	
15	0	0	0	0	562	
0	0	0	0	0	560	
1	0	0	0	0	559	
2	0	0	0	0	559	
3	0	0	0	0	556	
4	0	0	0	0	552	
5	0	0	0	0	549	
6	0	0	0	0	547	
7	0	0	0	0	546	
8	0	0	0	0	545	
9	0	0	0	0	544	
10	0	0	0	0	540	
11	0	0	0	0	535	
12	0	0	0	0	529	
13	0	0	0	0	525	
14	0	0	0	0	523	
15	0	0	0	0	520	
0	0	0	0	0	516	
1	0	0	0	0	512	
2	0	0	0	0	509	
3	0	0	0	0	507	
4	0	0	0	0	504	
5	0	0	0	0	500	
6	0	0	0	0	497	
7	0	0	0	0	495	
8	0	0	0	0	492	
9	0	0	0	0	489	
10	0	0	0	0	487	
11	0	0	0	0	484	
12	0	0	0	0	481	
13	0	0	0	0	478	
14	0	0	0	0	476	
15	0	0	0	0	473	
0	0	0	0	0	471	
1	0	0	0	0	470	
2	0	0	0	0	470	
3	0	0	0	0	469	
4	0	0	0	0	469	
5	0	0	0	0	470	
6	0	0	0	0	468	
7	0	0	0	0	467	
8	0	0	0	0	466	
9	0	0	0	0	463	
10	0	0	0	0	460	
11	0	0	0	0	456	
12	0	0	0	0	454	
13	0	0	0	0	454	
14	0	0	0	0	451	
15	0	0	0	0	448	
0	0	0	0	0	444	
1	0	0	0	0	443	
2	0	0	0	0	444	
3	0	0	0	0	443	
4	0	0	0	0	441	
5	0	0	0	0	443	
6	0	0	0	0	444	
7	0	0	0	0	443	
8	0	0	0	0	442	
9	0	0	0	0	443	
10	0	0	0	0	442	
11	0	0	0	0	443	
12	0	0	0	0	442	
13	0	0	0	0	442	
14	0	0	0	0	444	
15	0	0	0	0	443	
0	0	0	0	0	442	
1	0	0	0	0	442	
2	0	0	0	0	441	
3	0	0	0	0	443	
4	0	0	0	0	444	
5	0	0	0	0	445	
6	0	0	0	0	444	
7	0	0	0	0	444	
8	0	0	0	0	446	
9	0	0	0	0	446	
10	0	0	0	0	447	
11	0	0	0	0	450	
12	0	0	0	0	452	
13	0	0	0	0	453	
14	0	0	0	0	452	
15	0	0	0	0	452	
0	0	0	0	0	450	
1	0	0	0	0	450	
2	0	0	0	0	449	
3	0	0	0	0	452	
4	0	0	0	0	455	
5	0	0	0	0	457	
6	0	0	0	0	456	
7	0	0	0	0	456	
8	0	0	0	0	456	
9	0	0	0	0	455	
10	0	0	0	0	456	
11	0	0	0	0	455	
12	0	0	0	0	455	
13	0	0	0	0	456	
14	0	0	0	0	460	
15	0	0	0	0	462	
0	0	0	0	0	462	
1	0	0	0	0	463	
2	0	0	0	0	465	
3	0	0	0	0	467	
4	0	0	0	0	465	
5	0	0	0	0	463	
6	0	0	0	0	463	
7	0	0	0	0	463	
8	0	0	0	0	465	
9	0	0	0	0	467	
10	0	0	0	0	467	
11	0	0	0	0	468	
12	0	0	0	0	468	
13	0	0	0	0	467	
14	0	0	0	0	467	
15	0	0	0	0	468	
0	0	0	0	0	468	
1	0	0	0	0	468	
2	0	0	0	0	470	
3	0	0	0	0	471	
4	0	0	0	0	471	
5	0	0	0	0	472	
6	0	0	0	0	474	
7	0	0	0	0	477	
8	0	0	0	0	478	
9	0	0	0	0	479	
10	0	0	0	0	480	
11	0	0	0	0	480	
12	0	0	0	0	478	
13	0	0	0	0	478	
14	0	0	0	0	481	
15	0	0	0	0	482	
0	0	0	0	0	481	
1	0	0	0	0	480	
2	0	0	0	0	477	
3	0	0	0	0	477	
4	0	0	0	0	479	
5	0	0	0	0	479	
6	0	0	0	0	479	
7	0	0	0	0	479	
8	0	0	0	0	480	
9	0	0	0	0	481	
10	0	0	0	0	480	
11	0	0	0	0	480	
12	0	0	0	0	480	
13	0	0	0	0	481	
14	0	0	0	0	483	
15	0	0	0	0	483	
0	0	0	0	0	482	
1	0	0	0	0	481	
2	0	0	0	0	481	
3	0	0	0	0	480	
4	0	0	0	0	478	
5	0	0	0	0	479	
6	0	0	0	0	480	
7	0	0	0	0	483	
8	0	0	0	0	487	
9	0	0	0	0	489	
10	0	0	0	0	490	
11	0	0	0	0	491	
12	0	0	0	0	492	
13	0	0	0	0	496	
14	0	0	0	0	498	
15	0	0	0	0	497	
0	0	0	0	0	496	
1	0	0	0	0	496	
2	0	0	0	0	496	
3	0	0	0	0	496	
4	0	0	0	0	495	
5	0	0	0	0	493	
6	0	0	0	0	492	
7	0	0	0	0	493	
8	0	0	0	0	494	
9	0	0	0	0	494	
10	0	0	0	0	496	
11	0	0	0	0	496	
12	0	0	0	0	494	
13	0	0	0	0	495	
14	0	0	0	0	495	
15	0	0	0	0	495	
0	0	0	0	0	494	
1	0	0	0	0	493	
2	0	0	0	0	491	
3	0	0	0	0	491	
4	0	0	0	0	493	
5	0	0	0	0	495	
6	0	0	0	0	494	
7	0	0	0	0	493	
8	0	0	0	0	494	
9	0	0	0	0	497	
10	0	0	0	0	500	
11	0	0	0	0	502	
12	0	0	0	0	504	
13	0	0	0	0	505	
14	0	0	0	0	507	
15	0	0	0	0	506	
0	0	0	0	0	505	
1	0	0	0	0	503	
2	0	0	0	0	500	
3	0	0	0	0	499	
4	0	0	0	0	499	
5	0	0	0	0	500	
6	0	0	0	0	500	
7	0	0	0	0	500	
8	0	0	0	0	499	
9	0	0	0	0	500	
10	0	0	0	0	501	
11	0	0	0	0	501	
12	0	0	0	0	504	
13	0	0	0	0	508	
14	0	0	0	0	510	
15	0	0	0	0	511	
0	0	0	0	0	511	
1	0	0	0	0	510	
2	0	0	0	0	508	
3	0	0	0	0	507	
4	0	0	0	0	507	
5	0	0	0	0	508	
6	0	0	0	0	509	
7	0	0	0	0	511	
8	0	0	0	0	512	
9	0	0	0	0	512	
10	0	0	0	0	511	
11	0	0	0	0	510	
12	0	0	0	0	508	
13	0	0	0	0	504	
14	0	0	0	0	502	
15	0	0	0	0	499	
0	0	0	0	0	498	
1	0	0	0	0	497	
2	0	0	0	0	494	
3	0	0	0	0	492	
4	0	0	0	0	492	
5	0	0	0	0	495	
6	0	0	0	0	498	
7	0	0	0	0	502	
8	0	0	0	0	504	
9	0	0	0	0	504	
10	0	0	0	0	504	
11	0	0	0	0	506	
12	0	0	0	0	508	
13	0	0	0	0	511	
14	0	0	0	0	512	
15	0	0	0	0	515	
0	0	0	0	0	516	
1	0	0	0	0	514	
2	0	0	0	0	514	
3	0	0	0	0	515	
4	0	0	0	0	515	
5	0	0	0	0	512	
6	0	0	0	0	509	
7	0	0	0	0	506	
8	0	0	0	0	505	
9	0	0	0	0	505	
10	0	0	0	0	505	
11	0	0	0	0	504	
12	0	0	0	0	504	
13	0	0	0	0	505	
14	0	0	0	0	507	
15	0	0	0	0	507	
0	0	0	0	0	508	
1	0	0	0	0	509	
2	0	0	0	0	510	
3	0	0	0	0	509	
4	0	0	0	0	509	
5	0	0	0	0	509	
6	0	0	0	0	509	
7	0	0	0	0	513	
8	0	0	0	0	513	
9	0	0	0	0	511	
10	0	0	0	0	510	
11	0	0	0	0	514	
12	0	0	0	0	515	
13	0	0	0	0	516	
14	0	0	0	0	516	
15	0	0	0	0	516	
0	0	0	0	0	515	
1	0	0	0	0	512	
2	0	0	0	0	512	
3	0	0	0	0	510	
4	0	0	0	0	511	
5	0	0	0	0	512	
6	0	0	0	0	511	
7	0	0	0	0	509	
8	0	0	0	0	507	
9	0	0	0	0	508	
10	0	0	0	0	508	
11	0	0	0	0	507	
12	0	0	0	0	509	
13	0	0	0	0	511	
14	0	0	0	0	512	
15	0	0	0	0	512	
0	0	0	0	0	511	
1	0	0	0	0	512	
2	0	0	0	0	511	
3	0	0	0	0	510	
4	0	0	0	0	512	
5	0	0	0	0	512	
6	0	0	0	0	511	
7	0	0	0	0	510	
8	0	0	0	0	511	
9	0	0	0	0	512	
10	0	0	0	0	512	
11	0	0	0	0	513	
12	0	0	0	0	512	
13	0	0	0	0	511	
14	0	0	0	0	511	
15	0	0	0	0	510	
0	0	0	0	0	509	
1	0	0	0	0	508	
2	0	0	0	0	507	
3	0	0	0	0	509	
4	0	0	0	0	509	
5	0	0	0	0	512	
6	0	0	0	0	513	
7	0	0	0	0	512	
8	0	0	0	0	511	
9	0	0	0	0	511	
10	0	0	0	0	513	
11	0	0	0	0	516	
12	0	0	0	0	519	
13	0	0	0	0	522	
14	0	0	0	0	522	
15	0	0	0	0	521	
0	0	0	0	0	521	
1	0	0	0	0	520	
2	0	0	0	0	522	
3	0	0	0	0	523	
4	0	0	0	0	525	
5	0	0	0	0	528	
6	0	0	0	0	529	
7	0	0	0	0	529	
8	0	0	0	0	527	
9	0	0	0	0	527	
10	0	0	0	0	526	
11	0	0	0	0	524	
12	0	0	0	0	521	
13	0	0	0	0	519	
14	0	0	0	0	519	
15	0	0	0	0	519	
0	0	0	0	0	517	
1	0	0	0	0	519	
2	0	0	0	0	522	
3	0	0	0	0	525	
4	0	0	0	0	529	
5	0	0	0	0	531	
6	0	0	0	0	530	
7	0	0	0	0	526	
8	0	0	0	0	523	
9	0	0	0	0	521	
10	0	0	0	0	521	
11	0	0	0	0	523	
12	0	0	0	0	524	
13	0	0	0	0	525	
14	0	0	0	0	524	
15	0	0	0	0	523	
0	0	0	0	0	525	
1	0	0	0	0	526	
2	0	0	0	0	528	
3	0	0	0	0	527	
4	0	0	0	0	526	
5	0	0	0	0	529	
6	0	0	0	0	531	
7	0	0	0	0	533	
8	0	0	0	0	533	
9	0	0	0	0	534	
10	0	0	0	0	537	
11	0	0	0	0	539	
12	0	0	0	0	539	
13	0	0	0	0	537	
14	0	0	0	0	536	
15	0	0	0	0	534	
0	0	0	0	0	530	
1	0	0	0	0	526	
2	0	0	0	0	523	
3	0	0	0	0	521	
4	0	0	0	0	520	
5	0	0	0	0	517	
6	0	0	0	0	517	
7	0	0	0	0	519	
8	0	0	0	0	522	
9	0	0	0	0	520	
10	0	0	0	0	518	
11	0	0	0	0	521	
12	0	0	0	0	524	
13	0	0	0	0	524	
14	0	0	0	0	528	
15	0	0	0	0	530	
0	0	0	0	0	532	
1	0	0	0	0	536	
2	0	0	0	0	536	
3	0	0	0	0	537	
4	0	0	0	0	541	
5	0	0	0	0	546	
6	0	0	0	0	545	
7	0	0	0	0	547	
8	0	0	0	0	549	
9	0	0	0	0	548	
10	0	0	0	0	546	
11	0	0	0	0	543	
12	0	0	0	0	537	
13	0	0	0	0	534	
14	0	0	0	0	531	
15	0	0	0	0	532	
0	0	0	0	0	530	
1	0	0	0	0	527	
2	0	0	0	0	525	
3	0	0	0	0	523	
4	0	0	0	0	524	
5	0	0	0	0	526	
6	0	0	0	0	523	
7	0	0	0	0	520	
8	0	0	0	0	521	
9	0	0	0	0	523	
10	0	0	0	0	523	
11	0	0	0	0	521	
12	0	0	0	0	519	
13	0	0	0	0	516	
14	0	0	0	0	515	
15	0	0	0	0	512	
0	0	0	0	0	514	
1	0	0	0	0	517	
2	0	0	0	0	517	
3	0	0	0	0	519	
4	0	0	0	0	519	
5	0	0	0	0	520	
6	0	0	0	0	524	
7	0	0	0	0	526	
8	0	0	0	0	524	
9	0	0	0	0	521	
10	0	0	0	0	519	
11	0	0	0	0	518	
12	0	0	0	0	516	
13	0	0	0	0	516	
14	0	0	0	0	516	
15	0	0	0	0	514	
0	0	0	0	0	515	
1	0	0	0	0	513	
2	0	0	0	0	511	
3	0	0	0	0	509	
4	0	0	0	0	511	
5	0	0	0	0	513	
6	0	0	0	0	512	
7	0	0	0	0	512	
8	0	0	0	0	514	
9	0	0	0	0	511	
10	0	0	0	0	508	
11	0	0	0	0	507	
12	0	0	0	0	510	
13	0	0	0	0	511	
14	0	0	0	0	510	
15	0	0	0	0	512	
0	0	0	0	0	509	
1	0	0	0	0	508	
2	0	0	0	0	508	
3	0	0	0	0	508	
4	0	0	0	0	507	
5	0	0	0	0	505	
6	0	0	0	0	501	
7	0	0	0	0	498	
8	0	0	0	0	498	
9	0	0	0	0	502	
10	0	0	0	0	504	
11	0	0	0	0	506	
12	0	0	0	0	509	
13	0	0	0	0	510	
14	0	0	0	0	512	
15	0	0	0	0	511	
0	0	0	0	0	509	
1	0	0	0	0	507	
2	0	0	0	0	504	
3	0	0	0	0	506	
4	0	0	0	0	507	
5	0	0	0	0	510	
6	0	0	0	0	512	
7	0	0	0	0	512	
8	0	0	0	0	513	
9	0	0	0	0	513	
10	0	0	0	0	516	
11	0	0	0	0	519	
12	0	0	0	0	518	
13	0	0	0	0	516	
14	0	0	0	0	515	
15	0	0	0	0	515	
0	0	0	0	0	516	
1	0	0	0	0	516	
2	0	0	0	0	515	
3	0	0	0	0	512	
4	0	0	0	0	508	
5	0	0	0	0	507	
6	0	0	0	0	503	
7	0	0	0	0	501	
8	0	0	0	0	501	
9	0	0	0	0	502	
10	0	0	0	0	500	
11	0	0	0	0	498	
12	0	0	0	0	498	
13	0	0	0	0	499	
14	0	0	0	0	504	
15	0	0	0	0	511	
0	0	0	0	0	513	
1	0	0	0	0	515	
2	0	0	0	0	516	
3	0	0	0	0	521	
4	0	0	0	0	529	
5	0	0	0	0	536	
6	0	0	0	0	547	
7	0	0	0	0	558	
8	0	0	0	0	570	
9	0	0	0	0	585	
10	0	0	0	0	598	
11	0	0	0	0	615	
12	0	0	0	0	632	
13	0	0	0	0	652	
14	0	0	0	0	672	
15	0	0	0	0	692	
0	0	0	0	0	712	
1	0	0	0	0	733	
2	0	0	0	0	755	
3	0	0	0	0	777	
4	0	0	0	0	800	
5	0	0	0	0	819	
6	0	0	0	0	837	
7	0	0	0	0	850	
8	0	0	0	0	857	
9	0	0	0	0	856	
10	0	0	0	0	852	
11	0	0	0	0	844	
12	0	0	0	0	831	
13	0	0	0	0	813	
14	0	0	0	0	788	
15	0	0	0	0	761	
0	0	0	0	0	730	
1	0	0	0	0	700	
2	0	0	0	0	668	
3	0	0	0	0	635	
4	0	0	0	0	598	
5	0	0	0	0	555	
6	0	0	0	0	512	
7	0	0	0	0	472	
8	0	0	0	0	440	
9	0	0	0	0	416	
10	0	0	0	0	399	
11	0	0	0	0	389	
12	0	0	0	0	383	
13	0	0	0	0	383	
14	0	0	0	0	387	
15	0	0	0	0	392	
0	0	0	0	0	399	
1	0	0	0	0	404	
2	0	0	0	0	409	
3	0	0	0	0	416	
4	0	0	0	0	424	
5	0	0	0	0	431	
6	0	0	0	0	438	
7	0	0	0	0	448	
8	0	0	0	0	457	
9	0	0	0	0	462	
10	0	0	0	0	464	
11	0	0	0	0	465	
12	0	0	0	0	468	
13	0	0	0	0	472	
14	0	0	0	0	473	
15	0	0	0	0	471	
0	0	0	0	0	471	
1	0	0	0	0	473	
2	0	0	0	0	473	
3	0	0	0	0	470	
4	0	0	0	0	467	
5	0	0	0	0	467	
6	0	0	0	0	467	
7	0	0	0	0	468	
8	0	0	0	0	471	
9	0	0	0	0	472	
10	0	0	0	0	473	
11	0	0	0	0	476	
12	0	0	0	0	477	
13	0	0	0	0	476	
14	0	0	0	0	476	
15	0	0	0	0	478	
0	0	0	0	0	479	
1	0	0	0	0	477	
2	0	0	0	0	477	
3	0	0	0	0	480	
4	0	0	0	0	480	
5	0	0	0	0	479	
6	0	0	0	0	479	
7	0	0	0	0	479	
8	0	0	0	0	480	
9	0	0	0	0	480	
10	0	0	0	0	478	
11	0	0	0	0	475	
12	0	0	0	0	476	
13	0	0	0	0	476	
14	0	0	0	0	475	
15	0	0	0	0	476	
0	0	0	0	0	478	
1	0	0	0	0	481	
2	0	0	0	0	485	
3	0	0	0	0	485	
4	0	0	0	0	483	
5	0	0	0	0	486	
6	0	0	0	0	483	
7	0	0	0	0	484	
8	0	0	0	0	485	
9	0	0	0	0	485	
10	0	0	0	0	488	
11	0	0	0	0	485	
12	0	0	0	0	485	
13	0	0	0	0	486	
14	0	0	0	0	487	
15	0	0	0	0	492	
0	0	0	0	0	491	
1	0	0	0	0	492	
2	0	0	0	0	491	
3	0	0	0	0	490	
4	0	0	0	0	492	
5	0	0	0	0	495	
6	0	0	0	0	494	
7	0	0	0	0	494	
8	0	0	0	0	493	
9	0	0	0	0	492	
10	0	0	0	0	495	
11	0	0	0	0	497	
12	0	0	0	0	496	
13	0	0	0	0	494	
14	0	0	0	0	495	
15	0	0	0	0	495	
0	0	0	0	0	496	
1	0	0	0	0	496	
2	0	0	0	0	493	
3	0	0	0	0	491	
4	0	0	0	0	489	
5	0	0	0	0	489	
6	0	0	0	0	491	
7	0	0	0	0	494	
8	0	0	0	0	492	
9	0	0	0	0	494	
10	0	0	0	0	492	
11	0	0	0	0	493	
12	0	0	0	0	496	
13	0	0	0	0	498	
14	0	0	0	0	498	
15	0	0	0	0	501	
0	0	0	0	0	504	
1	0	0	0	0	505	
2	0	0	0	0	504	
3	0	0	0	0	504	
4	0	0	0	0	507	
5	0	0	0	0	509	
6	0	0	0	0	510	
7	0	0	0	0	509	
8	0	0	0	0	507	
9	0	0	0	0	505	
10	0	0	0	0	506	
11	0	0	0	0	508	
12	0	0	0	0	510	
13	0	0	0	0	510	
14	0	0	0	0	511	
15	0	0	0	0	513	
0	0	0	0	0	516	
1	0	0	0	0	519	
2	0	0	0	0	520	
3	0	0	0	0	522	
4	0	0	0	0	522	
5	0	0	0	0	521	
6	0	0	0	0	519	
7	0	0	0	0	515	
8	0	0	0	0	515	
9	0	0	0	0	515	
10	0	0	0	0	514	
11	0	0	0	0	515	
12	0	0	0	0	516	
13	0	0	0	0	519	
14	0	0	0	0	521	
15	0	0	0	0	521	
0	0	0	0	0	524	
1	0	0	0	0	527	
2	0	0	0	0	530	
3	0	0	0	0	529	
4	0	0	0	0	526	
5	0	0	0	0	524	
6	0	0	0	0	526	
7	0	0	0	0	528	
8	0	0	0	0	527	
9	0	0	0	0	524	
10	0	0	0	0	525	
11	0	0	0	0	527	
12	0	0	0	0	528	
13	0	0	0	0	531	
14	0	0	0	0	536	
15	0	0	0	0	540	
0	0	0	0	0	542	
1	0	0	0	0	542	
2	0	0	0	0	543	
3	0	0	0	0	541	
4	0	0	0	0	540	
5	0	0	0	0	544	
6	0	0	0	0	544	
7	0	0	0	0	540	
8	0	0	0	0	540	
9	0	0	0	0	541	
10	0	0	0	0	539	
11	0	0	0	0	538	
12	0	0	0	0	538	
13	0	0	0	0	537	
14	0	0	0	0	541	
15	0	0	0	0	545	
0	0	0	0	0	550	
1	0	0	0	0	548	
2	0	0	0	0	544	
3	0	0	0	0	544	
4	0	0	0	0	547	
5	0	0	0	0	553	
6	0	0	0	0	555	
7	0	0	0	0	555	
8	0	0	0	0	552	
9	0	0	0	0	551	
10	0	0	0	0	552	
11	0	0	0	0	553	
12	0	0	0	0	552	
13	0	0	0	0	554	
14	0	0	0	0	553	
15	0	0	0	0	552	
0	0	0	0	0	552	
1	0	0	0	0	555	
2	0	0	0	0	559	
3	0	0	0	0	564	
4	0	0	0	0	564	
5	0	0	0	0	563	
6	0	0	0	0	562	
7	0	0	0	0	566	
8	0	0	0	0	565	
9	0	0	0	0	566	
10	0	0	0	0	567	
11	0	0	0	0	568	
12	0	0	0	0	569	
13	0	0	0	0	570	
14	0	0	0	0	571	
15	0	0	0	0	571	
0	0	0	0	0	570	
1	0	0	0	0	570	
2	0	0	0	0	572	
3	0	0	0	0	576	
4	0	0	0	0	579	
5	0	0	0	0	578	
6	0	0	0	0	581	
7	0	0	0	0	582	
8	0	0	0	0	584	
9	0	0	0	0	582	
10	0	0	0	0	578	
11	0	0	0	0	578	
12	0	0	0	0	580	
13	0	0	0	0	580	
14	0	0	0	0	577	
15	0	0	0	0	575	
0	0	0	0	0	576	
1	0	0	0	0	578	
2	0	0	0	0	575	
3	0	0	0	0	574	
4	0	0	0	0	571	
5	0	0	0	0	571	
6	0	0	0	0	570	
7	0	0	0	0	567	
8	0	0	0	0	564	
9	0	0	0	0	564	
10	0	0	0	0	561	
11	0	0	0	0	558	
12	0	0	0	0	558	
13	0	0	0	0	555	
14	0	0	0	0	550	
15	0	0	0	0	547	
0	0	0	0	0	547	
1	0	0	0	0	548	
2	0	0	0	0	550	
3	0	0	0	0	550	
4	0	0	0	0	550	
5	0	0	0	0	547	
6	0	0	0	0	545	
7	0	0	0	0	543	
8	0	0	0	0	545	
9	0	0	0	0	545	
10	0	0	0	0	542	
11	0	0	0	0	538	
12	0	0	0	0	536	
13	0	0	0	0	535	
14	0	0	0	0	534	
15	0	0	0	0	534	
0	0	0	0	0	532	
1	0	0	0	0	529	
2	0	0	0	0	527	
3	0	0	0	0	525	
4	0	0	0	0	521	
5	0	0	0	0	515	
6	0	0	0	0	513	
7	0	0	0	0	509	
8	0	0	0	0	503	
9	0	0	0	0	499	
10	0	0	0	0	496	
11	0	0	0	0	494	
12	0	0	0	0	493	
13	0	0	0	0	488	
14	0	0	0	0	485	
15	0	0	0	0	482	
0	0	0	0	0	483	
1	0	0	0	0	483	
2	0	0	0	0	481	
3	0	0	0	0	478	
4	0	0	0	0	476	
5	0	0	0	0	473	
6	0	0	0	0	469	
7	0	0	0	0	468	
8	0	0	0	0	465	
9	0	0	0	0	464	
10	0	0	0	0	461	
11	0	0	0	0	460	
12	0	0	0	0	458	
13	0	0	0	0	459	
14	0	0	0	0	456	
15	0	0	0	0	456	
0	0	0	0	0	454	
1	0	0	0	0	455	
2	0	0	0	0	455	
3	0	0	0	0	457	
4	0	0	0	0	460	
5	0	0	0	0	457	
6	0	0	0	0	457	
7	0	0	0	0	455	
8	0	0	0	0	455	
9	0	0	0	0	453	
10	0	0	0	0	454	
11	0	0	0	0	454	
12	0	0	0	0	451	
13	0	0	0	0	453	
14	0	0	0	0	452	
15	0	0	0	0	451	
0	0	0	0	0	449	
1	0	0	0	0	447	
2	0	0	0	0	444	
3	0	0	0	0	441	
4	0	0	0	0	440	
5	0	0	0	0	440	
6	0	0	0	0	439	
7	0	0	0	0	438	
8	0	0	0	0	436	
9	0	0	0	0	437	
10	0	0	0	0	440	
11	0	0	0	0	442	
12	0	0	0	0	443	
13	0	0	0	0	441	
14	0	0	0	0	440	
15	0	0	0	0	443	
0	0	0	0	0	444	
1	0	0	0	0	446	
2	0	0	0	0	450	
3	0	0	0	0	453	
4	0	0	0	0	457	
5	0	0	0	0	459	
6	0	0	0	0	461	
7	0	0	0	0	463	
8	0	0	0	0	463	
9	0	0	0	0	464	
10	0	0	0	0	464	
11	0	0	0	0	462	
12	0	0	0	0	462	
13	0	0	0	0	463	
14	0	0	0	0	463	
15	0	0	0	0	459	
0	0	0	0	0	457	
1	0	0	0	0	456	
2	0	0	0	0	456	
3	0	0	0	0	460	
4	0	0	0	0	463	
5	0	0	0	0	464	
6	0	0	0	0	466	
7	0	0	0	0	466	
8	0	0	0	0	467	
9	0	0	0	0	468	
10	0	0	0	0	472	
11	0	0	0	0	475	
12	0	0	0	0	475	
13	0	0	0	0	476	
14	0	0	0	0	476	
15	0	0	0	0	477	
0	0	0	0	0	477	
1	0	0	0	0	475	
2	0	0	0	0	474	
3	0	0	0	0	473	
4	0	0	0	0	475	
5	0	0	0	0	477	
6	0	0	0	0	478	
7	0	0	0	0	479	
8	0	0	0	0	480	
9	0	0	0	0	478	
10	0	0	0	0	478	
11	0	0	0	0	477	
12	0	0	0	0	477	
13	0	0	0	0	479	
14	0	0	0	0	482	
15	0	0	0	0	481	
0	0	0	0	0	477	
1	0	0	0	0	472	
2	0	0	0	0	471	
3	0	0	0	0	474	
4	0	0	0	0	475	
5	0	0	0	0	476	
6	0	0	0	0	480	
7	0	0	0	0	478	
8	0	0	0	0	479	
9	0	0	0	0	482	
10	0	0	0	0	486	
11	0	0	0	0	487	
12	0	0	0	0	483	
13	0	0	0	0	484	
14	0	0	0	0	486	
15	0	0	0	0	485	
0	0	0	0	0	487	
1	0	0	0	0	486	
2	0	0	0	0	487	
3	0	0	0	0	487	
4	0	0	0	0	491	
5	0	0	0	0	492	
6	0	0	0	0	495	
7	0	0	0	0	498	
8	0	0	0	0	497	
9	0	0	0	0	499	
10	0	0	0	0	500	
11	0	0	0	0	499	
12	0	0	0	0	502	
13	0	0	0	0	503	
14	0	0	0	0	503	
15	0	0	0	0	502	
0	0	0	0	0	500	
1	0	0	0	0	501	
2	0	0	0	0	498	
3	0	0	0	0	494	
4	0	0	0	0	495	
5	0	0	0	0	496	
6	0	0	0	0	498	
7	0	0	0	0	499	
8	0	0	0	0	501	
9	0	0	0	0	504	
10	0	0	0	0	502	
11	0	0	0	0	502	
12	0	0	0	0	502	
13	0	0	0	0	500	
14	0	0	0	0	497	
15	0	0	0	0	496	
0	0	0	0	0	495	
1	0	0	0	0	496	
2	0	0	0	0	498	
3	0	0	0	0	497	
4	0	0	0	0	494	
5	0	0	0	0	494	
6	0	0	0	0	496	
7	0	0	0	0	496	
8	0	0	0	0	498	
9	0	0	0	0	501	
10	0	0	0	0	502	
11	0	0	0	0	505	
12	0	0	0	0	507	
13	0	0	0	0	512	
14	0	0	0	0	514	
15	0	0	0	0	517	
0	0	0	0	0	519	
1	0	0	0	0	519	
2	0	0	0	0	517	
3	0	0	0	0	513	
4	0	0	0	0	511	
5	0	0	0	0	508	
6	0	0	0	0	505	
7	0	0	0	0	504	
8	0	0	0	0	502	
9	0	0	0	0	501	
10	0	0	0	0	497	
11	0	0	0	0	496	
12	0	0	0	0	498	
13	0	0	0	0	499	
14	0	0	0	0	503	
15	0	0	0	0	505	
0	0	0	0	0	502	
1	0	0	0	0	501	
2	0	0	0	0	502	
3	0	0	0	0	504	
4	0	0	0	0	503	
5	0	0	0	0	502	
6	0	0	0	0	504	
7	0	0	0	0	508	
8	0	0	0	0	513	
9	0	0	0	0	511	
10	0	0	0	0	510	
11	0	0	0	0	512	
12	0	0	0	0	513	
13	0	0	0	0	515	
14	0	0	0	0	515	
15	0	0	0	0	516	
0	0	0	0	0	515	
1	0	0	0	0	515	
2	0	0	0	0	513	
3	0	0	0	0	513	
4	0	0	0	0	511	
5	0	0	0	0	512	
6	0	0	0	0	512	
7	0	0	0	0	511	
8	0	0	0	0	508	
9	0	0	0	0	504	
10	0	0	0	0	502	
11	0	0	0	0	502	
12	0	0	0	0	504	
13	0	0	0	0	508	
14	0	0	0	0	508	
15	0	0	0	0	508	
0	0	0	0	0	509	
1	0	0	0	0	511	
2	0	0	0	0	512	
3	0	0	0	0	515	
4	0	0	0	0	518	
5	0	0	0	0	517	
6	0	0	0	0	515	
7	0	0	0	0	514	
8	0	0	0	0	510	
9	0	0	0	0	507	
10	0	0	0	0	507	
11	0	0	0	0	506	
12	0	0	0	0	504	
13	0	0	0	0	504	
14	0	0	0	0	506	
15	0	0	0	0	507	
0	0	0	0	0	506	
1	0	0	0	0	505	
2	0	0	0	0	505	
3	0	0	0	0	504	
4	0	0	0	0	503	
5	0	0	0	0	502	
6	0	0	0	0	504	
7	0	0	0	0	506	
8	0	0	0	0	507	
9	0	0	0	0	504	
10	0	0	0	0	502	
11	0	0	0	0	504	
12	0	0	0	0	507	
13	0	0	0	0	510	
14	0	0	0	0	512	
15	0	0	0	0	513	
0	0	0	0	0	513	
1	0	0	0	0	509	
2	0	0	0	0	509	
3	0	0	0	0	511	
4	0	0	0	0	513	
5	0	0	0	0	514	
6	0	0	0	0	515	
7	0	0	0	0	517	
8	0	0	0	0	516	
9	0	0	0	0	515	
10	0	0	0	0	513	
11	0	0	0	0	513	
12	0	0	0	0	512	
13	0	0	0	0	516	
14	0	0	0	0	518	
15	0	0	0	0	518	
0	0	0	0	0	514	
1	0	0	0	0	513	
2	0	0	0	0	512	
3	0	0	0	0	513	
4	0	0	0	0	512	
5	0	0	0	0	512	
6	0	0	0	0	511	
7	0	0	0	0	510	
8	0	0	0	0	513	
9	0	0	0	0	514	
10	0	0	0	0	511	
11	0	0	0	0	508	
12	0	0	0	0	508	
13	0	0	0	0	508	
14	0	0	0	0	512	
15	0	0	0	0	512	
0	0	0	0	0	514	
1	0	0	0	0	516	
2	0	0	0	0	515	
3	0	0	0	0	518	
4	0	0	0	0	521	
5	0	0	0	0	521	
6	0	0	0	0	520	
7	0	0	0	0	523	
8	0	0	0	0	521	
9	0	0	0	0	521	
10	0	0	0	0	521	
11	0	0	0	0	519	
12	0	0	0	0	519	
13	0	0	0	0	519	
14	0	0	0	0	517	
15	0	0	0	0	519	
0	0	0	0	0	520	
1	0	0	0	0	522	
2	0	0	0	0	524	
3	0	0	0	0	524	
4	0	0	0	0	525	
5	0	0	0	0	522	
6	0	0	0	0	518	
7	0	0	0	0	515	
8	0	0	0	0	517	
9	0	0	0	0	521	
10	0	0	0	0	523	
11	0	0	0	0	519	
12	0	0	0	0	515	
13	0	0	0	0	514	
14	0	0	0	0	516	
15	0	0	0	0	516	
0	0	0	0	0	519	
1	0	0	0	0	519	
2	0	0	0	0	516	
3	0	0	0	0	515	
4	0	0	0	0	513	
5	0	0	0	0	515	
6	0	0	0	0	515	
7	0	0	0	0	514	
8	0	0	0	0	518	
9	0	0	0	0	517	
10	0	0	0	0	514	
11	0	0	0	0	514	
12	0	0	0	0	513	
13	0	0	0	0	514	
14	0	0	0	0	515	
15	0	0	0	0	516	
0	0	0	0	0	513	
1	0	0	0	0	512	
2	0	0	0	0	511	
3	0	0	0	0	509	
4	0	0	0	0	508	
5	0	0	0	0	508	
6	0	0	0	0	507	
7	0	0	0	0	508	
8	0	0	0	0	504	
9	0	0	0	0	500	
10	0	0	0	0	500	
11	0	0	0	0	497	
12	0	0	0	0	495	
13	0	0	0	0	495	
14	0	0	0	0	497	
15	0	0	0	0	499	
0	0	0	0	0	501	
1	0	0	0	0	503	
2	0	0	0	0	505	
3	0	0	0	0	508	
4	0	0	0	0	507	
5	0	0	0	0	508	
6	0	0	0	0	508	
7	0	0	0	0	507	
8	0	0	0	0	505	
9	0	0	0	0	504	
10	0	0	0	0	504	
11	0	0	0	0	504	
12	0	0	0	0	503	
13	0	0	0	0	505	
14	0	0	0	0	506	
15	0	0	0	0	508	
0	0	0	0	0	506	
1	0	0	0	0	505	
2	0	0	0	0	508	
3	0	0	0	0	510	
4	0	0	0	0	513	
5	0	0	0	0	515	
6	0	0	0	0	515	
7	0	0	0	0	517	
8	0	0	0	0	517	
9	0	0	0	0	516	
10	0	0	0	0	516	
11	0	0	0	0	519	
12	0	0	0	0	519	
13	0	0	0	0	515	
14	0	0	0	0	515	
15	0	0	0	0	515	
0	0	0	0	0	515	
1	0	0	0	0	513	
2	0	0	0	0	514	
3	0	0	0	0	515	
4	0	0	0	0	518	
5	0	0	0	0	519	
6	0	0	0	0	520	
7	0	0	0	0	520	
8	0	0	0	0	517	
9	0	0	0	0	513	
10	0	0	0	0	512	
11	0	0	0	0	511	
12	0	0	0	0	512	
13	0	0	0	0	512	
14	0	0	0	0	511	
15	0	0	0	0	510	
0	0	0	0	0	503	
1	0	0	0	0	500	
2	0	0	0	0	501	
3	0	0	0	0	502	
4	0	0	0	0	505	
5	0	0	0	0	509	
6	0	0	0	0	514	
7	0	0	0	0	519	
8	0	0	0	0	527	
9	0	0	0	0	532	
10	0	0	0	0	534	
11	0	0	0	0	537	
12	0	0	0	0	539	
13	0	0	0	0	543	
14	0	0	0	0	548	
15	0	0	0	0	556	
0	0	0	0	0	566	
1	0	0	0	0	575	
2	0	0	0	0	584	
3	0	0	0	0	595	
4	0	0	0	0	608	
5	0	0	0	0	622	
6	0	0	0	0	637	
7	0	0	0	0	655	
8	0	0	0	0	674	
9	0	0	0	0	695	
10	0	0	0	0	714	
11	0	0	0	0	732	
12	0	0	0	0	751	
13	0	0	0	0	767	
14	0	0	0	0	784	
15	0	0	0	0	800	
0	0	0	0	0	811	
1	0	0	0	0	820	
2	0	0	0	0	823	
3	0	0	0	0	827	
4	0	0	0	0	826	
5	0	0	0	0	821	
6	0	0	0	0	808	
7	0	0	0	0	790	
8	0	0	0	0	771	
9	0	0	0	0	745	
10	0	0	0	0	717	
11	0	0	0	0	692	
12	0	0	0	0	663	
13	0	0	0	0	631	
14	0	0	0	0	591	
15	0	0	0	0	550	
0	0	0	0	0	512	
1	0	0	0	0	481	
2	0	0	0	0	459	
3	0	0	0	0	440	
4	0	0	0	0	428	
5	0	0	0	0	419	
6	0	0	0	0	417	
7	0	0	0	0	418	
8	0	0	0	0	415	
9	0	0	0	0	416	
10	0	0	0	0	423	
11	0	0	0	0	430	
12	0	0	0	0	439	
13	0	0	0	0	447	
14	0	0	0	0	454	
15	0	0	0	0	459	
0	0	0	0	0	463	
1	0	0	0	0	467	
2	0	0	0	0	472	
3	0	0	0	0	472	
4	0	0	0	0	474	
5	0	0	0	0	477	
6	0	0	0	0	480	
7	0	0	0	0	480	
8	0	0	0	0	482	
9	0	0	0	0	483	
10	0	0	0	0	482	
11	0	0	0	0	481	
12	0	0	0	0	480	
13	0	0	0	0	482	
14	0	0	0	0	483	
15	0	0	0	0	480	
0	0	0	0	0	475	
1	0	0	0	0	474	
2	0	0	0	0	473	
3	0	0	0	0	473	
4	0	0	0	0	470	
5	0	0	0	0	472	
6	0	0	0	0	474	
7	0	0	0	0	479	
8	0	0	0	0	481	
9	0	0	0	0	482	
10	0	0	0	0	483	
11	0	0	0	0	486	
12	0	0	0	0	487	
13	0	0	0	0	487	
14	0	0	0	0	490	
15	0	0	0	0	493	
0	0	0	0	0	494	
1	0	0	0	0	494	
2	0	0	0	0	493	
3	0	0	0	0	492	
4	0	0	0	0	492	
5	0	0	0	0	493	
6	0	0	0	0	493	
7	0	0	0	0	493	
8	0	0	0	0	492	
9	0	0	0	0	492	
10	0	0	0	0	495	
11	0	0	0	0	496	
12	0	0	0	0	496	
13	0	0	0	0	493	
14	0	0	0	0	492	
15	0	0	0	0	490	
0	0	0	0	0	488	
1	0	0	0	0	487	
2	0	0	0	0	489	
3	0	0	0	0	491	
4	0	0	0	0	492	
5	0	0	0	0	493	
6	0	0	0	0	498	
7	0	0	0	0	499	
8	0	0	0	0	501	
9	0	0	0	0	500	
10	0	0	0	0	500	
11	0	0	0	0	503	
12	0	0	0	0	503	
13	0	0	0	0	503	
14	0	0	0	0	504	
15	0	0	0	0	505	
0	0	0	0	0	507	
1	0	0	0	0	507	
2	0	0	0	0	509	
3	0	0	0	0	509	
4	0	0	0	0	505	
5	0	0	0	0	502	
6	0	0	0	0	501	
7	0	0	0	0	504	
8	0	0	0	0	508	
9	0	0	0	0	505	
10	0	0	0	0	504	
11	0	0	0	0	503	
12	0	0	0	0	504	
13	0	0	0	0	509	
14	0	0	0	0	511	
15	0	0	0	0	510	
0	0	0	0	0	508	
1	0	0	0	0	512	
2	0	0	0	0	512	
3	0	0	0	0	513	
4	0	0	0	0	513	
5	0	0	0	0	512	
6	0	0	0	0	513	
7	0	0	0	0	515	
8	0	0	0	0	517	
9	0	0	0	0	516	
10	0	0	0	0	513	
11	0	0	0	0	513	
12	0	0	0	0	515	
13	0	0	0	0	515	
14	0	0	0	0	519	
15	0	0	0	0	520	
0	0	0	0	0	520	
1	0	0	0	0	518	
2	0	0	0	0	514	
3	0	0	0	0	515	
4	0	0	0	0	514	
5	0	0	0	0	513	
6	0	0	0	0	513	
7	0	0	0	0	512	
8	0	0	0	0	512	
9	0	0	0	0	509	
10	0	0	0	0	508	
11	0	0	0	0	507	
12	0	0	0	0	507	
13	0	0	0	0	506	
14	0	0	0	0	507	
15	0	0	0	0	510	
0	0	0	0	0	512	
1	0	0	0	0	516	
2	0	0	0	0	519	
3	0	0	0	0	518	
4	0	0	0	0	519	
5	0	0	0	0	520	
6	0	0	0	0	521	
7	0	0	0	0	522	
8	0	0	0	0	521	
9	0	0	0	0	521	
10	0	0	0	0	524	
11	0	0	0	0	524	
12	0	0	0	0	525	
13	0	0	0	0	526	
14	0	0	0	0	527	
15	0	0	0	0	528	
0	0	0	0	0	530	
1	0	0	0	0	532	
2	0	0	0	0	532	
3	0	0	0	0	531	
4	0	0	0	0	531	
5	0	0	0	0	531	
6	0	0	0	0	532	
7	0	0	0	0	531	
8	0	0	0	0	531	
9	0	0	0	0	531	
10	0	0	0	0	533	
11	0	0	0	0	532	
12	0	0	0	0	531	
13	0	0	0	0	533	
14	0	0	0	0	535	
15	0	0	0	0	535	
0	0	0	0	0	536	
1	0	0	0	0	536	
2	0	0	0	0	537	
3	0	0	0	0	539	
4	0	0	0	0	538	
5	0	0	0	0	539	
6	0	0	0	0	537	
7	0	0	0	0	538	
8	0	0	0	0	538	
9	0	0	0	0	537	
10	0	0	0	0	537	
11	0	0	0	0	537	
12	0	0	0	0	539	
13	0	0	0	0	540	
14	0	0	0	0	540	
15	0	0	0	0	537	
0	0	0	0	0	539	
1	0	0	0	0	543	
2	0	0	0	0	544	
3	0	0	0	0	543	
4	0	0	0	0	541	
5	0	0	0	0	541	
6	0	0	0	0	543	
7	0	0	0	0	543	
8	0	0	0	0	544	
9	0	0	0	0	545	
10	0	0	0	0	546	
11	0	0	0	0	548	
12	0	0	0	0	550	
13	0	0	0	0	551	
14	0	0	0	0	553	
15	0	0	0	0	551	
0	0	0	0	0	553	
1	0	0	0	0	554	
2	0	0	0	0	555	
3	0	0	0	0	554	
4	0	0	0	0	551	
5	0	0	0	0	552	
6	0	0	0	0	551	
7	0	0	0	0	551	
8	0	0	0	0	551	
9	0	0	0	0	550	
10	0	0	0	0	551	
11	0	0	0	0	551	
12	0	0	0	0	550	
13	0	0	0	0	548	
14	0	0	0	0	547	
15	0	0	0	0	547	
0	0	0	0	0	549	
1	0	0	0	0	551	
2	0	0	0	0	553	
3	0	0	0	0	553	
4	0	0	0	0	553	
5	0	0	0	0	553	
6	0	0	0	0	554	
7	0	0	0	0	553	
8	0	0	0	0	551	
9	0	0	0	0	552	
10	0	0	0	0	552	
11	0	0	0	0	548	
12	0	0	0	0	548	
13	0	0	0	0	549	
14	0	0	0	0	547	
15	0	0	0	0	548	
0	0	0	0	0	548	
1	0	0	0	0	548	
2	0	0	0	0	547	
3	0	0	0	0	548	
4	0	0	0	0	550	
5	0	0	0	0	550	
6	0	0	0	0	548	
7	0	0	0	0	545	
8	0	0	0	0	543	
9	0	0	0	0	540	
10	0	0	0	0	538	
11	0	0	0	0	536	
12	0	0	0	0	534	
13	0	0	0	0	532	
14	0	0	0	0	531	
15	0	0	0	0	531	
0	0	0	0	0	530	
1	0	0	0	0	525	
2	0	0	0	0	522	
3	0	0	0	0	518	
4	0	0	0	0	516	
5	0	0	0	0	515	
6	0	0	0	0	513	
7	0	0	0	0	511	
8	0	0	0	0	508	
9	0	0	0	0	507	
10	0	0	0	0	505	
11	0	0	0	0	503	
12	0	0	0	0	498	
13	0	0	0	0	495	
14	0	0	0	0	494	
15	0	0	0	0	491	
0	0	0	0	0	490	
1	0	0	0	0	492	
2	0	0	0	0	492	
3	0	0	0	0	490	
4	0	0	0	0	487	
5	0	0	0	0	486	
6	0	0	0	0	483	
7	0	0	0	0	480	
8	0	0	0	0	477	
9	0	0	0	0	477	
10	0	0	0	0	475	
11	0	0	0	0	472	
12	0	0	0	0	471	
13	0	0	0	0	468	
14	0	0	0	0	466	
15	0	0	0	0	464	
0	0	0	0	0	463	
1	0	0	0	0	463	
2	0	0	0	0	464	
3	0	0	0	0	468	
4	0	0	0	0	466	
5	0	0	0	0	463	
6	0	0	0	0	460	
7	0	0	0	0	459	
8	0	0	0	0	459	
9	0	0	0	0	456	
10	0	0	0	0	455	
11	0	0	0	0	454	
12	0	0	0	0	451	
13	0	0	0	0	451	
14	0	0	0	0	451	
15	0	0	0	0	453	
0	0	0	0	0	453	
1	0	0	0	0	454	
2	0	0	0	0	455	
3	0	0	0	0	454	
4	0	0	0	0	453	
5	0	0	0	0	452	
6	0	0	0	0	451	
7	0	0	0	0	450	
8	0	0	0	0	447	
9	0	0	0	0	446	
10	0	0	0	0	446	
11	0	0	0	0	446	
12	0	0	0	0	447	
13	0	0	0	0	447	
14	0	0	0	0	447	
15	0	0	0	0	446	
0	0	0	0	0	446	
1	0	0	0	0	448	
2	0	0	0	0	450	
3	0	0	0	0	450	
4	0	0	0	0	451	
5	0	0	0	0	454	
6	0	0	0	0	455	
7	0	0	0	0	454	
8	0	0	0	0	453	
9	0	0	0	0	452	
10	0	0	0	0	450	
11	0	0	0	0	450	
12	0	0	0	0	451	
13	0	0	0	0	452	
14	0	0	0	0	451	
15	0	0	0	0	454	
0	0	0	0	0	456	
1	0	0	0	0	459	
2	0	0	0	0	460	
3	0	0	0	0	463	
4	0	0	0	0	465	
5	0	0	0	0	467	
6	0	0	0	0	467	
7	0	0	0	0	467	
8	0	0	0	0	467	
9	0	0	0	0	466	
10	0	0	0	0	465	
11	0	0	0	0	464	
12	0	0	0	0	465	
13	0	0	0	0	467	
14	0	0	0	0	466	
15	0	0	0	0	467	
0	0	0	0	0	467	
1	0	0	0	0	470	
2	0	0	0	0	472	
3	0	0	0	0	474	
4	0	0	0	0	478	
5	0	0	0	0	481	
6	0	0	0	0	487	
7	0	0	0	0	492	
8	0	0	0	0	492	
9	0	0	0	0	493	
10	0	0	0	0	495	
11	0	0	0	0	497	
12	0	0	0	0	499	
13	0	0	0	0	500	
14	0	0	0	0	504	
15	0	0	0	0	505	
0	0	0	0	0	506	
1	0	0	0	0	508	
2	0	0	0	0	511	
3	0	0	0	0	515	
4	0	0	0	0	517	
5	0	0	0	0	517	
6	0	0	0	0	516	
7	0	0	0	0	517	
8	0	0	0	0	518	
9	0	0	0	0	520	
10	0	0	0	0	520	
11	0	0	0	0	521	
12	0	0	0	0	521	
13	0	0	0	0	520	
14	0	0	0	0	520	
15	0	0	0	0	520	
0	0	0	0	0	521	
1	0	0	0	0	521	
2	0	0	0	0	523	
3	0	0	0	0	526	
4	0	0	0	0	527	
5	0	0	0	0	527	
6	0	0	0	0	526	
7	0	0	0	0	524	
8	0	0	0	0	523	
9	0	0	0	0	523	
10	0	0	0	0	522	
11	0	0	0	0	523	
12	0	0	0	0	524	
13	0	0	0	0	523	
14	0	0	0	0	520	
15	0	0	0	0	517	
0	0	0	0	0	513	
1	0	0	0	0	511	
2	0	0	0	0	507	
3	0	0	0	0	504	
4	0	0	0	0	504	
5	0	0	0	0	503	
6	0	0	0	0	503	
7	0	0	0	0	502	
8	0	0	0	0	499	
9	0	0	0	0	496	
10	0	0	0	0	494	
11	0	0	0	0	492	
12	0	0	0	0	489	
13	0	0	0	0	489	
14	0	0	0	0	489	
15	0	0	0	0	487	
0	0	0	0	0	484	
1	0	0	0	0	483	
2	0	0	0	0	484	
3	0	0	0	0	486	
4	0	0	0	0	486	
5	0	0	0	0	488	
6	0	0	0	0	488	
7	0	0	0	0	488	
8	0	0	0	0	487	
9	0	0	0	0	484	
10	0	0	0	0	482	
11	0	0	0	0	480	
12	0	0	0	0	478	
13	0	0	0	0	477	
14	0	0	0	0	476	
15	0	0	0	0	477	
0	0	0	0	0	477	
1	0	0	0	0	478	
2	0	0	0	0	480	
3	0	0	0	0	480	
4	0	0	0	0	484	
5	0	0	0	0	485	
6	0	0	0	0	487	
7	0	0	0	0	487	
8	0	0	0	0	487	
9	0	0	0	0	488	
10	0	0	0	0	488	
11	0	0	0	0	489	
12	0	0	0	0	489	
13	0	0	0	0	487	
14	0	0	0	0	486	
15	0	0	0	0	485	
0	0	0	0	0	485	
1	0	0	0	0	484	
2	0	0	0	0	483	
3	0	0	0	0	484	
4	0	0	0	0	484	
5	0	0	0	0	485	
6	0	0	0	0	484	
7	0	0	0	0	482	
8	0	0	0	0	482	
9	0	0	0	0	481	
10	0	0	0	0	480	
11	0	0	0	0	480	
12	0	0	0	0	479	
13	0	0	0	0	478	
14	0	0	0	0	476	
15	0	0	0	0	477	
0	0	0	0	0	477	
1	0	0	0	0	476	
2	0	0	0	0	476	
3	0	0	0	0	476	
4	0	0	0	0	476	
5	0	0	0	0	476	
6	0	0	0	0	476	
7	0	0	0	0	476	
8	0	0	0	0	476	
9	0	0	0	0	476	
10	0	0	0	0	476	
11	0	0	0	0	477	
12	0	0	0	0	479	
13	0	0	0	0	480	
14	0	0	0	0	480	
15	0	0	0	0	480	
0	0	0	0	0	479	
1	0	0	0	0	478	
2	0	0	0	0	477	
3	0	0	0	0	478	
4	0	0	0	0	477	
5	0	0	0	0	477	
6	0	0	0	0	478	
7	0	0	0	0	480	
8	0	0	0	0	481	
9	0	0	0	0	482	
10	0	0	0	0	482	
11	0	0	0	0	482	
12	0	0	0	0	483	
13	0	0	0	0	484	
14	0	0	0	0	483	
15	0	0	0	0	482	
0	0	0	0	0	482	
1	0	0	0	0	482	
2	0	0	0	0	484	
3	0	0	0	0	487	
4	0	0	0	0	487	
5	0	0	0	0	487	
6	0	0	0	0	487	
7	0	0	0	0	487	
8	0	0	0	0	487	
9	0	0	0	0	487	
10	0	0	0	0	488	
11	0	0	0	0	488	
12	0	0	0	0	489	
13	0	0	0	0	489	
14	0	0	0	0	488	
15	0	0	0	0	487	
0	0	0	0	0	487	
1	0	0	0	0	486	
2	0	0	0	0	485	
3	0	0	0	0	484	
4	0	0	0	0	484	
5	0	0	0	0	483	
6	0	0	0	0	485	
7	0	0	0	0	486	
8	0	0	0	0	488	
9	0	0	0	0	489	
10	0	0	0	0	489	
11	0	0	0	0	491	
12	0	0	0	0	491	
13	0	0	0	0	492	
14	0	0	0	0	493	
15	0	0	0	0	493	
0	0	0	0	0	494	
1	0	0	0	0	495	
2	0	0	0	0	495	
3	0	0	0	0	496	
4	0	0	0	0	497	
5	0	0	0	0	500	
6	0	0	0	0	503	
7	0	0	0	0	502	
8	0	0	0	0	502	
9	0	0	0	0	501	
10	0	0	0	0	502	
11	0	0	0	0	503	
12	0	0	0	0	503	
13	0	0	0	0	503	
14	0	0	0	0	501	
15	0	0	0	0	501	
0	0	0	0	0	500	
1	0	0	0	0	500	
2	0	0	0	0	497	
3	0	0	0	0	494	
4	0	0	0	0	491	
5	0	0	0	0	489	
6	0	0	0	0	487	
7	0	0	0	0	486	
8	0	0	0	0	484	
9	0	0	0	0	486	
10	0	0	0	0	487	
11	0	0	0	0	490	
12	0	0	0	0	494	
13	0	0	0	0	497	
14	0	0	0	0	499	
15	0	0	0	0	499	
0	0	0	0	0	499	
1	0	0	0	0	500	
2	0	0	0	0	500	
3	0	0	0	0	501	
4	0	0	0	0	501	
5	0	0	0	0	502	
6	0	0	0	0	504	
7	0	0	0	0	504	
8	0	0	0	0	505	
9	0	0	0	0	507	
10	0	0	0	0	508	
11	0	0	0	0	509	
12	0	0	0	0	507	
13	0	0	0	0	505	
14	0	0	0	0	504	
15	0	0	0	0	502	
0	0	0	0	0	501	
1	0	0	0	0	500	
2	0	0	0	0	498	
3	0	0	0	0	496	
4	0	0	0	0	494	
5	0	0	0	0	492	
6	0	0	0	0	489	
7	0	0	0	0	486	
8	0	0	0	0	483	
9	0	0	0	0	482	
10	0	0	0	0	484	
11	0	0	0	0	485	
12	0	0	0	0	487	
13	0	0	0	0	488	
14	0	0	0	0	489	
15	0	0	0	0	491	
0	0	0	0	0	492	
1	0	0	0	0	494	
2	0	0	0	0	496	
3	0	0	0	0	497	
4	0	0	0	0	499	
5	0	0	0	0	498	
6	0	0	0	0	497	
7	0	0	0	0	496	
8	0	0	0	0	496	
9	0	0	0	0	497	
10	0	0	0	0	498	
11	0	0	0	0	499	
12	0	0	0	0	499	
13	0	0	0	0	499	
14	0	0	0	0	499	
15	0	0	0	0	497	
0	0	0	0	0	496	
1	0	0	0	0	495	
2	0	0	0	0	492	
3	0	0	0	0	492	
4	0	0	0	0	490	
5	0	0	0	0	488	
6	0	0	0	0	487	
7	0	0	0	0	487	
8	0	0	0	0	488	
9	0	0	0	0	488	
10	0	0	0	0	487	
11	0	0	0	0	488	
12	0	0	0	0	488	
13	0	0	0	0	489	
14	0	0	0	0	490	
15	0	0	0	0	492	
0	0	0	0	0	492	
1	0	0	0	0	494	
2	0	0	0	0	495	
3	0	0	0	0	496	
4	0	0	0	0	497	
5	0	0	0	0	498	
6	0	0	0	0	499	
7	0	0	0	0	500	
8	0	0	0	0	499	
9	0	0	0	0	499	
10	0	0	0	0	498	
11	0	0	0	0	498	
12	0	0	0	0	499	
13	0	0	0	0	498	
14	0	0	0	0	497	
15	0	0	0	0	497	
0	0	0	0	0	497	
1	0	0	0	0	498	
2	0	0	0	0	496	
3	0	0	0	0	497	
4	0	0	0	0	499	
5	0	0	0	0	499	
6	0	0	0	0	500	
7	0	0	0	0	500	
8	0	0	0	0	501	
9	0	0	0	0	502	
10	0	0	0	0	502	
11	0	0	0	0	502	
12	0	0	0	0	503	
13	0	0	0	0	504	
14	0	0	0	0	505	
15	0	0	0	0	507	
0	0	0	0	0	507	
1	0	0	0	0	505	
2	0	0	0	0	504	
3	0	0	0	0	502	
4	0	0	0	0	501	
5	0	0	0	0	499	
6	0	0	0	0	496	
7	0	0	0	0	493	
8	0	0	0	0	491	
9	0	0	0	0	490	
10	0	0	0	0	491	
11	0	0	0	0	492	
12	0	0	0	0	496	
13	0	0	0	0	500	
14	0	0	0	0	503	
15	0	0	0	0	508	
0	0	0	0	0	513	
1	0	0	0	0	519	
2	0	0	0	0	526	
3	0	0	0	0	531	
4	0	0	0	0	538	
5	0	0	0	0	544	
6	0	0	0	0	552	
7	0	0	0	0	561	
8	0	0	0	0	572	
9	0	0	0	0	586	
10	0	0	0	0	602	
11	0	0	0	0	620	
12	0	0	0	0	640	
13	0	0	0	0	662	
14	0	0	0	0	681	
15	0	0	0	0	701	
0	0	0	0	0	721	
1	0	0	0	0	743	
2	0	0	0	0	765	
3	0	0	0	0	788	
4	0	0	0	0	808	
5	0	0	0	0	828	
6	0	0	0	0	845	
7	0	0	0	0	853	
8	0	0	0	0	853	
9	0	0	0	0	846	
10	0	0	0	0	836	
11	0	0	0	0	824	
12	0	0	0	0	805	
13	0	0	0	0	784	
14	0	0	0	0	759	
15	0	0	0	0	730	
0	0	0	0	0	696	
1	0	0	0	0	659	
2	0	0	0	0	622	
3	0	0	0	0	583	
4	0	0	0	0	543	
5	0	0	0	0	505	
6	0	0	0	0	468	
7	0	0	0	0	434	
8	0	0	0	0	408	
9	0	0	0	0	393	
10	0	0	0	0	384	
11	0	0	0	0	382	
12	0	0	0	0	385	
13	0	0	0	0	390	
14	0	0	0	0	399	
15	0	0	0	0	408	
0	0	0	0	0	417	
1	0	0	0	0	428	
2	0	0	0	0	435	
3	0	0	0	0	443	
4	0	0	0	0	449	
5	0	0	0	0	454	
6	0	0	0	0	460	
7	0	0	0	0	463	
8	0	0	0	0	465	
9	0	0	0	0	467	
10	0	0	0	0	470	
11	0	0	0	0	471	
12	0	0	0	0	471	
13	0	0	0	0	472	
14	0	0	0	0	471	
15	0	0	0	0	470	
0	0	0	0	0	471	
1	0	0	0	0	472	
2	0	0	0	0	473	
3	0	0	0	0	473	
4	0	0	0	0	472	
5	0	0	0	0	472	
6	0	0	0	0	471	
7	0	0	0	0	472	
8	0	0	0	0	472	
9	0	0	0	0	472	
10	0	0	0	0	473	
11	0	0	0	0	472	
12	0	0	0	0	472	
13	0	0	0	0	472	
14	0	0	0	0	472	
15	0	0	0	0	471	
0	0	0	0	0	471	
1	0	0	0	0	473	
2	0	0	0	0	475	
3	0	0	0	0	477	
4	0	0	0	0	479	
5	0	0	0	0	479	
6	0	0	0	0	479	
7	0	0	0	0	480	
8	0	0	0	0	480	
9	0	0	0	0	481	
10	0	0	0	0	481	
11	0	0	0	0	480	
12	0	0	0	0	479	
13	0	0	0	0	478	
14	0	0	0	0	477	
15	0	0	0	0	475	
0	0	0	0	0	476	
1	0	0	0	0	477	
2	0	0	0	0	478	
3	0	0	0	0	479	
4	0	0	0	0	480	
5	0	0	0	0	482	
6	0	0	0	0	483	
7	0	0	0	0	484	
8	0	0	0	0	485	
9	0	0	0	0	486	
10	0	0	0	0	486	
11	0	0	0	0	487	
12	0	0	0	0	488	
13	0	0	0	0	489	
14	0	0	0	0	489	
15	0	0	0	0	490	
0	0	0	0	0	491	
1	0	0	0	0	490	
2	0	0	0	0	490	
3	0	0	0	0	489	
4	0	0	0	0	489	
5	0	0	0	0	491	
6	0	0	0	0	491	
7	0	0	0	0	492	
8	0	0	0	0	492	
9	0	0	0	0	492	
10	0	0	0	0	492	
11	0	0	0	0	492	
12	0	0	0	0	494	
13	0	0	0	0	494	
14	0	0	0	0	495	
15	0	0	0	0	496	
0	0	0	0	0	496	
1	0	0	0	0	497	
2	0	0	0	0	498	
3	0	0	0	0	499	
4	0	0	0	0	501	
5	0	0	0	0	499	
6	0	0	0	0	499	
7	0	0	0	0	500	
8	0	0	0	0	504	
9	0	0	0	0	506	
10	0	0	0	0	507	
11	0	0	0	0	509	
12	0	0	0	0	508	
13	0	0	0	0	507	
14	0	0	0	0	505	
15	0	0	0	0	505	
0	0	0	0	0	504	
1	0	0	0	0	503	
2	0	0	0	0	502	
3	0	0	0	0	502	
4	0	0	0	0	503	
5	0	0	0	0	504	
6	0	0	0	0	505	
7	0	0	0	0	505	
8	0	0	0	0	506	
9	0	0	0	0	506	
10	0	0	0	0	508	
11	0	0	0	0	508	
12	0	0	0	0	508	
13	0	0	0	0	509	
14	0	0	0	0	508	
15	0	0	0	0	507	
0	0	0	0	0	507	
1	0	0	0	0	508	
2	0	0	0	0	509	
3	0	0	0	0	510	
4	0	0	0	0	512	
5	0	0	0	0	514	
6	0	0	0	0	516	
7	0	0	0	0	518	
8	0	0	0	0	519	
9	0	0	0	0	520	
10	0	0	0	0	519	
11	0	0	0	0	520	
12	0	0	0	0	521	
13	0	0	0	0	523	
14	0	0	0	0	524	
15	0	0	0	0	523	
0	0	0	0	0	523	
1	0	0	0	0	523	
2	0	0	0	0	522	
3	0	0	0	0	522	
4	0	0	0	0	521	
5	0	0	0	0	524	
6	0	0	0	0	524	
7	0	0	0	0	524	
8	0	0	0	0	526	
9	0	0	0	0	527	
10	0	0	0	0	528	
11	0	0	0	0	529	
12	0	0	0	0	530	
13	0	0	0	0	531	
14	0	0	0	0	532	
15	0	0	0	0	532	
0	0	0	0	0	533	
1	0	0	0	0	534	
2	0	0	0	0	535	
3	0	0	0	0	535	
4	0	0	0	0	536	
5	0	0	0	0	536	
6	0	0	0	0	536	
7	0	0	0	0	538	
8	0	0	0	0	540	
9	0	0	0	0	543	
10	0	0	0	0	544	
11	0	0	0	0	545	
12	0	0	0	0	546	
13	0	0	0	0	547	
14	0	0	0	0	548	
15	0	0	0	0	549	
0	0	0	0	0	549	
1	0	0	0	0	551	
2	0	0	0	0	550	
3	0	0	0	0	552	
4	0	0	0	0	552	
5	0	0	0	0	552	
6	0	0	0	0	552	
7	0	0	0	0	553	
8	0	0	0	0	554	
9	0	0	0	0	556	
10	0	0	0	0	557	
11	0	0	0	0	558	
12	0	0	0	0	559	
13	0	0	0	0	560	
14	0	0	0	0	561	
15	0	0	0	0	561	
0	0	0	0	0	563	
1	0	0	0	0	563	
2	0	0	0	0	563	
3	0	0	0	0	563	
4	0	0	0	0	562	
5	0	0	0	0	561	
6	0	0	0	0	560	
7	0	0	0	0	561	
8	0	0	0	0	562	
9	0	0	0	0	562	
10	0	0	0	0	563	
11	0	0	0	0	563	
12	0	0	0	0	564	
13	0	0	0	0	565	
14	0	0	0	0	565	
15	0	0	0	0	564	
0	0	0	0	0	563	
1	0	0	0	0	563	
2	0	0	0	0	563	
3	0	0	0	0	563	
4	0	0	0	0	563	
5	0	0	0	0	564	
6	0	0	0	0	565	
7	0	0	0	0	564	
8	0	0	0	0	563	
9	0	0	0	0	563	
10	0	0	0	0	562	
11	0	0	0	0	563	
12	0	0	0	0	564	
13	0	0	0	0	566	
14	0	0	0	0	565	
15	0	0	0	0	563	
0	0	0	0	0	563	
1	0	0	0	0	563	
2	0	0	0	0	563	
3	0	0	0	0	563	
4	0	0	0	0	562	
5	0	0	0	0	561	
6	0	0	0	0	560	
7	0	0	0	0	559	
8	0	0	0	0	559	
9	0	0	0	0	558	
10	0	0	0	0	559	
11	0	0	0	0	561	
12	0	0	0	0	560	
13	0	0	0	0	560	
14	0	0	0	0	559	
15	0	0	0	0	558	
0	0	0	0	0	558	
1	0	0	0	0	555	
2	0	0	0	0	554	
3	0	0	0	0	552	
4	0	0	0	0	550	
5	0	0	0	0	549	
6	0	0	0	0	548	
7	0	0	0	0	548	
8	0	0	0	0	547	
9	0	0	0	0	547	
10	0	0	0	0	547	
11	0	0	0	0	545	
12	0	0	0	0	544	
13	0	0	0	0	541	
14	0	0	0	0	539	
15	0	0	0	0	536	
0	0	0	0	0	533	
1	0	0	0	0	530	
2	0	0	0	0	526	
3	0	0	0	0	522	
4	0	0	0	0	518	
5	0	0	0	0	514	
6	0	0	0	0	510	
7	0	0	0	0	507	
8	0	0	0	0	503	
9	0	0	0	0	499	
10	0	0	0	0	497	
11	0	0	0	0	496	
12	0	0	0	0	495	
13	0	0	0	0	494	
14	0	0	0	0	492	
15	0	0	0	0	489	
0	0	0	0	0	487	
1	0	0	0	0	485	
2	0	0	0	0	484	
3	0	0	0	0	482	
4	0	0	0	0	481	
5	0	0	0	0	478	
6	0	0	0	0	477	
7	0	0	0	0	476	
8	0	0	0	0	475	
9	0	0	0	0	474	
10	0	0	0	0	473	
11	0	0	0	0	472	
12	0	0	0	0	472	
13	0	0	0	0	472	
14	0	0	0	0	470	
15	0	0	0	0	469	
0	0	0	0	0	468	
1	0	0	0	0	467	
2	0	0	0	0	465	
3	0	0	0	0	464	
4	0	0	0	0	464	
5	0	0	0	0	462	
6	0	0	0	0	463	
7	0	0	0	0	462	
8	0	0	0	0	460	
9	0	0	0	0	459	
10	0	0	0	0	458	
11	0	0	0	0	458	
12	0	0	0	0	457	
13	0	0	0	0	457	
14	0	0	0	0	458	
15	0	0	0	0	458	
0	0	0	0	0	458	
1	0	0	0	0	458	
2	0	0	0	0	457	
3	0	0	0	0	458	
4	0	0	0	0	459	
5	0	0	0	0	458	
6	0	0	0	0	457	
7	0	0	0	0	457	
8	0	0	0	0	457	
9	0	0	0	0	457	
10	0	0	0	0	456	
11	0	0	0	0	457	
12	0	0	0	0	456	
13	0	0	0	0	457	
14	0	0	0	0	458	
15	0	0	0	0	459	
0	0	0	0	0	459	
1	0	0	0	0	461	
2	0	0	0	0	463	
3	0	0	0	0	463	
4	0	0	0	0	464	
5	0	0	0	0	464	
6	0	0	0	0	463	
7	0	0	0	0	463	
8	0	0	0	0	464	
9	0	0	0	0	465	
10	0	0	0	0	466	
11	0	0	0	0	467	
12	0	0	0	0	470	
13	0	0	0	0	472	
14	0	0	0	0	474	
15	0	0	0	0	474	
0	0	0	0	0	473	
1	0	0	0	0	474	
2	0	0	0	0	475	
3	0	0	0	0	476	
4	0	0	0	0	476	
5	0	0	0	0	475	
6	0	0	0	0	475	
7	0	0	0	0	475	
8	0	0	0	0	474	
9	0	0	0	0	475	
10	0	0	0	0	476	
11	0	0	0	0	480	
12	0	0	0	0	481	
13	0	0	0	0	483	
14	0	0	0	0	486	
15	0	0	0	0	487	
0	0	0	0	0	489	
1	0	0	0	0	490	
2	0	0	0	0	491	
3	0	0	0	0	492	
4	0	0	0	0	491	
5	0	0	0	0	492	
6	0	0	0	0	492	
7	0	0	0	0	493	
8	0	0	0	0	492	
9	0	0	0	0	491	
10	0	0	0	0	494	
11	0	0	0	0	494	
12	0	0	0	0	494	
13	0	0	0	0	494	
14	0	0	0	0	494	
15	0	0	0	0	495	
0	0	0	0	0	494	
1	0	0	0	0	495	
2	0	0	0	0	496	
3	0	0	0	0	497	
4	0	0	0	0	496	
5	0	0	0	0	496	
6	0	0	0	0	497	
7	0	0	0	0	498	
8	0	0	0	0	497	
9	0	0	0	0	498	
10	0	0	0	0	497	
11	0	0	0	0	498	
12	0	0	0	0	499	
13	0	0	0	0	499	
14	0	0	0	0	501	
15	0	0	0	0	502	
0	0	0	0	0	504	
1	0	0	0	0	506	
2	0	0	0	0	505	
3	0	0	0	0	507	
4	0	0	0	0	507	
5	0	0	0	0	508	
6	0	0	0	0	507	
7	0	0	0	0	505	
8	0	0	0	0	505	
9	0	0	0	0	506	
10	0	0	0	0	506	
11	0	0	0	0	505	
12	0	0	0	0	504	
13	0	0	0	0	505	
14	0	0	0	0	505	
15	0	0	0	0	505	
0	0	0	0	0	506	
1	0	0	0	0	507	
2	0	0	0	0	507	
3	0	0	0	0	505	
4	0	0	0	0	506	
5	0	0	0	0	507	
6	0	0	0	0	507	
7	0	0	0	0	508	
8	0	0	0	0	508	
9	0	0	0	0	510	
10	0	0	0	0	510	
11	0	0	0	0	509	
12	0	0	0	0	509	
13	0	0	0	0	508	
14	0	0	0	0	507	
15	0	0	0	0	508	
0	0	0	0	0	508	
1	0	0	0	0	509	
2	0	0	0	0	510	
3	0	0	0	0	510	
4	0	0	0	0	509	
5	0	0	0	0	509	
6	0	0	0	0	509	
7	0	0	0	0	509	
8	0	0	0	0	509	
9	0	0	0	0	510	
10	0	0	0	0	509	
11	0	0	0	0	508	
12	0	0	0	0	507	
13	0	0	0	0	508	
14	0	0	0	0	509	
15	0	0	0	0	510	
0	0	0	0	0	511	
1	0	0	0	0	511	
2	0	0	0	0	512	
3	0	0	0	0	513	
4	0	0	0	0	513	
5	0	0	0	0	514	
6	0	0	0	0	514	
7	0	0	0	0	516	
8	0	0	0	0	517	
9	0	0	0	0	516	
10	0	0	0	0	517	
11	0	0	0	0	516	
12	0	0	0	0	516	
13	0	0	0	0	517	
14	0	0	0	0	516	
15	0	0	0	0	515	
0	0	0	0	0	514	
1	0	0	0	0	514	
2	0	0	0	0	515	
3	0	0	0	0	516	
4	0	0	0	0	516	
5	0	0	0	0	516	
6	0	0	0	0	516	
7	0	0	0	0	517	
8	0	0	0	0	516	
9	0	0	0	0	515	
10	0	0	0	0	513	
11	0	0	0	0	513	
12	0	0	0	0	513	
13	0	0	0	0	512	
14	0	0	0	0	512	
15	0	0	0	0	512	
0	0	0	0	0	513	
1	0	0	0	0	512	
2	0	0	0	0	511	
3	0	0	0	0	511	
4	0	0	0	0	510	
5	0	0	0	0	509	
6	0	0	0	0	509	
7	0	0	0	0	510	
8	0	0	0	0	510	
9	0	0	0	0	509	
10	0	0	0	0	510	
11	0	0	0	0	510	
12	0	0	0	0	510	
13	0	0	0	0	510	
14	0	0	0	0	510	
15	0	0	0	0	510	
0	0	0	0	0	509	
1	0	0	0	0	508	
2	0	0	0	0	509	
3	0	0	0	0	509	
4	0	0	0	0	511	
5	0	0	0	0	512	
6	0	0	0	0	512	
7	0	0	0	0	513	
8	0	0	0	0	514	
9	0	0	0	0	515	
10	0	0	0	0	515	
11	0	0	0	0	514	
12	0	0	0	0	514	
13	0	0	0	0	513	
14	0	0	0	0	513	
15	0	0	0	0	513	
0	0	0	0	0	512	
1	0	0	0	0	512	
2	0	0	0	0	511	
3	0	0	0	0	511	
4	0	0	0	0	511	
5	0	0	0	0	512	
6	0	0	0	0	514	
7	0	0	0	0	515	
8	0	0	0	0	515	
9	0	0	0	0	514	
10	0	0	0	0	513	
11	0	0	0	0	513	
12	0	0	0	0	514	
13	0	0	0	0	514	
14	0	0	0	0	513	
15	0	0	0	0	511	
0	0	0	0	0	510	
1	0	0	0	0	509	
2	0	0	0	0	509	
3	0	0	0	0	509	
4	0	0	0	0	510	
5	0	0	0	0	510	
6	0	0	0	0	510	
7	0	0	0	0	510	
8	0	0	0	0	509	
9	0	0	0	0	510	
10	0	0	0	0	510	
11	0	0	0	0	509	
12	0	0	0	0	508	
13	0	0	0	0	508	
14	0	0	0	0	508	
15	0	0	0	0	507	
0	0	0	0	0	506	
1	0	0	0	0	504	
2	0	0	0	0	504	
3	0	0	0	0	506	
4	0	0	0	0	508	
5	0	0	0	0	510	
6	0	0	0	0	512	
7	0	0	0	0	513	
8	0	0	0	0	512	
9	0	0	0	0	513	
10	0	0	0	0	512	
11	0	0	0	0	511	
12	0	0	0	0	510	
13	0	0	0	0	509	
14	0	0	0	0	509	
15	0	0	0	0	509	
0	0	0	0	0	509	
1	0	0	0	0	508	
2	0	0	0	0	508	
3	0	0	0	0	509	
4	0	0	0	0	509	
5	0	0	0	0	511	
6	0	0	0	0	515	
7	0	0	0	0	516	
8	0	0	0	0	519	
9	0	0	0	0	521	
10	0	0	0	0	524	
11	0	0	0	0	526	
12	0	0	0	0	526	
13	0	0	0	0	529	
14	0	0	0	0	529	
15	0	0	0	0	531	
0	0	0	0	0	531	
1	0	0	0	0	531	
2	0	0	0	0	533	
3	0	0	0	0	535	
4	0	0	0	0	536	
5	0	0	0	0	537	
6	0	0	0	0	540	
7	0	0	0	0	540	
8	0	0	0	0	540	
9	0	0	0	0	541	
10	0	0	0	0	539	
11	0	0	0	0	536	
12	0	0	0	0	536	
13	0	0	0	0	535	
14	0	0	0	0	533	
15	0	0	0	0	533	
0	0	0	0	0	532	
1	0	0	0	0	529	
2	0	0	0	0	527	
3	0	0	0	0	525	
4	0	0	0	0	524	
5	0	0	0	0	523	
6	0	0	0	0	524	
7	0	0	0	0	525	
8	0	0	0	0	526	
9	0	0	0	0	528	
10	0	0	0	0	531	
11	0	0	0	0	534	
12	0	0	0	0	536	
13	0	0	0	0	538	
14	0	0	0	0	540	
15	0	0	0	0	540	
0	0	0	0	0	541	
1	0	0	0	0	543	
2	0	0	0	0	544	
3	0	0	0	0	543	
4	0	0	0	0	541	
5	0	0	0	0	541	
6	0	0	0	0	540	
7	0	0	0	0	540	
8	0	0	0	0	540	
9	0	0	0	0	540	
10	0	0	0	0	541	
11	0	0	0	0	541	
12	0	0	0	0	541	
13	0	0	0	0	540	
14	0	0	0	0	539	
15	0	0	0	0	538	
0	0	0	0	0	536	
1	0	0	0	0	535	
2	0	0	0	0	532	
3	0	0	0	0	527	
4	0	0	0	0	524	
5	0	0	0	0	522	
6	0	0	0	0	519	
7	0	0	0	0	516	
8	0	0	0	0	513	
9	0	0	0	0	512	
10	0	0	0	0	509	
11	0	0	0	0	509	
12	0	0	0	0	508	
13	0	0	0	0	507	
14	0	0	0	0	508	
15	0	0	0	0	507	
0	0	0	0	0	506	
1	0	0	0	0	507	
2	0	0	0	0	508	
3	0	0	0	0	509	
4	0	0	0	0	510	
5	0	0	0	0	511	
6	0	0	0	0	513	
7	0	0	0	0	513	
8	0	0	0	0	515	
9	0	0	0	0	515	
10	0	0	0	0	516	
11	0	0	0	0	517	
12	0	0	0	0	518	
13	0	0	0	0	518	
14	0	0	0	0	518	
15	0	0	0	0	517	
0	0	0	0	0	518	
1	0	0	0	0	516	
2	0	0	0	0	516	
3	0	0	0	0	514	
4	0	0	0	0	514	
5	0	0	0	0	512	
6	0	0	0	0	510	
7	0	0	0	0	508	
8	0	0	0	0	507	
9	0	0	0	0	508	
10	0	0	0	0	505	
11	0	0	0	0	504	
12	0	0	0	0	504	
13	0	0	0	0	504	
14	0	0	0	0	505	
15	0	0	0	0	505	
0	0	0	0	0	503	
1	0	0	0	0	503	
2	0	0	0	0	504	
3	0	0	0	0	505	
4	0	0	0	0	504	
5	0	0	0	0	504	
6	0	0	0	0	504	
7	0	0	0	0	503	
8	0	0	0	0	502	
9	0	0	0	0	500	
10	0	0	0	0	499	
11	0	0	0	0	499	
12	0	0	0	0	500	
13	0	0	0	0	502	
14	0	0	0	0	502	
15	0	0	0	0	503	
0	0	0	0	0	504	
1	0	0	0	0	504	
2	0	0	0	0	505	
3	0	0	0	0	505	
4	0	0	0	0	505	
5	0	0	0	0	509	
6	0	0	0	0	512	
7	0	0	0	0	513	
8	0	0	0	0	514	
9	0	0	0	0	515	
10	0	0	0	0	516	
11	0	0	0	0	518	
12	0	0	0	0	519	
13	0	0	0	0	520	
14	0	0	0	0	521	
15	0	0	0	0	521	
0	0	0	0	0	515	
1	0	0	0	0	512	
2	0	0	0	0	509	
3	0	0	0	0	505	
4	0	0	0	0	504	
5	0	0	0	0	503	
6	0	0	0	0	499	
7	0	0	0	0	497	
8	0	0	0	0	496	
9	0	0	0	0	496	
10	0	0	0	0	500	
11	0	0	0	0	504	
12	0	0	0	0	511	
13	0	0	0	0	519	
14	0	0	0	0	530	
15	0	0	0	0	538	
0	0	0	0	0	546	
1	0	0	0	0	553	
2	0	0	0	0	558	
3	0	0	0	0	566	
4	0	0	0	0	575	
5	0	0	0	0	584	
6	0	0	0	0	593	
7	0	0	0	0	603	
8	0	0	0	0	615	
9	0	0	0	0	631	
10	0	0	0	0	652	
11	0	0	0	0	672	
12	0	0	0	0	692	
13	0	0	0	0	714	
14	0	0	0	0	734	
15	0	0	0	0	750	
0	0	0	0	0	770	
1	0	0	0	0	793	
2	0	0	0	0	821	
3	0	0	0	0	851	
4	0	0	0	0	881	
5	0	0	0	0	908	
6	0	0	0	0	928	
7	0	0	0	0	939	
8	0	0	0	0	938	
9	0	0	0	0	937	
10	0	0	0	0	931	
11	0	0	0	0	920	
12	0	0	0	0	899	
13	0	0	0	0	876	
14	0	0	0	0	847	
15	0	0	0	0	812	
0	0	0	0	0	769	
1	0	0	0	0	724	
2	0	0	0	0	680	
3	0	0	0	0	642	
4	0	0	0	0	605	
5	0	0	0	0	566	
6	0	0	0	0	526	
7	0	0	0	0	483	
8	0	0	0	0	446	
9	0	0	0	0	419	
10	0	0	0	0	402	
11	0	0	0	0	395	
12	0	0	0	0	395	
13	0	0	0	0	401	
14	0	0	0	0	406	
15	0	0	0	0	411	
0	0	0	0	0	415	
1	0	0	0	0	418	
2	0	0	0	0	422	
3	0	0	0	0	427	
4	0	0	0	0	433	
5	0	0	0	0	442	
6	0	0	0	0	449	
7	0	0	0	0	452	
8	0	0	0	0	452	
9	0	0	0	0	452	
10	0	0	0	0	453	
11	0	0	0	0	453	
12	0	0	0	0	455	
13	0	0	0	0	460	
14	0	0	0	0	467	
15	0	0	0	0	474	
0	0	0	0	0	477	
1	0	0	0	0	478	
2	0	0	0	0	472	
3	0	0	0	0	465	
4	0	0	0	0	462	
5	0	0	0	0	460	
6	0	0	0	0	462	
7	0	0	0	0	466	
8	0	0	0	0	467	
9	0	0	0	0	468	
10	0	0	0	0	467	
11	0	0	0	0	468	
12	0	0	0	0	469	
13	0	0	0	0	470	
14	0	0	0	0	469	
15	0	0	0	0	469	
0	0	0	0	0	468	
1	0	0	0	0	466	
2	0	0	0	0	464	
3	0	0	0	0	464	
4	0	0	0	0	464	
5	0	0	0	0	464	
6	0	0	0	0	464	
7	0	0	0	0	465	
8	0	0	0	0	466	
9	0	0	0	0	465	
10	0	0	0	0	463	
11	0	0	0	0	464	
12	0	0	0	0	466	
13	0	0	0	0	469	
14	0	0	0	0	471	
15	0	0	0	0	472	
0	0	0	0	0	472	
1	0	0	0	0	472	
2	0	0	0	0	472	
3	0	0	0	0	472	
4	0	0	0	0	472	
5	0	0	0	0	470	
6	0	0	0	0	469	
7	0	0	0	0	468	
8	0	0	0	0	468	
9	0	0	0	0	470	
10	0	0	0	0	470	
11	0	0	0	0	471	
12	0	0	0	0	471	
13	0	0	0	0	468	
14	0	0	0	0	467	
15	0	0	0	0	466	
0	0	0	0	0	466	
1	0	0	0	0	469	
2	0	0	0	0	471	
3	0	0	0	0	472	
4	0	0	0	0	472	
5	0	0	0	0	472	
6	0	0	0	0	473	
7	0	0	0	0	473	
8	0	0	0	0	475	
9	0	0	0	0	476	
10	0	0	0	0	477	
11	0	0	0	0	479	
12	0	0	0	0	482	
13	0	0	0	0	486	
14	0	0	0	0	485	
15	0	0	0	0	481	
0	0	0	0	0	480	
1	0	0	0	0	477	
2	0	0	0	0	477	
3	0	0	0	0	480	
4	0	0	0	0	481	
5	0	0	0	0	484	
6	0	0	0	0	486	
7	0	0	0	0	488	
8	0	0	0	0	489	
9	0	0	0	0	489	
10	0	0	0	0	490	
11	0	0	0	0	490	
12	0	0	0	0	492	
13	0	0	0	0	492	
14	0	0	0	0	495	
15	0	0	0	0	496	
0	0	0	0	0	496	
1	0	0	0	0	497	
2	0	0	0	0	496	
3	0	0	0	0	495	
4	0	0	0	0	495	
5	0	0	0	0	492	
6	0	0	0	0	490	
7	0	0	0	0	493	
8	0	0	0	0	496	
9	0	0	0	0	497	
10	0	0	0	0	495	
11	0	0	0	0	493	
12	0	0	0	0	494	
13	0	0	0	0	493	
14	0	0	0	0	494	
15	0	0	0	0	494	
0	0	0	0	0	497	
1	0	0	0	0	497	
2	0	0	0	0	496	
3	0	0	0	0	497	
4	0	0	0	0	497	
5	0	0	0	0	500	
6	0	0	0	0	502	
7	0	0	0	0	503	
8	0	0	0	0	508	
9	0	0	0	0	508	
10	0	0	0	0	511	
11	0	0	0	0	513	
12	0	0	0	0	511	
13	0	0	0	0	511	
14	0	0	0	0	509	
15	0	0	0	0	512	
0	0	0	0	0	513	
1	0	0	0	0	513	
2	0	0	0	0	516	
3	0	0	0	0	516	
4	0	0	0	0	515	
5	0	0	0	0	515	
6	0	0	0	0	513	
7	0	0	0	0	512	
8	0	0	0	0	514	
9	0	0	0	0	517	
10	0	0	0	0	518	
11	0	0	0	0	518	
12	0	0	0	0	517	
13	0	0	0	0	516	
14	0	0	0	0	516	
15	0	0	0	0	520	
0	0	0	0	0	523	
1	0	0	0	0	525	
2	0	0	0	0	527	
3	0	0	0	0	531	
4	0	0	0	0	532	
5	0	0	0	0	531	
6	0	0	0	0	531	
7	0	0	0	0	530	
8	0	0	0	0	532	
9	0	0	0	0	535	
10	0	0	0	0	535	
11	0	0	0	0	533	
12	0	0	0	0	531	
13	0	0	0	0	532	
14	0	0	0	0	534	
15	0	0	0	0	534	
0	0	0	0	0	535	
1	0	0	0	0	536	
2	0	0	0	0	538	
3	0	0	0	0	539	
4	0	0	0	0	538	
5	0	0	0	0	540	
6	0	0	0	0	541	
7	0	0	0	0	543	
8	0	0	0	0	544	
9	0	0	0	0	544	
10	0	0	0	0	545	
11	0	0	0	0	545	
12	0	0	0	0	544	
13	0	0	0	0	546	
14	0	0	0	0	546	
15	0	0	0	0	547	
0	0	0	0	0	548	
1	0	0	0	0	549	
2	0	0	0	0	550	
3	0	0	0	0	550	
4	0	0	0	0	551	
5	0	0	0	0	552	
6	0	0	0	0	552	
7	0	0	0	0	552	
8	0	0	0	0	552	
9	0	0	0	0	553	
10	0	0	0	0	552	
11	0	0	0	0	552	
12	0	0	0	0	554	
13	0	0	0	0	555	
14	0	0	0	0	556	
15	0	0	0	0	555	
0	0	0	0	0	554	
1	0	0	0	0	554	
2	0	0	0	0	555	
3	0	0	0	0	556	
4	0	0	0	0	556	
5	0	0	0	0	557	
6	0	0	0	0	557	
7	0	0	0	0	556	
8	0	0	0	0	557	
9	0	0	0	0	558	
10	0	0	0	0	560	
11	0	0	0	0	562	
12	0	0	0	0	562	
13	0	0	0	0	563	
14	0	0	0	0	562	
15	0	0	0	0	563	
0	0	0	0	0	563	
1	0	0	0	0	564	
2	0	0	0	0	566	
3	0	0	0	0	568	
4	0	0	0	0	570	
5	0	0	0	0	572	
6	0	0	0	0	571	
7	0	0	0	0	570	
8	0	0	0	0	569	
9	0	0	0	0	569	
10	0	0	0	0	568	
11	0	0	0	0	565	
12	0	0	0	0	564	
13	0	0	0	0	561	
14	0	0	0	0	559	
15	0	0	0	0	557	
0	0	0	0	0	555	
1	0	0	0	0	555	
2	0	0	0	0	554	
3	0	0	0	0	554	
4	0	0	0	0	555	
5	0	0	0	0	558	
6	0	0	0	0	562	
7	0	0	0	0	566	
8	0	0	0	0	570	
9	0	0	0	0	572	
10	0	0	0	0	571	
11	0	0	0	0	572	
12	0	0	0	0	574	
13	0	0	0	0	575	
14	0	0	0	0	573	
15	0	0	0	0	570	
0	0	0	0	0	568	
1	0	0	0	0	564	
2	0	0	0	0	562	
3	0	0	0	0	560	
4	0	0	0	0	558	
5	0	0	0	0	557	
6	0	0	0	0	556	
7	0	0	0	0	556	
8	0	0	0	0	554	
9	0	0	0	0	552	
10	0	0	0	0	550	
11	0	0	0	0	547	
12	0	0	0	0	543	
13	0	0	0	0	543	
14	0	0	0	0	540	
15	0	0	0	0	538	
0	0	0	0	0	534	
1	0	0	0	0	531	
2	0	0	0	0	529	
3	0	0	0	0	528	
4	0	0	0	0	528	
5	0	0	0	0	527	
6	0	0	0	0	526	
7	0	0	0	0	524	
8	0	0	0	0	520	
9	0	0	0	0	518	
10	0	0	0	0	517	
11	0	0	0	0	516	
12	0	0	0	0	512	
13	0	0	0	0	509	
14	0	0	0	0	508	
15	0	0	0	0	505	
0	0	0	0	0	505	
1	0	0	0	0	504	
2	0	0	0	0	500	
3	0	0	0	0	499	
4	0	0	0	0	496	
5	0	0	0	0	492	
6	0	0	0	0	485	
7	0	0	0	0	479	
8	0	0	0	0	476	
9	0	0	0	0	472	
10	0	0	0	0	468	
11	0	0	0	0	467	
12	0	0	0	0	465	
13	0	0	0	0	463	
14	0	0	0	0	462	
15	0	0	0	0	462	
0	0	0	0	0	460	
1	0	0	0	0	457	
2	0	0	0	0	455	
3	0	0	0	0	453	
4	0	0	0	0	452	
5	0	0	0	0	449	
6	0	0	0	0	446	
7	0	0	0	0	444	
8	0	0	0	0	441	
9	0	0	0	0	440	
10	0	0	0	0	440	
11	0	0	0	0	440	
12	0	0	0	0	443	
13	0	0	0	0	445	
14	0	0	0	0	446	
15	0	0	0	0	448	
0	0	0	0	0	449	
1	0	0	0	0	451	
2	0	0	0	0	452	
3	0	0	0	0	452	
4	0	0	0	0	451	
5	0	0	0	0	451	
6	0	0	0	0	451	
7	0	0	0	0	451	
8	0	0	0	0	449	
9	0	0	0	0	450	
10	0	0	0	0	449	
11	0	0	0	0	450	
12	0	0	0	0	452	
13	0	0	0	0	455	
14	0	0	0	0	457	
15	0	0	0	0	459	
0	0	0	0	0	461	
1	0	0	0	0	463	
2	0	0	0	0	464	
3	0	0	0	0	463	
4	0	0	0	0	463	
5	0	0	0	0	464	
6	0	0	0	0	465	
7	0	0	0	0	467	
8	0	0	0	0	467	
9	0	0	0	0	467	
10	0	0	0	0	467	
11	0	0	0	0	468	
12	0	0	0	0	471	
13	0	0	0	0	475	
14	0	0	0	0	478	
15	0	0	0	0	480	
0	0	0	0	0	480	
1	0	0	0	0	479	
2	0	0	0	0	476	
3	0	0	0	0	475	
4	0	0	0	0	476	
5	0	0	0	0	475	
6	0	0	0	0	473	
7	0	0	0	0	471	
8	0	0	0	0	469	
9	0	0	0	0	468	
10	0	0	0	0	468	
11	0	0	0	0	469	
12	0	0	0	0	470	
13	0	0	0	0	471	
14	0	0	0	0	471	
15	0	0	0	0	475	
0	0	0	0	0	477	
1	0	0	0	0	480	
2	0	0	0	0	483	
3	0	0	0	0	487	
4	0	0	0	0	491	
5	0	0	0	0	494	
6	0	0	0	0	495	
7	0	0	0	0	496	
8	0	0	0	0	498	
9	0	0	0	0	496	
10	0	0	0	0	498	
11	0	0	0	0	498	
12	0	0	0	0	496	
13	0	0	0	0	495	
14	0	0	0	0	493	
15	0	0	0	0	494	
0	0	0	0	0	493	
1	0	0	0	0	494	
2	0	0	0	0	496	
3	0	0	0	0	496	
4	0	0	0	0	497	
5	0	0	0	0	496	
6	0	0	0	0	495	
7	0	0	0	0	495	
8	0	0	0	0	497	
9	0	0	0	0	500	
10	0	0	0	0	502	
11	0	0	0	0	503	
12	0	0	0	0	503	
13	0	0	0	0	504	
14	0	0	0	0	506	
15	0	0	0	0	506	
0	0	0	0	0	508	
1	0	0	0	0	509	
2	0	0	0	0	507	
3	0	0	0	0	510	
4	0	0	0	0	512	
5	0	0	0	0	509	
6	0	0	0	0	509	
7	0	0	0	0	509	
8	0	0	0	0	510	
9	0	0	0	0	510	
10	0	0	0	0	510	
11	0	0	0	0	509	
12	0	0	0	0	507	
13	0	0	0	0	505	
14	0	0	0	0	505	
15	0	0	0	0	505	
0	0	0	0	0	503	
1	0	0	0	0	501	
2	0	0	0	0	500	
3	0	0	0	0	499	
4	0	0	0	0	494	
5	0	0	0	0	492	
6	0	0	0	0	490	
7	0	0	0	0	492	
8	0	0	0	0	495	
9	0	0	0	0	493	
10	0	0	0	0	491	
11	0	0	0	0	490	
12	0	0	0	0	492	
13	0	0	0	0	496	
14	0	0	0	0	497	
15	0	0	0	0	499	
0	0	0	0	0	496	
1	0	0	0	0	498	
2	0	0	0	0	503	
3	0	0	0	0	507	
4	0	0	0	0	509	
5	0	0	0	0	509	
6	0	0	0	0	510	
7	0	0	0	0	512	
8	0	0	0	0	511	
9	0	0	0	0	509	
10	0	0	0	0	508	
11	0	0	0	0	510	
12	0	0	0	0	510	
13	0	0	0	0	510	
14	0	0	0	0	511	
15	0	0	0	0	508	
0	0	0	0	0	507	
1	0	0	0	0	508	
2	0	0	0	0	508	
3	0	0	0	0	511	
4	0	0	0	0	513	
5	0	0	0	0	513	
6	0	0	0	0	514	
7	0	0	0	0	514	
8	0	0	0	0	513	
9	0	0	0	0	512	
10	0	0	0	0	510	
11	0	0	0	0	510	
12	0	0	0	0	511	
13	0	0	0	0	510	
14	0	0	0	0	511	
15	0	0	0	0	515	
0	0	0	0	0	518	
1	0	0	0	0	518	
2	0	0	0	0	519	
3	0	0	0	0	517	
4	0	0	0	0	517	
5	0	0	0	0	517	
6	0	0	0	0	518	
7	0	0	0	0	520	
8	0	0	0	0	520	
9	0	0	0	0	522	
10	0	0	0	0	521	
11	0	0	0	0	519	
12	0	0	0	0	519	
13	0	0	0	0	520	
14	0	0	0	0	518	
15	0	0	0	0	516	
0	0	0	0	0	515	
1	0	0	0	0	513	
2	0	0	0	0	512	
3	0	0	0	0	514	
4	0	0	0	0	513	
5	0	0	0	0	510	
6	0	0	0	0	509	
7	0	0	0	0	510	
8	0	0	0	0	512	
9	0	0	0	0	512	
10	0	0	0	0	510	
11	0	0	0	0	508	
12	0	0	0	0	504	
13	0	0	0	0	504	
14	0	0	0	0	504	
15	0	0	0	0	505	
0	0	0	0	0	506	
1	0	0	0	0	506	
2	0	0	0	0	504	
3	0	0	0	0	503	
4	0	0	0	0	503	
5	0	0	0	0	504	
6	0	0	0	0	501	
7	0	0	0	0	500	
8	0	0	0	0	501	
9	0	0	0	0	501	
10	0	0	0	0	497	
11	0	0	0	0	496	
12	0	0	0	0	496	
13	0	0	0	0	497	
14	0	0	0	0	495	
15	0	0	0	0	494	
0	0	0	0	0	494	
1	0	0	0	0	495	
2	0	0	0	0	496	
3	0	0	0	0	497	
4	0	0	0	0	500	
5	0	0	0	0	501	
6	0	0	0	0	504	
7	0	0	0	0	507	
8	0	0	0	0	509	
9	0	0	0	0	509	
10	0	0	0	0	509	
11	0	0	0	0	510	
12	0	0	0	0	510	
13	0	0	0	0	508	
14	0	0	0	0	509	
15	0	0	0	0	508	
0	0	0	0	0	507	
1	0	0	0	0	504	
2	0	0	0	0	501	
3	0	0	0	0	500	
4	0	0	0	0	499	
5	0	0	0	0	500	
6	0	0	0	0	502	
7	0	0	0	0	502	
8	0	0	0	0	504	
9	0	0	0	0	504	
10	0	0	0	0	504	
11	0	0	0	0	503	
12	0	0	0	0	502	
13	0	0	0	0	500	
14	0	0	0	0	498	
15	0	0	0	0	495	
0	0	0	0	0	495	
1	0	0	0	0	493	
2	0	0	0	0	496	
3	0	0	0	0	497	
4	0	0	0	0	498	
5	0	0	0	0	498	
6	0	0	0	0	497	
7	0	0	0	0	497	
8	0	0	0	0	496	
9	0	0	0	0	498	
10	0	0	0	0	500	
11	0	0	0	0	500	
12	0	0	0	0	502	
13	0	0	0	0	503	
14	0	0	0	0	505	
15	0	0	0	0	504	
0	0	0	0	0	504	
1	0	0	0	0	504	
2	0	0	0	0	503	
3	0	0	0	0	504	
4	0	0	0	0	505	
5	0	0	0	0	506	
6	0	0	0	0	507	
7	0	0	0	0	505	
8	0	0	0	0	504	
9	0	0	0	0	500	
10	0	0	0	0	499	
11	0	0	0	0	497	
12	0	0	0	0	496	
13	0	0	0	0	498	
14	0	0	0	0	499	
15	0	0	0	0	495	
0	0	0	0	0	495	
1	0	0	0	0	492	
2	0	0	0	0	489	
3	0	0	0	0	489	
4	0	0	0	0	489	
5	0	0	0	0	492	
6	0	0	0	0	496	
7	0	0	0	0	504	
8	0	0	0	0	508	
9	0	0	0	0	511	
10	0	0	0	0	515	
11	0	0	0	0	519	
12	0	0	0	0	524	
13	0	0	0	0	528	
14	0	0	0	0	529	
15	0	0	0	0	530	
0	0	0	0	0	532	
1	0	0	0	0	532	
2	0	0	0	0	531	
3	0	0	0	0	531	
4	0	0	0	0	531	
5	0	0	0	0	531	
6	0	0	0	0	529	
7	0	0	0	0	524	
8	0	0	0	0	515	
9	0	0	0	0	510	
10	0	0	0	0	507	
11	0	0	0	0	510	
12	0	0	0	0	512	
13	0	0	0	0	512	
14	0	0	0	0	511	
15	0	0	0	0	508	
0	0	0	0	0	507	
1	0	0	0	0	507	
2	0	0	0	0	508	
3	0	0	0	0	512	
4	0	0	0	0	512	
5	0	0	0	0	517	
6	0	0	0	0	519	
7	0	0	0	0	521	
8	0	0	0	0	523	
9	0	0	0	0	523	
10	0	0	0	0	524	
11	0	0	0	0	525	
12	0	0	0	0	525	
13	0	0	0	0	526	
14	0	0	0	0	526	
15	0	0	0	0	525	
0	0	0	0	0	524	
1	0	0	0	0	524	
2	0	0	0	0	525	
3	0	0	0	0	524	
4	0	0	0	0	521	
5	0	0	0	0	519	
6	0	0	0	0	515	
7	0	0	0	0	514	
8	0	0	0	0	513	
9	0	0	0	0	512	
10	0	0	0	0	509	
11	0	0	0	0	506	
12	0	0	0	0	503	
13	0	0	0	0	500	
14	0	0	0	0	498	
15	0	0	0	0	494	
0	0	0	0	0	491	
1	0	0	0	0	491	
2	0	0	0	0	493	
3	0	0	0	0	496	
4	0	0	0	0	497	
5	0	0	0	0	498	
6	0	0	0	0	498	
7	0	0	0	0	499	
8	0	0	0	0	499	
9	0	0	0	0	502	
10	0	0	0	0	502	
11	0	0	0	0	503	
12	0	0	0	0	503	
13	0	0	0	0	505	
14	0	0	0	0	508	
15	0	0	0	0	512	
0	0	0	0	0	512	
1	0	0	0	0	512	
2	0	0	0	0	512	
3	0	0	0	0	511	
4	0	0	0	0	510	
5	0	0	0	0	512	
6	0	0	0	0	510	
7	0	0	0	0	507	
8	0	0	0	0	503	
9	0	0	0	0	499	
10	0	0	0	0	495	
11	0	0	0	0	490	
12	0	0	0	0	487	
13	0	0	0	0	483	
14	0	0	0	0	481	
15	0	0	0	0	480	
0	0	0	0	0	481	
1	0	0	0	0	486	
2	0	0	0	0	489	
3	0	0	0	0	490	
4	0	0	0	0	491	
5	0	0	0	0	490	
6	0	0	0	0	488	
7	0	0	0	0	488	
8	0	0	0	0	488	
9	0	0	0	0	488	
10	0	0	0	0	487	
11	0	0	0	0	487	
12	0	0	0	0	486	
13	0	0	0	0	487	
14	0	0	0	0	488	
15	0	0	0	0	489	
0	0	0	0	0	491	
1	0	0	0	0	493	
2	0	0	0	0	494	
3	0	0	0	0	495	
4	0	0	0	0	493	
5	0	0	0	0	492	
6	0	0	0	0	489	
7	0	0	0	0	486	
8	0	0	0	0	487	
9	0	0	0	0	489	
10	0	0	0	0	492	
11	0	0	0	0	495	
12	0	0	0	0	496	
13	0	0	0	0	498	
14	0	0	0	0	498	
15	0	0	0	0	499	
0	0	0	0	0	498	
1	0	0	0	0	496	
2	0	0	0	0	495	
3	0	0	0	0	491	
4	0	0	0	0	489	
5	0	0	0	0	488	
6	0	0	0	0	488	
7	0	0	0	0	489	
8	0	0	0	0	488	
9	0	0	0	0	488	
10	0	0	0	0	488	
11	0	0	0	0	487	
12	0	0	0	0	487	
13	0	0	0	0	483	
14	0	0	0	0	481	
15	0	0	0	0	479	
0	0	0	0	0	480	
1	0	0	0	0	479	
2	0	0	0	0	480	
3	0	0	0	0	485	
4	0	0	0	0	489	
5	0	0	0	0	497	
6	0	0	0	0	505	
7	0	0	0	0	511	
8	0	0	0	0	517	
9	0	0	0	0	524	
10	0	0	0	0	529	
11	0	0	0	0	537	
12	0	0	0	0	542	
13	0	0	0	0	550	
14	0	0	0	0	557	
15	0	0	0	0	567	
0	0	0	0	0	582	
1	0	0	0	0	598	
2	0	0	0	0	615	
3	0	0	0	0	633	
4	0	0	0	0	653	
5	0	0	0	0	675	
6	0	0	0	0	697	
7	0	0	0	0	719	
8	0	0	0	0	740	
9	0	0	0	0	763	
10	0	0	0	0	789	
11	0	0	0	0	814	
12	0	0	0	0	838	
13	0	0	0	0	861	
14	0	0	0	0	877	
15	0	0	0	0	889	
0	0	0	0	0	893	
1	0	0	0	0	895	
2	0	0	0	0	892	
3	0	0	0	0	886	
4	0	0	0	0	873	
5	0	0	0	0	847	
6	0	0	0	0	815	
7	0	0	0	0	774	
8	0	0	0	0	727	
9	0	0	0	0	681	
10	0	0	0	0	637	
11	0	0	0	0	595	
12	0	0	0	0	551	
13	0	0	0	0	509	
14	0	0	0	0	470	
15	0	0	0	0	432	
0	0	0	0	0	399	
1	0	0	0	0	374	
2	0	0	0	0	359	
3	0	0	0	0	356	
4	0	0	0	0	359	
5	0	0	0	0	368	
6	0	0	0	0	378	
7	0	0	0	0	386	
8	0	0	0	0	395	
9	0	0	0	0	401	
10	0	0	0	0	406	
11	0	0	0	0	410	
12	0	0	0	0	415	
13	0	0	0	0	420	
14	0	0	0	0	427	
15	0	0	0	0	434	
0	0	0	0	0	439	
1	0	0	0	0	443	
2	0	0	0	0	448	
3	0	0	0	0	449	
4	0	0	0	0	449	
5	0	0	0	0	451	
6	0	0	0	0	451	
7	0	0	0	0	452	
8	0	0	0	0	452	
9	0	0	0	0	451	
10	0	0	0	0	452	
11	0	0	0	0	450	
12	0	0	0	0	450	
13	0	0	0	0	448	
14	0	0	0	0	448	
15	0	0	0	0	445	
0	0	0	0	0	443	
1	0	0	0	0	443	
2	0	0	0	0	442	
3	0	0	0	0	443	
4	0	0	0	0	443	
5	0	0	0	0	442	
6	0	0	0	0	442	
7	0	0	0	0	440	
8	0	0	0	0	437	
9	0	0	0	0	436	
10	0	0	0	0	434	
11	0	0	0	0	432	
12	0	0	0	0	431	
13	0	0	0	0	430	
14	0	0	0	0	431	
15	0	0	0	0	433	
0	0	0	0	0	437	
1	0	0	0	0	442	
2	0	0	0	0	447	
3	0	0	0	0	450	
4	0	0	0	0	454	
5	0	0	0	0	457	
6	0	0	0	0	459	
7	0	0	0	0	460	
8	0	0	0	0	461	
9	0	0	0	0	463	
10	0	0	0	0	465	
11	0	0	0	0	465	
12	0	0	0	0	464	
13	0	0	0	0	463	
14	0	0	0	0	462	
15	0	0	0	0	461	
0	0	0	0	0	462	
1	0	0	0	0	463	
2	0	0	0	0	464	
3	0	0	0	0	465	
4	0	0	0	0	467	
5	0	0	0	0	468	
6	0	0	0	0	471	
7	0	0	0	0	472	
8	0	0	0	0	474	
9	0	0	0	0	476	
10	0	0	0	0	476	
11	0	0	0	0	476	
12	0	0	0	0	476	
13	0	0	0	0	475	
14	0	0	0	0	474	
15	0	0	0	0	472	
0	0	0	0	0	472	
1	0	0	0	0	472	
2	0	0	0	0	470	
3	0	0	0	0	470	
4	0	0	0	0	471	
5	0	0	0	0	473	
6	0	0	0	0	476	
7	0	0	0	0	478	
8	0	0	0	0	480	
9	0	0	0	0	481	
10	0	0	0	0	480	
11	0	0	0	0	480	
12	0	0	0	0	480	
13	0	0	0	0	481	
14	0	0	0	0	482	
15	0	0	0	0	483	
0	0	0	0	0	484	
1	0	0	0	0	484	
2	0	0	0	0	483	
3	0	0	0	0	482	
4	0	0	0	0	483	
5	0	0	0	0	484	
6	0	0	0	0	485	
7	0	0	0	0	486	
8	0	0	0	0	486	
9	0	0	0	0	487	
10	0	0	0	0	487	
11	0	0	0	0	487	
12	0	0	0	0	485	
13	0	0	0	0	486	
14	0	0	0	0	487	
15	0	0	0	0	487	
0	0	0	0	0	487	
1	0	0	0	0	488	
2	0	0	0	0	487	
3	0	0	0	0	487	
4	0	0	0	0	487	
5	0	0	0	0	488	
6	0	0	0	0	492	
7	0	0	0	0	494	
8	0	0	0	0	494	
9	0	0	0	0	495	
10	0	0	0	0	496	
11	0	0	0	0	497	
12	0	0	0	0	496	
13	0	0	0	0	496	
14	0	0	0	0	497	
15	0	0	0	0	498	
0	0	0	0	0	499	
1	0	0	0	0	499	
2	0	0	0	0	500	
3	0	0	0	0	499	
4	0	0	0	0	501	
5	0	0	0	0	503	
6	0	0	0	0	504	
7	0	0	0	0	505	
8	0	0	0	0	506	
9	0	0	0	0	508	
10	0	0	0	0	510	
11	0	0	0	0	512	
12	0	0	0	0	512	
13	0	0	0	0	512	
14	0	0	0	0	511	
15	0	0	0	0	511	
0	0	0	0	0	511	
1	0	0	0	0	514	
2	0	0	0	0	516	
3	0	0	0	0	519	
4	0	0	0	0	520	
5	0	0	0	0	519	
6	0	0	0	0	519	
7	0	0	0	0	521	
8	0	0	0	0	523	
9	0	0	0	0	525	
10	0	0	0	0	524	
11	0	0	0	0	525	
12	0	0	0	0	525	
13	0	0	0	0	526	
14	0	0	0	0	527	
15	0	0	0	0	527	
0	0	0	0	0	527	
1	0	0	0	0	524	
2	0	0	0	0	522	
3	0	0	0	0	524	
4	0	0	0	0	527	
5	0	0	0	0	531	
6	0	0	0	0	534	
7	0	0	0	0	536	
8	0	0	0	0	539	
9	0	0	0	0	540	
10	0	0	0	0	541	
11	0	0	0	0	541	
12	0	0	0	0	542	
13	0	0	0	0	544	
14	0	0	0	0	545	
15	0	0	0	0	546	
0	0	0	0	0	548	
1	0	0	0	0	550	
2	0	0	0	0	552	
3	0	0	0	0	553	
4	0	0	0	0	554	
5	0	0	0	0	554	
6	0	0	0	0	554	
7	0	0	0	0	556	
8	0	0	0	0	556	
9	0	0	0	0	556	
10	0	0	0	0	556	
11	0	0	0	0	556	
12	0	0	0	0	558	
13	0	0	0	0	558	
14	0	0	0	0	559	
15	0	0	0	0	559	
0	0	0	0	0	560	
1	0	0	0	0	560	
2	0	0	0	0	560	
3	0	0	0	0	561	
4	0	0	0	0	562	
5	0	0	0	0	563	
6	0	0	0	0	564	
7	0	0	0	0	563	
8	0	0	0	0	565	
9	0	0	0	0	565	
10	0	0	0	0	564	
11	0	0	0	0	563	
12	0	0	0	0	563	
13	0	0	0	0	564	
14	0	0	0	0	564	
15	0	0	0	0	564	
0	0	0	0	0	564	
1	0	0	0	0	562	
2	0	0	0	0	563	
3	0	0	0	0	562	
4	0	0	0	0	562	
5	0	0	0	0	563	
6	0	0	0	0	564	
7	0	0	0	0	566	
8	0	0	0	0	567	
9	0	0	0	0	566	
10	0	0	0	0	567	
11	0	0	0	0	567	
12	0	0	0	0	566	
13	0	0	0	0	564	
14	0	0	0	0	561	
15	0	0	0	0	561	
0	0	0	0	0	560	
1	0	0	0	0	562	
2	0	0	0	0	563	
3	0	0	0	0	561	
4	0	0	0	0	561	
5	0	0	0	0	563	
6	0	0	0	0	563	
7	0	0	0	0	563	
8	0	0	0	0	561	
9	0	0	0	0	561	
10	0	0	0	0	560	
11	0	0	0	0	560	
12	0	0	0	0	560	
13	0	0	0	0	558	
14	0	0	0	0	556	
15	0	0	0	0	552	
0	0	0	0	0	550	
1	0	0	0	0	547	
2	0	0	0	0	544	
3	0	0	0	0	543	
4	0	0	0	0	540	
5	0	0	0	0	538	
6	0	0	0	0	536	
7	0	0	0	0	534	
8	0	0	0	0	532	
9	0	0	0	0	529	
10	0	0	0	0	527	
11	0	0	0	0	525	
12	0	0	0	0	522	
13	0	0	0	0	521	
14	0	0	0	0	517	
15	0	0	0	0	515	
0	0	0	0	0	513	
1	0	0	0	0	510	
2	0	0	0	0	508	
3	0	0	0	0	505	
4	0	0	0	0	504	
5	0	0	0	0	500	
6	0	0	0	0	497	
7	0	0	0	0	495	
8	0	0	0	0	493	
9	0	0	0	0	492	
10	0	0	0	0	491	
11	0	0	0	0	489	
12	0	0	0	0	488	
13	0	0	0	0	486	
14	0	0	0	0	483	
15	0	0	0	0	480	
0	0	0	0	0	476	
1	0	0	0	0	475	
2	0	0	0	0	471	
3	0	0	0	0	468	
4	0	0	0	0	465	
5	0	0	0	0	462	
6	0	0	0	0	460	
7	0	0	0	0	458	
8	0	0	0	0	458	
9	0	0	0	0	458	
10	0	0	0	0	457	
11	0	0	0	0	457	
12	0	0	0	0	457	
13	0	0	0	0	456	
14	0	0	0	0	454	
15	0	0	0	0	452	
0	0	0	0	0	451	
1	0	0	0	0	449	
2	0	0	0	0	447	
3	0	0	0	0	445	
4	0	0	0	0	443	
5	0	0	0	0	441	
6	0	0	0	0	440	
7	0	0	0	0	440	
8	0	0	0	0	440	
9	0	0	0	0	439	
10	0	0	0	0	440	
11	0	0	0	0	441	
12	0	0	0	0	443	
13	0	0	0	0	444	
14	0	0	0	0	443	
15	0	0	0	0	443	
0	0	0	0	0	442	
1	0	0	0	0	443	
2	0	0	0	0	444	
3	0	0	0	0	443	
4	0	0	0	0	443	
5	0	0	0	0	443	
6	0	0	0	0	442	
7	0	0	0	0	442	
8	0	0	0	0	442	
9	0	0	0	0	444	
10	0	0	0	0	445	
11	0	0	0	0	448	
12	0	0	0	0	449	
13	0	0	0	0	451	
14	0	0	0	0	455	
15	0	0	0	0	455	
0	0	0	0	0	455	
1	0	0	0	0	455	
2	0	0	0	0	454	
3	0	0	0	0	454	
4	0	0	0	0	454	
5	0	0	0	0	455	
6	0	0	0	0	455	
7	0	0	0	0	455	
8	0	0	0	0	457	
9	0	0	0	0	459	
10	0	0	0	0	463	
11	0	0	0	0	464	
12	0	0	0	0	465	
13	0	0	0	0	467	
14	0	0	0	0	467	
15	0	0	0	0	470	
0	0	0	0	0	471	
1	0	0	0	0	471	
2	0	0	0	0	471	
3	0	0	0	0	471	
4	0	0	0	0	471	
5	0	0	0	0	470	
6	0	0	0	0	469	
7	0	0	0	0	469	
8	0	0	0	0	470	
9	0	0	0	0	473	
10	0	0	0	0	477	
11	0	0	0	0	479	
12	0	0	0	0	483	
13	0	0	0	0	484	
14	0	0	0	0	486	
15	0	0	0	0	486	
0	0	0	0	0	487	
1	0	0	0	0	489	
2	0	0	0	0	489	
3	0	0	0	0	490	
4	0	0	0	0	490	
5	0	0	0	0	488	
6	0	0	0	0	488	
7	0	0	0	0	487	
8	0	0	0	0	487	
9	0	0	0	0	487	
10	0	0	0	0	484	
11	0	0	0	0	482	
12	0	0	0	0	482	
13	0	0	0	0	483	
14	0	0	0	0	483	
15	0	0	0	0	482	
0	0	0	0	0	483	
1	0	0	0	0	483	
2	0	0	0	0	485	
3	0	0	0	0	485	
4	0	0	0	0	485	
5	0	0	0	0	486	
6	0	0	0	0	487	
7	0	0	0	0	488	
8	0	0	0	0	490	
9	0	0	0	0	491	
10	0	0	0	0	493	
11	0	0	0	0	495	
12	0	0	0	0	497	
13	0	0	0	0	499	
14	0	0	0	0	499	
15	0	0	0	0	501	
0	0	0	0	0	503	
1	0	0	0	0	505	
2	0	0	0	0	504	
3	0	0	0	0	504	
4	0	0	0	0	505	
5	0	0	0	0	504	
6	0	0	0	0	505	
7	0	0	0	0	506	
8	0	0	0	0	506	
9	0	0	0	0	508	
10	0	0	0	0	509	
11	0	0	0	0	510	
12	0	0	0	0	510	
13	0	0	0	0	511	
14	0	0	0	0	512	
15	0	0	0	0	512	
0	0	0	0	0	512	
1	0	0	0	0	512	
2	0	0	0	0	511	
3	0	0	0	0	512	
4	0	0	0	0	513	
5	0	0	0	0	513	
6	0	0	0	0	513	
7	0	0	0	0	512	
8	0	0	0	0	512	
9	0	0	0	0	511	
10	0	0	0	0	511	
11	0	0	0	0	512	
12	0	0	0	0	512	
13	0	0	0	0	512	
14	0	0	0	0	513	
15	0	0	0	0	514	
0	0	0	0	0	514	
1	0	0	0	0	514	
2	0	0	0	0	515	
3	0	0	0	0	515	
4	0	0	0	0	515	
5	0	0	0	0	516	
6	0	0	0	0	516	
7	0	0	0	0	516	
8	0	0	0	0	515	
9	0	0	0	0	516	
10	0	0	0	0	516	
11	0	0	0	0	516	
12	0	0	0	0	518	
13	0	0	0	0	517	
14	0	0	0	0	516	
15	0	0	0	0	515	
0	0	0	0	0	515	
1	0	0	0	0	516	
2	0	0	0	0	516	
3	0	0	0	0	519	
4	0	0	0	0	523	
5	0	0	0	0	525	
6	0	0	0	0	526	
7	0	0	0	0	526	
8	0	0	0	0	526	
9	0	0	0	0	526	
10	0	0	0	0	524	
11	0	0	0	0	524	
12	0	0	0	0	523	
13	0	0	0	0	522	
14	0	0	0	0	522	
15	0	0	0	0	523	
0	0	0	0	0	524	
1	0	0	0	0	525	
2	0	0	0	0	526	
3	0	0	0	0	525	
4	0	0	0	0	525	
5	0	0	0	0	526	
6	0	0	0	0	525	
7	0	0	0	0	525	
8	0	0	0	0	525	
9	0	0	0	0	524	
10	0	0	0	0	523	
11	0	0	0	0	522	
12	0	0	0	0	521	
13	0	0	0	0	522	
14	0	0	0	0	522	
15	0	0	0	0	522	
0	0	0	0	0	523	
1	0	0	0	0	523	
2	0	0	0	0	524	
3	0	0	0	0	523	
4	0	0	0	0	522	
5	0	0	0	0	522	
6	0	0	0	0	521	
7	0	0	0	0	519	
8	0	0	0	0	518	
9	0	0	0	0	517	
10	0	0	0	0	515	
11	0	0	0	0	514	
12	0	0	0	0	513	
13	0	0	0	0	514	
14	0	0	0	0	515	
15	0	0	0	0	517	
0	0	0	0	0	519	
1	0	0	0	0	519	
2	0	0	0	0	520	
3	0	0	0	0	521	
4	0	0	0	0	520	
5	0	0	0	0	519	
6	0	0	0	0	516	
7	0	0	0	0	515	
8	0	0	0	0	515	
9	0	0	0	0	513	
10	0	0	0	0	512	
11	0	0	0	0	511	
12	0	0	0	0	510	
13	0	0	0	0	510	
14	0	0	0	0	510	
15	0	0	0	0	510	
0	0	0	0	0	511	
1	0	0	0	0	511	
2	0	0	0	0	513	
3	0	0	0	0	513	
4	0	0	0	0	513	
5	0	0	0	0	513	
6	0	0	0	0	513	
7	0	0	0	0	514	
8	0	0	0	0	514	
9	0	0	0	0	513	
10	0	0	0	0	513	
11	0	0	0	0	511	
12	0	0	0	0	512	
13	0	0	0	0	511	
14	0	0	0	0	511	
15	0	0	0	0	511	
0	0	0	0	0	510	
1	0	0	0	0	509	
2	0	0	0	0	508	
3	0	0	0	0	506	
4	0	0	0	0	504	
5	0	0	0	0	504	
6	0	0	0	0	505	
7	0	0	0	0	505	
8	0	0	0	0	505	
9	0	0	0	0	506	
10	0	0	0	0	506	
11	0	0	0	0	507	
12	0	0	0	0	507	
13	0	0	0	0	505	
14	0	0	0	0	504	
15	0	0	0	0	501	
0	0	0	0	0	499	
1	0	0	0	0	499	
2	0	0	0	0	498	
3	0	0	0	0	499	
4	0	0	0	0	501	
5	0	0	0	0	504	
6	0	0	0	0	505	
7	0	0	0	0	507	
8	0	0	0	0	508	
9	0	0	0	0	508	
10	0	0	0	0	509	
11	0	0	0	0	508	
12	0	0	0	0	509	
13	0	0	0	0	510	
14	0	0	0	0	509	
15	0	0	0	0	509	
0	0	0	0	0	510	
1	0	0	0	0	510	
2	0	0	0	0	510	
3	0	0	0	0	509	
4	0	0	0	0	510	
5	0	0	0	0	510	
6	0	0	0	0	511	
7	0	0	0	0	511	
8	0	0	0	0	510	
9	0	0	0	0	511	
10	0	0	0	0	511	
11	0	0	0	0	511	
12	0	0	0	0	511	
13	0	0	0	0	512	
14	0	0	0	0	512	
15	0	0	0	0	512	
0	0	0	0	0	512	
1	0	0	0	0	513	
2	0	0	0	0	514	
3	0	0	0	0	515	
4	0	0	0	0	515	
5	0	0	0	0	515	
6	0	0	0	0	515	
7	0	0	0	0	515	
8	0	0	0	0	516	
9	0	0	0	0	515	
10	0	0	0	0	514	
11	0	0	0	0	514	
12	0	0	0	0	513	
13	0	0	0	0	513	
14	0	0	0	0	512	
15	0	0	0	0	510	
0	0	0	0	0	508	
1	0	0	0	0	505	
2	0	0	0	0	504	
3	0	0	0	0	504	
4	0	0	0	0	505	
5	0	0	0	0	506	
6	0	0	0	0	507	
7	0	0	0	0	508	
8	0	0	0	0	509	
9	0	0	0	0	510	
10	0	0	0	0	510	
11	0	0	0	0	509	
12	0	0	0	0	509	
13	0	0	0	0	509	
14	0	0	0	0	509	
15	0	0	0	0	509	
0	0	0	0	0	508	
1	0	0	0	0	510	
2	0	0	0	0	511	
3	0	0	0	0	512	
4	0	0	0	0	512	
5	0	0	0	0	513	
6	0	0	0	0	515	
7	0	0	0	0	517	
8	0	0	0	0	519	
9	0	0	0	0	520	
10	0	0	0	0	521	
11	0	0	0	0	521	
12	0	0	0	0	520	
13	0	0	0	0	520	
14	0	0	0	0	519	
15	0	0	0	0	520	
0	0	0	0	0	522	
1	0	0	0	0	522	
2	0	0	0	0	525	
3	0	0	0	0	528	
4	0	0	0	0	531	
5	0	0	0	0	535	
6	0	0	0	0	537	
7	0	0	0	0	540	
8	0	0	0	0	543	
9	0	0	0	0	545	
10	0	0	0	0	545	
11	0	0	0	0	545	
12	0	0	0	0	543	
13	0	0	0	0	542	
14	0	0	0	0	539	
15	0	0	0	0	537	
0	0	0	0	0	535	
1	0	0	0	0	531	
2	0	0	0	0	529	
3	0	0	0	0	527	
4	0	0	0	0	527	
5	0	0	0	0	524	
6	0	0	0	0	522	
7	0	0	0	0	520	
8	0	0	0	0	519	
9	0	0	0	0	519	
10	0	0	0	0	521	
11	0	0	0	0	524	
12	0	0	0	0	526	
13	0	0	0	0	527	
14	0	0	0	0	530	
15	0	0	0	0	531	
0	0	0	0	0	532	
1	0	0	0	0	533	
2	0	0	0	0	532	
3	0	0	0	0	532	
4	0	0	0	0	532	
5	0	0	0	0	534	
6	0	0	0	0	536	
7	0	0	0	0	536	
8	0	0	0	0	537	
9	0	0	0	0	537	
10	0	0	0	0	538	
11	0	0	0	0	539	
12	0	0	0	0	538	
13	0	0	0	0	538	
14	0	0	0	0	538	
15	0	0	0	0	536	
0	0	0	0	0	534	
1	0	0	0	0	533	
2	0	0	0	0	532	
3	0	0	0	0	529	
4	0	0	0	0	528	
5	0	0	0	0	526	
6	0	0	0	0	526	
7	0	0	0	0	524	
8	0	0	0	0	520	
9	0	0	0	0	517	
10	0	0	0	0	516	
11	0	0	0	0	514	
12	0	0	0	0	513	
13	0	0	0	0	512	
14	0	0	0	0	514	
15	0	0	0	0	514	
0	0	0	0	0	514	
1	0	0	0	0	514	
2	0	0	0	0	513	
3	0	0	0	0	513	
4	0	0	0	0	513	
5	0	0	0	0	512	
6	0	0	0	0	512	
7	0	0	0	0	512	
8	0	0	0	0	514	
9	0	0	0	0	515	
10	0	0	0	0	515	
11	0	0	0	0	515	
12	0	0	0	0	513	
13	0	0	0	0	514	
14	0	0	0	0	513	
15	0	0	0	0	512	
0	0	0	0	0	511	
1	0	0	0	0	508	
2	0	0	0	0	508	
3	0	0	0	0	506	
4	0	0	0	0	504	
5	0	0	0	0	504	
6	0	0	0	0	502	
7	0	0	0	0	503	
8	0	0	0	0	503	
9	0	0	0	0	502	
10	0	0	0	0	503	
11	0	0	0	0	505	
12	0	0	0	0	506	
13	0	0	0	0	506	
14	0	0	0	0	507	
15	0	0	0	0	508	
0	0	0	0	0	507	
1	0	0	0	0	508	
2	0	0	0	0	507	
3	0	0	0	0	507	
4	0	0	0	0	506	
5	0	0	0	0	506	
6	0	0	0	0	505	
7	0	0	0	0	505	
8	0	0	0	0	506	
9	0	0	0	0	507	
10	0	0	0	0	507	
11	0	0	0	0	508	
12	0	0	0	0	507	
13	0	0	0	0	507	
14	0	0	0	0	507	
15	0	0	0	0	506	
0	0	0	0	0	505	
1	0	0	0	0	505	
2	0	0	0	0	506	
3	0	0	0	0	506	
4	0	0	0	0	507	
5	0	0	0	0	508	
6	0	0	0	0	507	
7	0	0	0	0	505	
8	0	0	0	0	505	
9	0	0	0	0	504	
10	0	0	0	0	504	
11	0	0	0	0	505	
12	0	0	0	0	504	
13	0	0	0	0	504	
14	0	0	0	0	504	
15	0	0	0	0	504	
0	0	0	0	0	503	
1	0	0	0	0	501	
2	0	0	0	0	500	
3	0	0	0	0	499	
4	0	0	0	0	498	
5	0	0	0	0	495	
6	0	0	0	0	491	
7	0	0	0	0	489	
8	0	0	0	0	487	
9	0	0	0	0	488	
10	0	0	0	0	489	
11	0	0	0	0	491	
12	0	0	0	0	494	
13	0	0	0	0	497	
14	0	0	0	0	500	
15	0	0	0	0	505	
0	0	0	0	0	509	
1	0	0	0	0	515	
2	0	0	0	0	521	
3	0	0	0	0	528	
4	0	0	0	0	534	
5	0	0	0	0	542	
6	0	0	0	0	552	
7	0	0	0	0	562	
8	0	0	0	0	575	
9	0	0	0	0	589	
10	0	0	0	0	604	
11	0	0	0	0	622	
12	0	0	0	0	643	
13	0	0	0	0	668	
14	0	0	0	0	691	
15	0	0	0	0	714	
0	0	0	0	0	740	
1	0	0	0	0	768	
2	0	0	0	0	796	
3	0	0	0	0	823	
4	0	0	0	0	848	
5	0	0	0	0	871	
6	0	0	0	0	885	
7	0	0	0	0	895	
8	0	0	0	0	896	
9	0	0	0	0	892	
10	0	0	0	0	887	
11	0	0	0	0	877	
12	0	0	0	0	857	
13	0	0	0	0	832	
14	0	0	0	0	799	
15	0	0	0	0	760	
0	0	0	0	0	717	
1	0	0	0	0	675	
2	0	0	0	0	632	
3	0	0	0	0	588	
4	0	0	0	0	545	
5	0	0	0	0	502	
6	0	0	0	0	464	
7	0	0	0	0	428	
8	0	0	0	0	399	
9	0	0	0	0	381	
10	0	0	0	0	370	
11	0	0	0	0	369	
12	0	0	0	0	374	
13	0	0	0	0	383	
14	0	0	0	0	394	
15	0	0	0	0	403	
0	0	0	0	0	409	
1	0	0	0	0	414	
2	0	0	0	0	417	
3	0	0	0	0	420	
4	0	0	0	0	423	
5	0	0	0	0	427	
6	0	0	0	0	432	
7	0	0	0	0	435	
8	0	0	0	0	440	
9	0	0	0	0	443	
10	0	0	0	0	445	
11	0	0	0	0	448	
12	0	0	0	0	450	
13	0	0	0	0	452	
14	0	0	0	0	452	
15	0	0	0	0	453	
0	0	0	0	0	452	
1	0	0	0	0	451	
2	0	0	0	0	450	
3	0	0	0	0	448	
4	0	0	0	0	447	
5	0	0	0	0	447	
6	0	0	0	0	444	
7	0	0	0	0	444	
8	0	0	0	0	443	
9	0	0	0	0	442	
10	0	0	0	0	441	
11	0	0	0	0	441	
12	0	0	0	0	443	
13	0	0	0	0	444	
14	0	0	0	0	447	
15	0	0	0	0	448	
0	0	0	0	0	450	
1	0	0	0	0	451	
2	0	0	0	0	452	
3	0	0	0	0	454	
4	0	0	0	0	453	
5	0	0	0	0	453	
6	0	0	0	0	453	
7	0	0	0	0	454	
8	0	0	0	0	453	
9	0	0	0	0	452	
10	0	0	0	0	451	
11	0	0	0	0	451	
12	0	0	0	0	450	
13	0	0	0	0	450	
14	0	0	0	0	449	
15	0	0	0	0	449	
0	0	0	0	0	450	
1	0	0	0	0	451	
2	0	0	0	0	452	
3	0	0	0	0	454	
4	0	0	0	0	455	
5	0	0	0	0	458	
6	0	0	0	0	459	
7	0	0	0	0	461	
8	0	0	0	0	460	
9	0	0	0	0	459	
10	0	0	0	0	458	
11	0	0	0	0	457	
12	0	0	0	0	457	
13	0	0	0	0	458	
14	0	0	0	0	458	
15	0	0	0	0	455	
0	0	0	0	0	454	
1	0	0	0	0	453	
2	0	0	0	0	452	
3	0	0	0	0	452	
4	0	0	0	0	454	
5	0	0	0	0	455	
6	0	0	0	0	456	
7	0	0	0	0	455	
8	0	0	0	0	457	
9	0	0	0	0	458	
10	0	0	0	0	456	
11	0	0	0	0	456	
12	0	0	0	0	457	
13	0	0	0	0	458	
14	0	0	0	0	459	
15	0	0	0	0	460	
0	0	0	0	0	461	
1	0	0	0	0	461	
2	0	0	0	0	461	
3	0	0	0	0	463	
4	0	0	0	0	464	
5	0	0	0	0	466	
6	0	0	0	0	467	
7	0	0	0	0	468	
8	0	0	0	0	470	
9	0	0	0	0	471	
10	0	0	0	0	472	
11	0	0	0	0	474	
12	0	0	0	0	475	
13	0	0	0	0	478	
14	0	0	0	0	480	
15	0	0	0	0	482	
0	0	0	0	0	483	
1	0	0	0	0	482	
2	0	0	0	0	483	
3	0	0	0	0	483	
4	0	0	0	0	484	
5	0	0	0	0	486	
6	0	0	0	0	488	
7	0	0	0	0	489	
8	0	0	0	0	489	
9	0	0	0	0	491	
10	0	0	0	0	492	
11	0	0	0	0	492	
12	0	0	0	0	494	
13	0	0	0	0	495	
14	0	0	0	0	495	
15	0	0	0	0	493	
0	0	0	0	0	491	
1	0	0	0	0	489	
2	0	0	0	0	488	
3	0	0	0	0	492	
4	0	0	0	0	496	
5	0	0	0	0	501	
6	0	0	0	0	505	
7	0	0	0	0	507	
8	0	0	0	0	507	
9	0	0	0	0	505	
10	0	0	0	0	504	
11	0	0	0	0	506	
12	0	0	0	0	506	
13	0	0	0	0	508	
14	0	0	0	0	510	
15	0	0	0	0	509	
0	0	0	0	0	510	
1	0	0	0	0	510	
2	0	0	0	0	511	
3	0	0	0	0	512	
4	0	0	0	0	513	
5	0	0	0	0	515	
6	0	0	0	0	515	
7	0	0	0	0	516	
8	0	0	0	0	515	
9	0	0	0	0	514	
10	0	0	0	0	515	
11	0	0	0	0	516	
12	0	0	0	0	519	
13	0	0	0	0	522	
14	0	0	0	0	523	
15	0	0	0	0	522	
0	0	0	0	0	519	
1	0	0	0	0	519	
2	0	0	0	0	517	
3	0	0	0	0	516	
4	0	0	0	0	516	
5	0	0	0	0	515	
6	0	0	0	0	515	
7	0	0	0	0	515	
8	0	0	0	0	515	
9	0	0	0	0	516	
10	0	0	0	0	515	
11	0	0	0	0	515	
12	0	0	0	0	515	
13	0	0	0	0	514	
14	0	0	0	0	516	
15	0	0	0	0	516	
0	0	0	0	0	516	
1	0	0	0	0	517	
2	0	0	0	0	518	
3	0	0	0	0	520	
4	0	0	0	0	520	
5	0	0	0	0	521	
6	0	0	0	0	521	
7	0	0	0	0	522	
8	0	0	0	0	523	
9	0	0	0	0	523	
10	0	0	0	0	522	
11	0	0	0	0	519	
12	0	0	0	0	518	
13	0	0	0	0	516	
14	0	0	0	0	516	
15	0	0	0	0	516	
0	0	0	0	0	515	
1	0	0	0	0	513	
2	0	0	0	0	515	
3	0	0	0	0	517	
4	0	0	0	0	521	
5	0	0	0	0	525	
6	0	0	0	0	530	
7	0	0	0	0	535	
8	0	0	0	0	540	
9	0	0	0	0	546	
10	0	0	0	0	551	
11	0	0	0	0	553	
12	0	0	0	0	554	
13	0	0	0	0	554	
14	0	0	0	0	557	
15	0	0	0	0	560	
0	0	0	0	0	562	
1	0	0	0	0	562	
2	0	0	0	0	559	
3	0	0	0	0	557	
4	0	0	0	0	553	
5	0	0	0	0	550	
6	0	0	0	0	546	
7	0	0	0	0	544	
8	0	0	0	0	544	
9	0	0	0	0	543	
10	0	0	0	0	543	
11	0	0	0	0	543	
12	0	0	0	0	543	
13	0	0	0	0	543	
14	0	0	0	0	543	
15	0	0	0	0	543	
0	0	0	0	0	544	
1	0	0	0	0	544	
2	0	0	0	0	545	
3	0	0	0	0	547	
4	0	0	0	0	547	
5	0	0	0	0	547	
6	0	0	0	0	546	
7	0	0	0	0	546	
8	0	0	0	0	545	
9	0	0	0	0	545	
10	0	0	0	0	546	
11	0	0	0	0	546	
12	0	0	0	0	546	
13	0	0	0	0	547	
14	0	0	0	0	546	
15	0	0	0	0	546	
0	0	0	0	0	545	
1	0	0	0	0	545	
2	0	0	0	0	543	
3	0	0	0	0	540	
4	0	0	0	0	536	
5	0	0	0	0	531	
6	0	0	0	0	529	
7	0	0	0	0	527	
8	0	0	0	0	524	
9	0	0	0	0	523	
10	0	0	0	0	522	
11	0	0	0	0	522	
12	0	0	0	0	521	
13	0	0	0	0	519	
14	0	0	0	0	518	
15	0	0	0	0	515	
0	0	0	0	0	511	
1	0	0	0	0	508	
2	0	0	0	0	504	
3	0	0	0	0	501	
4	0	0	0	0	496	
5	0	0	0	0	492	
6	0	0	0	0	488	
7	0	0	0	0	487	
8	0	0	0	0	487	
9	0	0	0	0	485	
10	0	0	0	0	483	
11	0	0	0	0	483	
12	0	0	0	0	480	
13	0	0	0	0	478	
14	0	0	0	0	474	
15	0	0	0	0	471	
0	0	0	0	0	469	
1	0	0	0	0	467	
2	0	0	0	0	466	
3	0	0	0	0	464	
4	0	0	0	0	462	
5	0	0	0	0	460	
6	0	0	0	0	459	
7	0	0	0	0	456	
8	0	0	0	0	452	
9	0	0	0	0	449	
10	0	0	0	0	444	
11	0	0	0	0	438	
12	0	0	0	0	435	
13	0	0	0	0	437	
14	0	0	0	0	443	
15	0	0	0	0	449	
0	0	0	0	0	452	
1	0	0	0	0	454	
2	0	0	0	0	454	
3	0	0	0	0	453	
4	0	0	0	0	452	
5	0	0	0	0	450	
6	0	0	0	0	449	
7	0	0	0	0	449	
8	0	0	0	0	453	
9	0	0	0	0	459	
10	0	0	0	0	464	
11	0	0	0	0	467	
12	0	0	0	0	467	
13	0	0	0	0	465	
14	0	0	0	0	466	
15	0	0	0	0	463	
0	0	0	0	0	458	
1	0	0	0	0	452	
2	0	0	0	0	449	
3	0	0	0	0	446	
4	0	0	0	0	443	
5	0	0	0	0	441	
6	0	0	0	0	436	
7	0	0	0	0	434	
8	0	0	0	0	431	
9	0	0	0	0	426	
10	0	0	0	0	424	
11	0	0	0	0	423	
12	0	0	0	0	425	
13	0	0	0	0	428	
14	0	0	0	0	431	
15	0	0	0	0	432	
0	0	0	0	0	433	
1	0	0	0	0	434	
2	0	0	0	0	435	
3	0	0	0	0	434	
4	0	0	0	0	434	
5	0	0	0	0	433	
6	0	0	0	0	435	
7	0	0	0	0	438	
8	0	0	0	0	441	
9	0	0	0	0	443	
10	0	0	0	0	445	
11	0	0	0	0	448	
12	0	0	0	0	450	
13	0	0	0	0	453	
14	0	0	0	0	457	
15	0	0	0	0	457	
0	0	0	0	0	457	
1	0	0	0	0	454	
2	0	0	0	0	451	
3	0	0	0	0	447	
4	0	0	0	0	441	
5	0	0	0	0	440	
6	0	0	0	0	440	
7	0	0	0	0	446	
8	0	0	0	0	452	
9	0	0	0	0	457	
10	0	0	0	0	461	
11	0	0	0	0	464	
12	0	0	0	0	467	
13	0	0	0	0	469	
14	0	0	0	0	471	
15	0	0	0	0	472	
0	0	0	0	0	472	
1	0	0	0	0	471	
2	0	0	0	0	469	
3	0	0	0	0	468	
4	0	0	0	0	467	
5	0	0	0	0	465	
6	0	0	0	0	465	
7	0	0	0	0	464	
8	0	0	0	0	461	
9	0	0	0	0	459	
10	0	0	0	0	459	
11	0	0	0	0	458	
12	0	0	0	0	458	
13	0	0	0	0	459	
14	0	0	0	0	460	
15	0	0	0	0	463	
0	0	0	0	0	464	
1	0	0	0	0	465	
2	0	0	0	0	467	
3	0	0	0	0	469	
4	0	0	0	0	472	
5	0	0	0	0	477	
6	0	0	0	0	480	
7	0	0	0	0	483	
8	0	0	0	0	486	
9	0	0	0	0	485	
10	0	0	0	0	482	
11	0	0	0	0	480	
12	0	0	0	0	480	
13	0	0	0	0	486	
14	0	0	0	0	492	
15	0	0	0	0	494	
0	0	0	0	0	494	
1	0	0	0	0	496	
2	0	0	0	0	495	
3	0	0	0	0	491	
4	0	0	0	0	484	
5	0	0	0	0	481	
6	0	0	0	0	479	
7	0	0	0	0	480	
8	0	0	0	0	484	
9	0	0	0	0	487	
10	0	0	0	0	492	
11	0	0	0	0	496	
12	0	0	0	0	498	
13	0	0	0	0	496	
14	0	0	0	0	489	
15	0	0	0	0	483	
0	0	0	0	0	477	
1	0	0	0	0	477	
2	0	0	0	0	479	
3	0	0	0	0	481	
4	0	0	0	0	483	
5	0	0	0	0	484	
6	0	0	0	0	486	
7	0	0	0	0	487	
8	0	0	0	0	486	
9	0	0	0	0	484	
10	0	0	0	0	484	
11	0	0	0	0	485	
12	0	0	0	0	484	
13	0	0	0	0	482	
14	0	0	0	0	481	
15	0	0	0	0	480	
0	0	0	0	0	479	
1	0	0	0	0	476	
2	0	0	0	0	472	
3	0	0	0	0	474	
4	0	0	0	0	476	
5	0	0	0	0	478	
6	0	0	0	0	480	
7	0	0	0	0	484	
8	0	0	0	0	487	
9	0	0	0	0	485	
10	0	0	0	0	487	
11	0	0	0	0	491	
12	0	0	0	0	497	
13	0	0	0	0	503	
14	0	0	0	0	506	
15	0	0	0	0	509	
0	0	0	0	0	509	
1	0	0	0	0	510	
2	0	0	0	0	510	
3	0	0	0	0	508	
4	0	0	0	0	508	
5	0	0	0	0	511	
6	0	0	0	0	512	
7	0	0	0	0	510	
8	0	0	0	0	505	
9	0	0	0	0	504	
10	0	0	0	0	501	
11	0	0	0	0	497	
12	0	0	0	0	497	
13	0	0	0	0	497	
14	0	0	0	0	495	
15	0	0	0	0	491	
0	0	0	0	0	487	
1	0	0	0	0	486	
2	0	0	0	0	486	
3	0	0	0	0	485	
4	0	0	0	0	483	
5	0	0	0	0	485	
6	0	0	0	0	489	
7	0	0	0	0	493	
8	0	0	0	0	498	
9	0	0	0	0	500	
10	0	0	0	0	498	
11	0	0	0	0	496	
12	0	0	0	0	496	
13	0	0	0	0	495	
14	0	0	0	0	494	
15	0	0	0	0	492	
0	0	0	0	0	491	
1	0	0	0	0	487	
2	0	0	0	0	486	
3	0	0	0	0	483	
4	0	0	0	0	478	
5	0	0	0	0	476	
6	0	0	0	0	476	
7	0	0	0	0	474	
8	0	0	0	0	472	
9	0	0	0	0	473	
10	0	0	0	0	475	
11	0	0	0	0	475	
12	0	0	0	0	476	
13	0	0	0	0	478	
14	0	0	0	0	480	
15	0	0	0	0	482	
0	0	0	0	0	485	
1	0	0	0	0	489	
2	0	0	0	0	494	
3	0	0	0	0	496	
4	0	0	0	0	498	
5	0	0	0	0	498	
6	0	0	0	0	500	
7	0	0	0	0	501	
8	0	0	0	0	502	
9	0	0	0	0	502	
10	0	0	0	0	501	
11	0	0	0	0	497	
12	0	0	0	0	491	
13	0	0	0	0	487	
14	0	0	0	0	487	
15	0	0	0	0	490	
0	0	0	0	0	493	
1	0	0	0	0	496	
2	0	0	0	0	498	
3	0	0	0	0	499	
4	0	0	0	0	501	
5	0	0	0	0	501	
6	0	0	0	0	502	
7	0	0	0	0	502	
8	0	0	0	0	502	
9	0	0	0	0	498	
10	0	0	0	0	499	
11	0	0	0	0	500	
12	0	0	0	0	504	
13	0	0	0	0	507	
14	0	0	0	0	508	
15	0	0	0	0	506	
0	0	0	0	0	505	
1	0	0	0	0	505	
2	0	0	0	0	507	
3	0	0	0	0	506	
4	0	0	0	0	507	
5	0	0	0	0	508	
6	0	0	0	0	507	
7	0	0	0	0	508	
8	0	0	0	0	512	
9	0	0	0	0	519	
10	0	0	0	0	526	
11	0	0	0	0	528	
12	0	0	0	0	530	
13	0	0	0	0	529	
14	0	0	0	0	527	
15	0	0	0	0	526	
0	0	0	0	0	528	
1	0	0	0	0	530	
2	0	0	0	0	527	
3	0	0	0	0	523	
4	0	0	0	0	517	
5	0	0	0	0	511	
6	0	0	0	0	504	
7	0	0	0	0	498	
8	0	0	0	0	494	
9	0	0	0	0	494	
10	0	0	0	0	493	
11	0	0	0	0	494	
12	0	0	0	0	494	
13	0	0	0	0	494	
14	0	0	0	0	491	
15	0	0	0	0	491	
0	0	0	0	0	493	
1	0	0	0	0	499	
2	0	0	0	0	504	
3	0	0	0	0	504	
4	0	0	0	0	504	
5	0	0	0	0	506	
6	0	0	0	0	507	
7	0	0	0	0	510	
8	0	0	0	0	511	
9	0	0	0	0	511	
10	0	0	0	0	508	
11	0	0	0	0	505	
12	0	0	0	0	501	
13	0	0	0	0	500	
14	0	0	0	0	501	
15	0	0	0	0	505	
0	0	0	0	0	510	
1	0	0	0	0	513	
2	0	0	0	0	515	
3	0	0	0	0	517	
4	0	0	0	0	522	
5	0	0	0	0	529	
6	0	0	0	0	533	
7	0	0	0	0	535	
8	0	0	0	0	536	
9	0	0	0	0	539	
10	0	0	0	0	539	
11	0	0	0	0	540	
12	0	0	0	0	539	
13	0	0	0	0	536	
14	0	0	0	0	536	
15	0	0	0	0	537	
0	0	0	0	0	539	
1	0	0	0	0	540	
2	0	0	0	0	542	
3	0	0	0	0	542	
4	0	0	0	0	538	
5	0	0	0	0	534	
6	0	0	0	0	531	
7	0	0	0	0	526	
8	0	0	0	0	521	
9	0	0	0	0	520	
10	0	0	0	0	524	
11	0	0	0	0	527	
12	0	0	0	0	529	
13	0	0	0	0	531	
14	0	0	0	0	529	
15	0	0	0	0	527	
0	0	0	0	0	526	
1	0	0	0	0	527	
2	0	0	0	0	530	
3	0	0	0	0	531	
4	0	0	0	0	535	
5	0	0	0	0	538	
6	0	0	0	0	540	
7	0	0	0	0	544	
8	0	0	0	0	546	
9	0	0	0	0	548	
10	0	0	0	0	550	
11	0	0	0	0	550	
12	0	0	0	0	550	
13	0	0	0	0	550	
14	0	0	0	0	547	
15	0	0	0	0	543	
0	0	0	0	0	541	
1	0	0	0	0	537	
2	0	0	0	0	530	
3	0	0	0	0	525	
4	0	0	0	0	523	
5	0	0	0	0	524	
6	0	0	0	0	526	
7	0	0	0	0	525	
8	0	0	0	0	523	
9	0	0	0	0	519	
10	0	0	0	0	515	
11	0	0	0	0	510	
12	0	0	0	0	507	
13	0	0	0	0	503	
14	0	0	0	0	499	
15	0	0	0	0	495	
0	0	0	0	0	494	
1	0	0	0	0	496	
2	0	0	0	0	499	
3	0	0	0	0	502	
4	0	0	0	0	504	
5	0	0	0	0	507	
6	0	0	0	0	505	
7	0	0	0	0	507	
8	0	0	0	0	512	
9	0	0	0	0	516	
10	0	0	0	0	519	
11	0	0	0	0	518	
12	0	0	0	0	518	
13	0	0	0	0	518	
14	0	0	0	0	517	
15	0	0	0	0	515	
0	0	0	0	0	513	
1	0	0	0	0	515	
2	0	0	0	0	517	
3	0	0	0	0	520	
4	0	0	0	0	524	
5	0	0	0	0	525	
6	0	0	0	0	526	
7	0	0	0	0	524	
8	0	0	0	0	523	
9	0	0	0	0	519	
10	0	0	0	0	516	
11	0	0	0	0	514	
12	0	0	0	0	513	
13	0	0	0	0	511	
14	0	0	0	0	509	
15	0	0	0	0	507	
0	0	0	0	0	502	
1	0	0	0	0	498	
2	0	0	0	0	496	
3	0	0	0	0	495	
4	0	0	0	0	496	
5	0	0	0	0	499	
6	0	0	0	0	502	
7	0	0	0	0	504	
8	0	0	0	0	505	
9	0	0	0	0	506	
10	0	0	0	0	507	
11	0	0	0	0	510	
12	0	0	0	0	514	
13	0	0	0	0	516	
14	0	0	0	0	514	
15	0	0	0	0	511	
0	0	0	0	0	510	
1	0	0	0	0	513	
2	0	0	0	0	516	
3	0	0	0	0	518	
4	0	0	0	0	521	
5	0	0	0	0	521	
6	0	0	0	0	519	
7	0	0	0	0	517	
8	0	0	0	0	513	
9	0	0	0	0	512	
10	0	0	0	0	513	
11	0	0	0	0	514	
12	0	0	0	0	516	
13	0	0	0	0	516	
14	0	0	0	0	516	
15	0	0	0	0	514	
0	0	0	0	0	512	
1	0	0	0	0	511	
